{
  "type": "chart",
  "params": {
    "datasetSmartName": "elo_results_post_Div_Rd",
    "engineType": "LINO",
    "refreshableSelection": {
      "selection": {
        "useMemTable": false,
        "filter": {
          "distinct": false,
          "enabled": false
        },
        "partitionSelectionMethod": "ALL",
        "latestPartitionsN": 1,
        "ordering": {
          "enabled": false,
          "rules": []
        },
        "samplingMethod": "HEAD_SEQUENTIAL",
        "maxRecords": 10000,
        "targetRatio": 0.02,
        "withinFirstN": -1,
        "maxReadUncompressedBytes": -1
      },
      "autoRefreshSample": false,
      "_refreshTrigger": 0
    },
    "def": {
      "type": "pivot_table",
      "variant": "normal",
      "name": "Avg of rating by team",
      "userEditedName": false,
      "genericDimension0": [],
      "genericDimension1": [],
      "facetDimension": [],
      "animationDimension": [],
      "genericMeasures": [
        {
          "column": "rating",
          "function": "AVG",
          "type": "NUMERICAL",
          "displayed": true,
          "isA": "measure",
          "displayAxis": "axis1",
          "displayType": "column",
          "computeMode": "NORMAL",
          "computeModeDim": 0,
          "multiplier": "Auto",
          "showDisplayLabel": true,
          "labelPosition": "BOTTOM",
          "colorRules": []
        }
      ],
      "xDimension": [],
      "yDimension": [
        {
          "column": "team",
          "type": "ALPHANUM",
          "numParams": {
            "emptyBinsMode": "ZEROS"
          },
          "maxValues": 50,
          "generateOthersCategory": false,
          "oneTickPerBin": false,
          "filters": [],
          "isA": "dimension",
          "possibleSorts": [
            {
              "type": "NATURAL",
              "label": "Natural ordering",
              "sortAscending": true,
              "$$hashKey": "object:19024"
            },
            {
              "type": "AGGREGATION",
              "measureIdx": 0,
              "label": "Average of rating, descending",
              "$$hashKey": "object:19023"
            },
            {
              "type": "AGGREGATION",
              "measureIdx": 0,
              "label": "Average of rating, ascending",
              "sortAscending": true,
              "$$hashKey": "object:19025"
            }
          ],
          "sort": {
            "type": "AGGREGATION",
            "measureIdx": 0,
            "label": "Average of rating, descending",
            "$$hashKey": "object:19023"
          },
          "showDimensionValuesInChart": true
        }
      ],
      "uaXDimension": [],
      "uaYDimension": [],
      "uaSize": [],
      "uaShape": [],
      "uaColor": [],
      "uaTooltip": [],
      "groupDimension": [],
      "xMeasure": [],
      "yMeasure": [],
      "colorMeasure": [],
      "sizeMeasure": [],
      "geometry": [],
      "geoLayers": [
        {
          "geometry": [],
          "colorOptions": {
            "singleColor": "#2678B1",
            "transparency": 0.75,
            "colorPalette": "default",
            "ccScaleMode": "NORMAL",
            "customPalette": {
              "id": "__dku_custom__",
              "name": "Custom Palette",
              "colors": [],
              "values": [],
              "fixedValues": false
            },
            "paletteType": "CONTINUOUS",
            "quantizationMode": "NONE",
            "numQuantizeSteps": 5,
            "paletteMiddleValue": 0.0,
            "customColors": {},
            "heatDensityMapIntensity": 0.5,
            "heatDensityMapRadius": 0.5
          },
          "uaColor": []
        }
      ],
      "tooltipMeasures": [],
      "boxplotBreakdownDim": [],
      "boxplotValue": [],
      "filters": [],
      "axis1LogScale": false,
      "axis2LogScale": false,
      "includeZero": true,
      "smoothing": true,
      "showLegend": true,
      "showXAxis": false,
      "showInChartValues": false,
      "showInChartLabels": true,
      "strokeWidth": 2,
      "fillOpacity": 0.6,
      "showXAxisLabel": true,
      "showYAxisLabel": true,
      "yAxisNumberFormattingOptions": {
        "multiplier": "Auto",
        "prefix": "",
        "suffix": ""
      },
      "xAxisNumberFormattingOptions": {
        "multiplier": "Auto",
        "prefix": "",
        "suffix": ""
      },
      "displayXAxis": true,
      "displayYAxis": true,
      "hexbinRadius": 20,
      "hexbinNumber": 20,
      "hexbinRadiusMode": "NUM_HEXAGONS",
      "yCustomExtent": {
        "editMode": "AUTO",
        "manualExtent": [
          null,
          null
        ]
      },
      "xCustomExtent": {
        "editMode": "AUTO",
        "manualExtent": [
          null,
          null
        ]
      },
      "chartHeight": 200,
      "singleXAxis": true,
      "multiTooltips": false,
      "animationFrameDuration": 3000,
      "animationRepeat": true,
      "colorOptions": {
        "singleColor": "#2678B1",
        "transparency": 0.75,
        "colorPalette": "default",
        "ccScaleMode": "NORMAL",
        "customPalette": {
          "id": "__dku_custom__",
          "name": "Custom Palette",
          "colors": [],
          "values": [],
          "fixedValues": false
        },
        "paletteType": "CONTINUOUS",
        "quantizationMode": "NONE",
        "numQuantizeSteps": 5,
        "paletteMiddleValue": 0.0,
        "customColors": {},
        "heatDensityMapIntensity": 0.5,
        "heatDensityMapRadius": 0.5
      },
      "bubblesOptions": {
        "defaultRadius": 5.0,
        "singleShape": "FILLED_CIRCLE"
      },
      "computeMode": "NORMAL",
      "xAxisMode": "NORMAL",
      "yAxisMode": "NORMAL",
      "pieOptions": {
        "donutHoleSize": 54.0
      },
      "scatterOptions": {
        "equalScales": false,
        "identityLine": false
      },
      "mapOptions": {
        "tilesLayer": "cartodb-positron",
        "lockSquareGrid": false
      },
      "mapGridOptions": {
        "gridLonDeg": 0.5,
        "gridLatDeg": 0.5
      },
      "disableSafetyLimits": false,
      "useLiveProcessingIfAvailable": true,
      "legendPlacement": "OUTER_RIGHT",
      "pivotMeasureDisplayMode": "ROWS",
      "pivotDisplayTotals": {
        "subTotals": {
          "rows": true,
          "columns": true
        },
        "grandTotal": {
          "row": true,
          "column": true
        }
      }
    },
    "maxDataBytes": 157286400
  },
  "owner": "admin",
  "listed": false,
  "name": "Avg of rating by team on elo_results",
  "dashboardCreationId": "nn5H8Ze",
  "versionTag": {
    "versionNumber": 1,
    "lastModifiedBy": {
      "login": "jjorgenson"
    },
    "lastModifiedOn": 1675308896014
  },
  "creationTag": {
    "versionNumber": 0,
    "lastModifiedBy": {
      "login": "admin"
    },
    "lastModifiedOn": 1671746460636
  },
  "tags": [],
  "customFields": {},
  "checklists": {
    "checklists": []
  }
}