{
    "startedAt": 1670856749083,
    "gridSize": 2,
    "nThreads": 4,
    "nSplits": 5,
    "metric": "ROC_AUC",
    "timeout": null,
    "gridPoints": [
        {
            "finishedAt": 1670856750687,
            "score": 0.7865721859911095,
            "testScoreGibMean": 0.7865721859911095,
            "testScoreMean": 0.7865721859911095,
            "testScoreStd": 0.021089827948882086,
            "trainScoreMean": 0.9484181105598558,
            "trainScoreStd": 0.004036130525491438,
            "time": 5013,
            "fitTimeMean": 780.2,
            "fitTimeStd": 160.56948651596292,
            "scoreTimeMean": 222.4,
            "scoreTimeStd": 108.8,
            "parameters": {
                "max_depth": 6,
                "max_features": "auto",
                "min_samples_leaf": 1,
                "n_estimators": 100,
                "min_samples_split": 3
            }
        },
        {
            "finishedAt": 1670856751261,
            "score": 0.7851763008763337,
            "testScoreGibMean": 0.7851763008763337,
            "testScoreMean": 0.7851763008763337,
            "testScoreStd": 0.015386465762455217,
            "trainScoreMean": 0.9999548878271648,
            "trainScoreStd": 7.611948893708568e-05,
            "time": 3180,
            "fitTimeMean": 515.0,
            "fitTimeStd": 149.24744553927883,
            "scoreTimeMean": 121.0,
            "scoreTimeStd": 69.67639485507269,
            "parameters": {
                "max_depth": 14,
                "max_features": "auto",
                "min_samples_leaf": 1,
                "n_estimators": 100,
                "min_samples_split": 3
            }
        }
    ]
}