[
    {
        "test_score_gib": 0.8033751962323391,
        "train_score": 0.9480523313004132,
        "test_score": 0.8033751962323391,
        "num_samples": 261,
        "fit_time": 844,
        "score_time": 25,
        "time": 869,
        "parameters": {
            "max_depth": 6,
            "max_features": "auto",
            "min_samples_leaf": 1,
            "n_estimators": 100,
            "min_samples_split": 3
        },
        "done_at": 1670856749955,
        "split_id": 0
    },
    {
        "test_score_gib": 0.7952904238618524,
        "train_score": 0.9507131615187882,
        "test_score": 0.7952904238618524,
        "num_samples": 261,
        "fit_time": 882,
        "score_time": 354,
        "time": 1236,
        "parameters": {
            "max_depth": 6,
            "max_features": "auto",
            "min_samples_leaf": 1,
            "n_estimators": 100,
            "min_samples_split": 3
        },
        "done_at": 1670856750333,
        "split_id": 1
    },
    {
        "test_score_gib": 0.7983516483516484,
        "train_score": 0.9417224080267558,
        "test_score": 0.7983516483516484,
        "num_samples": 261,
        "fit_time": 858,
        "score_time": 245,
        "time": 1103,
        "parameters": {
            "max_depth": 6,
            "max_features": "auto",
            "min_samples_leaf": 1,
            "n_estimators": 100,
            "min_samples_split": 3
        },
        "done_at": 1670856750223,
        "split_id": 2
    },
    {
        "test_score_gib": 0.7905325443786982,
        "train_score": 0.9539542194714609,
        "test_score": 0.7905325443786982,
        "num_samples": 260,
        "fit_time": 857,
        "score_time": 217,
        "time": 1074,
        "parameters": {
            "max_depth": 6,
            "max_features": "auto",
            "min_samples_leaf": 1,
            "n_estimators": 100,
            "min_samples_split": 3
        },
        "done_at": 1670856750212,
        "split_id": 3
    },
    {
        "test_score_gib": 0.7451676528599607,
        "train_score": 0.9476667649081443,
        "test_score": 0.7451676528599607,
        "num_samples": 260,
        "fit_time": 460,
        "score_time": 271,
        "time": 731,
        "parameters": {
            "max_depth": 6,
            "max_features": "auto",
            "min_samples_leaf": 1,
            "n_estimators": 100,
            "min_samples_split": 3
        },
        "done_at": 1670856750687,
        "split_id": 4
    },
    {
        "test_score_gib": 0.7930141287284145,
        "train_score": 0.9999754082234901,
        "test_score": 0.7930141287284145,
        "num_samples": 261,
        "fit_time": 667,
        "score_time": 203,
        "time": 870,
        "parameters": {
            "max_depth": 14,
            "max_features": "auto",
            "min_samples_leaf": 1,
            "n_estimators": 100,
            "min_samples_split": 3
        },
        "done_at": 1670856751086,
        "split_id": 0
    },
    {
        "test_score_gib": 0.7905023547880691,
        "train_score": 1.0,
        "test_score": 0.7905023547880691,
        "num_samples": 261,
        "fit_time": 595,
        "score_time": 137,
        "time": 732,
        "parameters": {
            "max_depth": 14,
            "max_features": "auto",
            "min_samples_leaf": 1,
            "n_estimators": 100,
            "min_samples_split": 3
        },
        "done_at": 1670856750980,
        "split_id": 1
    },
    {
        "test_score_gib": 0.7930926216640503,
        "train_score": 1.0,
        "test_score": 0.7930926216640503,
        "num_samples": 261,
        "fit_time": 606,
        "score_time": 184,
        "time": 790,
        "parameters": {
            "max_depth": 14,
            "max_features": "auto",
            "min_samples_leaf": 1,
            "n_estimators": 100,
            "min_samples_split": 3
        },
        "done_at": 1670856751127,
        "split_id": 2
    },
    {
        "test_score_gib": 0.7947140039447731,
        "train_score": 0.9999950879261224,
        "test_score": 0.7947140039447731,
        "num_samples": 260,
        "fit_time": 457,
        "score_time": 54,
        "time": 511,
        "parameters": {
            "max_depth": 14,
            "max_features": "auto",
            "min_samples_leaf": 1,
            "n_estimators": 100,
            "min_samples_split": 3
        },
        "done_at": 1670856751202,
        "split_id": 3
    },
    {
        "test_score_gib": 0.7544773175542405,
        "train_score": 0.9998035170448963,
        "test_score": 0.7544773175542405,
        "num_samples": 260,
        "fit_time": 250,
        "score_time": 27,
        "time": 277,
        "parameters": {
            "max_depth": 14,
            "max_features": "auto",
            "min_samples_leaf": 1,
            "n_estimators": 100,
            "min_samples_split": 3
        },
        "done_at": 1670856751261,
        "split_id": 4
    }
]