{
  "state": "DONE",
  "preSearchDescription": {
    "gridLength": 2,
    "searchStrategy": "GRID",
    "importantParams": [
      {
        "name": "trees",
        "vals": [
          "100"
        ]
      },
      {
        "name": "depth",
        "vals": [
          "6",
          "14"
        ]
      },
      {
        "name": "min_samples",
        "vals": [
          "1"
        ]
      }
    ]
  },
  "postSearchDescription": {
    "importantParams": [
      {
        "name": "trees",
        "val": "100"
      },
      {
        "name": "depth",
        "val": "6"
      },
      {
        "name": "min_samples",
        "val": "1"
      }
    ]
  },
  "resumed": false,
  "timeOrderingEnabled": false,
  "sampleWeightsEnabled": false,
  "modelId": "m1",
  "progress": {
    "top_level_todo": [],
    "stack": [],
    "top_level_done": [
      {
        "name": "Loading train set",
        "time": 17
      },
      {
        "name": "Loading test set",
        "time": 7
      },
      {
        "name": "Collecting statistics",
        "time": 18
      },
      {
        "name": "Preprocessing train set",
        "time": 44
      },
      {
        "name": "Preprocessing test set",
        "time": 30
      },
      {
        "name": "Hyperparameter searching",
        "time": 3033
      },
      {
        "name": "Fitting model",
        "time": 347
      },
      {
        "name": "Saving model",
        "time": 45
      },
      {
        "name": "Scoring model",
        "time": 789
      },
      {
        "name": "Preparing explainability",
        "time": 208
      }
    ]
  },
  "startTime": 1670856748941,
  "endTime": 1670856753481,
  "preprocessingTime": 118,
  "trainingTime": 4422,
  "hyperparamsSearchTime": 3033,
  "pythonVersion": "3.6.8"
}