{
    "metrics": {},
    "processed_feature_names": null,
    "tiMetrics": {
        "auc": 0.9772727272727273,
        "logLoss": 0.46829015769062593,
        "lift": 1.3636363636363638,
        "calibrationLoss": 0.2991725444989596
    },
    "probaPercentiles": [
        0.37385708646316307,
        0.37412077710745417,
        0.3743844677517454,
        0.3746481583960365,
        0.3749118490403276,
        0.37517553968461875,
        0.3754392303289099,
        0.37805880085945365,
        0.3810710180377061,
        0.38408323521595855,
        0.38709545239421106,
        0.39010766957246357,
        0.39311988675071596,
        0.39613210392896847,
        0.39914942235883777,
        0.40216878128935385,
        0.40518814021986993,
        0.40820749915038596,
        0.41122685808090204,
        0.41424621701141806,
        0.4172655759419341,
        0.41886218974781786,
        0.4193917447102274,
        0.4199212996726369,
        0.4204508546350464,
        0.4209804095974559,
        0.42150996455986545,
        0.4220395195222749,
        0.4223545663471326,
        0.42238360232192107,
        0.42241263829670966,
        0.42244167427149815,
        0.4224707102462867,
        0.4224997462210752,
        0.4225287821958637,
        0.42571023510624656,
        0.43677273035561526,
        0.447835225604984,
        0.45889772085435265,
        0.4699602161037214,
        0.48102271135309,
        0.49208520660245875,
        0.501774393596581,
        0.5032237310592254,
        0.5046730685218696,
        0.5061224059845137,
        0.507571743447158,
        0.5090210809098021,
        0.5104704183724464,
        0.5119197558350906,
        0.5151578616252941,
        0.5183959674154976,
        0.5216340732057011,
        0.5248721789959045,
        0.5281102847861081,
        0.5313483905763116,
        0.5345864963665151,
        0.5545399832554402,
        0.5772793669941525,
        0.6000187507328647,
        0.6227581344715768,
        0.6454975182102891,
        0.6682369019490013,
        0.6909762856877137,
        0.7014448691831237,
        0.7070051325812129,
        0.7125653959793022,
        0.7181256593773915,
        0.7236859227754807,
        0.72924618617357,
        0.7348064495716592,
        0.7375911342073361,
        0.7382941347712039,
        0.7389971353350715,
        0.7397001358989392,
        0.740403136462807,
        0.7411061370266746,
        0.7418091375905423,
        0.7497501330718116,
        0.7673417884429498,
        0.7849334438140876,
        0.8025250991852255,
        0.8201167545563635,
        0.8377084099275016,
        0.8553000652986397,
        0.8690137235875712,
        0.8730323891709864,
        0.8770510547544014,
        0.8810697203378166,
        0.8850883859212317,
        0.8891070515046468,
        0.8931257170880619,
        0.8967424439425326,
        0.8979475384233365,
        0.8991526329041405,
        0.9003577273849446,
        0.9015628218657485,
        0.9027679163465524,
        0.9039730108273565
    ],
    "perCutData": {
        "cut": [
            0,
            0.025,
            0.05,
            0.075,
            0.1,
            0.125,
            0.15,
            0.175,
            0.2,
            0.225,
            0.25,
            0.275,
            0.3,
            0.325,
            0.35,
            0.375,
            0.4,
            0.425,
            0.45,
            0.475,
            0.5,
            0.525,
            0.55,
            0.575,
            0.6,
            0.625,
            0.65,
            0.675,
            0.7,
            0.725,
            0.75,
            0.775,
            0.8,
            0.825,
            0.85,
            0.875,
            0.9,
            0.925,
            0.95,
            0.975
        ],
        "tp": [
            11,
            11,
            11,
            11,
            11,
            11,
            11,
            11,
            11,
            11,
            11,
            11,
            11,
            11,
            11,
            11,
            11,
            9,
            9,
            9,
            9,
            7,
            6,
            6,
            6,
            6,
            6,
            6,
            5,
            5,
            3,
            3,
            3,
            3,
            3,
            2,
            1,
            0,
            0,
            0
        ],
        "tn": [
            0,
            0,
            0,
            0,
            0,
            0,
            0,
            0,
            0,
            0,
            0,
            0,
            0,
            0,
            0,
            1,
            3,
            4,
            4,
            4,
            4,
            4,
            4,
            4,
            4,
            4,
            4,
            4,
            4,
            4,
            4,
            4,
            4,
            4,
            4,
            4,
            4,
            4,
            4,
            4
        ],
        "fp": [
            4,
            4,
            4,
            4,
            4,
            4,
            4,
            4,
            4,
            4,
            4,
            4,
            4,
            4,
            4,
            3,
            1,
            0,
            0,
            0,
            0,
            0,
            0,
            0,
            0,
            0,
            0,
            0,
            0,
            0,
            0,
            0,
            0,
            0,
            0,
            0,
            0,
            0,
            0,
            0
        ],
        "fn": [
            0,
            0,
            0,
            0,
            0,
            0,
            0,
            0,
            0,
            0,
            0,
            0,
            0,
            0,
            0,
            0,
            0,
            2,
            2,
            2,
            2,
            4,
            5,
            5,
            5,
            5,
            5,
            5,
            6,
            6,
            8,
            8,
            8,
            8,
            8,
            9,
            10,
            11,
            11,
            11
        ],
        "precision": [
            0.7333333333333333,
            0.7333333333333333,
            0.7333333333333333,
            0.7333333333333333,
            0.7333333333333333,
            0.7333333333333333,
            0.7333333333333333,
            0.7333333333333333,
            0.7333333333333333,
            0.7333333333333333,
            0.7333333333333333,
            0.7333333333333333,
            0.7333333333333333,
            0.7333333333333333,
            0.7333333333333333,
            0.7857142857142857,
            0.9166666666666666,
            1.0,
            1.0,
            1.0,
            1.0,
            1.0,
            1.0,
            1.0,
            1.0,
            1.0,
            1.0,
            1.0,
            1.0,
            1.0,
            1.0,
            1.0,
            1.0,
            1.0,
            1.0,
            1.0,
            1.0,
            1.0,
            1.0,
            1.0
        ],
        "recall": [
            1.0,
            1.0,
            1.0,
            1.0,
            1.0,
            1.0,
            1.0,
            1.0,
            1.0,
            1.0,
            1.0,
            1.0,
            1.0,
            1.0,
            1.0,
            1.0,
            1.0,
            0.8181818181818182,
            0.8181818181818182,
            0.8181818181818182,
            0.8181818181818182,
            0.6363636363636364,
            0.5454545454545454,
            0.5454545454545454,
            0.5454545454545454,
            0.5454545454545454,
            0.5454545454545454,
            0.5454545454545454,
            0.45454545454545453,
            0.45454545454545453,
            0.2727272727272727,
            0.2727272727272727,
            0.2727272727272727,
            0.2727272727272727,
            0.2727272727272727,
            0.18181818181818182,
            0.09090909090909091,
            0.0,
            0.0,
            0.0
        ],
        "accuracy": [
            0.7333333333333333,
            0.7333333333333333,
            0.7333333333333333,
            0.7333333333333333,
            0.7333333333333333,
            0.7333333333333333,
            0.7333333333333333,
            0.7333333333333333,
            0.7333333333333333,
            0.7333333333333333,
            0.7333333333333333,
            0.7333333333333333,
            0.7333333333333333,
            0.7333333333333333,
            0.7333333333333333,
            0.8,
            0.9333333333333333,
            0.8666666666666667,
            0.8666666666666667,
            0.8666666666666667,
            0.8666666666666667,
            0.7333333333333333,
            0.6666666666666666,
            0.6666666666666666,
            0.6666666666666666,
            0.6666666666666666,
            0.6666666666666666,
            0.6666666666666666,
            0.6,
            0.6,
            0.4666666666666667,
            0.4666666666666667,
            0.4666666666666667,
            0.4666666666666667,
            0.4666666666666667,
            0.4,
            0.3333333333333333,
            0.26666666666666666,
            0.26666666666666666,
            0.26666666666666666
        ],
        "f1": [
            0.846153846153846,
            0.846153846153846,
            0.846153846153846,
            0.846153846153846,
            0.846153846153846,
            0.846153846153846,
            0.846153846153846,
            0.846153846153846,
            0.846153846153846,
            0.846153846153846,
            0.846153846153846,
            0.846153846153846,
            0.846153846153846,
            0.846153846153846,
            0.846153846153846,
            0.88,
            0.9565217391304348,
            0.9,
            0.9,
            0.9,
            0.9,
            0.7777777777777778,
            0.7058823529411764,
            0.7058823529411764,
            0.7058823529411764,
            0.7058823529411764,
            0.7058823529411764,
            0.7058823529411764,
            0.625,
            0.625,
            0.42857142857142855,
            0.42857142857142855,
            0.42857142857142855,
            0.42857142857142855,
            0.42857142857142855,
            0.3076923076923077,
            0.16666666666666669,
            0.0,
            0.0,
            0.0
        ],
        "mcc": [
            0.0,
            0.0,
            0.0,
            0.0,
            0.0,
            0.0,
            0.0,
            0.0,
            0.0,
            0.0,
            0.0,
            0.0,
            0.0,
            0.0,
            0.0,
            0.44320263021395917,
            0.82915619758885,
            0.7385489458759964,
            0.7385489458759964,
            0.7385489458759964,
            0.7385489458759964,
            0.5640760748177662,
            0.4923659639173309,
            0.4923659639173309,
            0.4923659639173309,
            0.4923659639173309,
            0.4923659639173309,
            0.4923659639173309,
            0.42640143271122083,
            0.42640143271122083,
            0.30151134457776363,
            0.30151134457776363,
            0.30151134457776363,
            0.30151134457776363,
            0.30151134457776363,
            0.23652495839563303,
            0.16116459280507606,
            0.0,
            0.0,
            0.0
        ],
        "hammingLoss": [
            0.26666666666666666,
            0.26666666666666666,
            0.26666666666666666,
            0.26666666666666666,
            0.26666666666666666,
            0.26666666666666666,
            0.26666666666666666,
            0.26666666666666666,
            0.26666666666666666,
            0.26666666666666666,
            0.26666666666666666,
            0.26666666666666666,
            0.26666666666666666,
            0.26666666666666666,
            0.26666666666666666,
            0.2,
            0.06666666666666667,
            0.13333333333333333,
            0.13333333333333333,
            0.13333333333333333,
            0.13333333333333333,
            0.26666666666666666,
            0.3333333333333333,
            0.3333333333333333,
            0.3333333333333333,
            0.3333333333333333,
            0.3333333333333333,
            0.3333333333333333,
            0.4,
            0.4,
            0.5333333333333333,
            0.5333333333333333,
            0.5333333333333333,
            0.5333333333333333,
            0.5333333333333333,
            0.6,
            0.6666666666666666,
            0.7333333333333333,
            0.7333333333333333,
            0.7333333333333333
        ],
        "assertionsMetrics": []
    },
    "optimalThreshold": 0.4,
    "usedThreshold": 0.4,
    "rocVizData": [
        [
            {
                "x": 0.0,
                "y": 0.0,
                "p": 1.9051781053081605
            },
            {
                "x": 0.0,
                "y": 0.09090909090909091,
                "p": 0.9051781053081605
            },
            {
                "x": 0.0,
                "y": 0.9090909090909091,
                "p": 0.4225495221778555
            },
            {
                "x": 0.25,
                "y": 0.9090909090909091,
                "p": 0.4223421223579375
            },
            {
                "x": 0.25,
                "y": 1.0,
                "p": 0.4185595869121553
            },
            {
                "x": 1.0,
                "y": 1.0,
                "p": 0.3735933958188719
            }
        ]
    ],
    "densityData": {
        "0": {
            "correct": [
                2.553577764013349e-288,
                2.539135296451884e-278,
                1.6821405372510208e-268,
                7.42469111295183e-259,
                2.1834044131375683e-249,
                4.277890427603987e-240,
                5.584249432664799e-231,
                4.856681690514109e-222,
                2.8141947712350465e-213,
                1.086446493478891e-204,
                2.794487767310439e-196,
                4.7888999371512675e-188,
                5.46775431487814e-180,
                4.15931584759928e-172,
                2.1080188456684956e-164,
                7.118143794563515e-157,
                1.601395870853047e-149,
                2.400326562970489e-142,
                2.397075083381864e-135,
                1.5948969352700595e-128,
                7.070063084484718e-122,
                2.088111253041611e-115,
                4.108881896088467e-109,
                5.386831142498896e-103,
                4.7052504582244e-97,
                2.738241880925404e-91,
                1.0616969044601242e-85,
                2.742641057241326e-80,
                4.720381228003899e-75,
                5.4128358344986875e-70,
                4.13535041593519e-65,
                2.1049387161143715e-60,
                7.1384886889384895e-56,
                1.6129198054858534e-51,
                2.4280574221568e-47,
                2.435257062001329e-43,
                1.6273102091533788e-39,
                7.244952896858668e-36,
                2.1490200287374702e-32,
                4.2470271754869455e-29,
                5.592027486983014e-26,
                4.905612478565488e-23,
                2.867192600734521e-20,
                1.1165037908831615e-17,
                2.8966984578550046e-15,
                5.007099860167994e-13,
                5.766462193507898e-11,
                4.424598354006023e-09,
                2.2619456907667503e-07,
                7.704454762604243e-06,
                0.00017485330490148466,
                0.002644451258099634,
                0.026661624868890003,
                0.17937782983078251,
                0.8076124858827928,
                2.45212305222269,
                5.126303402307244,
                7.776228041117989,
                9.568386515865818,
                11.165915189669395,
                13.393711742035263,
                15.369147157679546,
                14.748101084913618,
                10.619648978771197,
                5.3865622782229865,
                1.8661022403611431,
                0.4355577163505578,
                0.06809837336339096,
                0.007114941562705793,
                0.0004962732326840336,
                2.3099608500412916e-05,
                7.173678717233882e-07,
                1.4862497574221858e-08,
                2.0541338259146593e-10,
                1.8937949232348016e-12,
                1.164626133988564e-14,
                4.777184280485257e-17,
                1.3069884701150137e-19,
                2.3848881597499995e-22,
                2.9023032144526734e-25,
                2.3554719650133636e-28,
                1.2748390302274623e-31,
                4.601050007360367e-35,
                1.1072988379657933e-38,
                1.776893364181071e-42,
                1.901206003592018e-46,
                1.3562861256437697e-50,
                6.450765683193299e-55,
                2.0454693485108835e-59,
                4.3239525398601195e-64,
                6.093405949505253e-69,
                5.7242177012143016e-74,
                3.5845543964477097e-79,
                1.496249328366262e-84,
                4.163033188418286e-90,
                7.720418336357685e-96,
                9.543010050141537e-102,
                7.861992525959515e-108,
                4.3169025732145295e-114,
                1.5797722245115606e-120
            ],
            "incorrect": [
                0.6604033861071607,
                0.7210798480814937,
                0.7826520586361,
                0.8445472683929488,
                0.9061743362973216,
                0.9669387615422849,
                1.026257845304363,
                1.0835752924485826,
                1.1383746035575946,
                1.1901906951267813,
                1.2386193143568103,
                1.2833239743867277,
                1.3240403124629319,
                1.3605779517394265,
                1.3928201108317555,
                1.4207213385860569,
                1.4443038420781709,
                1.4636529149567776,
                1.4789119572938934,
                1.4902775091303773,
                1.4979946055154612,
                1.5023526136046204,
                1.5036815486398987,
                1.5023487038837962,
                1.4987552885629758,
                1.4933326646403253,
                1.4865377212678792,
                1.4788469335326924,
                1.4707487220125164,
                1.462733857713868,
                1.4552838330433853,
                1.4488573282147648,
                1.4438751247986423,
                1.4407040329300291,
                1.4396405850461755,
                1.4408953881031967,
                1.4445791030941064,
                1.450691025761334,
                1.4591111722489774,
                1.4695966311194975,
                1.481782737832115,
                1.4951893738382456,
                1.5092324081667456,
                1.5232400052603745,
                1.536473239857672,
                1.5481502075919111,
                1.5574726155943348,
                1.5636536936219894,
                1.5659461911526382,
                1.563669222423101,
                1.5562327874105564,
                1.543158925600753,
                1.5240986406534203,
                1.4988439546578627,
                1.4673346958884412,
                1.429659878685609,
                1.3860537837490534,
                1.3368870786305211,
                1.282653520562951,
                1.2239529485192093,
                1.1614713928868856,
                1.095959206493103,
                1.0282081496759337,
                0.9590283468080874,
                0.8892259762763989,
                0.8195824661483422,
                0.7508358505199384,
                0.6836648044717865,
                0.6186757266041886,
                0.5563930851370951,
                0.4972530939637085,
                0.4416006455030671,
                0.38968930335707525,
                0.34168405407570707,
                0.2976664368530112,
                0.2576416143845924,
                0.2215469176814937,
                0.1892613913096607,
                0.16061588110642777,
                0.135403240773568,
                0.11338828303735836,
                0.09431716107899842,
                0.07792593234168571,
                0.06394812544067593,
                0.052121197959855176,
                0.04219183521109843,
                0.03392009506323743,
                0.027082449985443673,
                0.02147381353493619,
                0.016908664410029046,
                0.013221397271043267,
                0.010266036689735353,
                0.0079154500711604,
                0.006060188668672219,
                0.0046070744377512155,
                0.003477635972480466,
                0.002606480542521027,
                0.0019396725128591188,
                0.0014331721700327526,
                0.0010513739404452549
            ],
            "correctMedian": 0.61376518108529,
            "incorrectMedian": 0.3025267475297972
        },
        "1": {
            "correct": [
                0.0010513739404452642,
                0.0014331721700327651,
                0.0019396725128591396,
                0.0026064805425210498,
                0.003477635972480497,
                0.004607074437751256,
                0.006060188668672268,
                0.007915450071160469,
                0.010266036689735426,
                0.013221397271043349,
                0.016908664410029195,
                0.021473813534936322,
                0.027082449985443877,
                0.033920095063237655,
                0.04219183521109877,
                0.05212119795985545,
                0.06394812544067628,
                0.07792593234168622,
                0.09431716107899887,
                0.11338828303735897,
                0.13540324077356855,
                0.16061588110642844,
                0.18926139130966127,
                0.22154691768149457,
                0.25764161438459343,
                0.2976664368530121,
                0.3416840540757082,
                0.3896893033570762,
                0.44160064550306827,
                0.4972530939637098,
                0.5563930851370961,
                0.6186757266041899,
                0.6836648044717873,
                0.7508358505199397,
                0.8195824661483433,
                0.8892259762764004,
                0.9590283468080881,
                1.0282081496759345,
                1.0959592064931045,
                1.161471392886886,
                1.2239529485192093,
                1.2826535205629515,
                1.3368870786305216,
                1.3860537837490534,
                1.4296598786856096,
                1.4673346958884412,
                1.498843954657862,
                1.5240986406534203,
                1.543158925600753,
                1.5562327874105564,
                1.563669222423101,
                1.5659461911526373,
                1.5636536936219887,
                1.5574726155943348,
                1.5481502075919111,
                1.536473239857672,
                1.5232400052603745,
                1.5092324081667456,
                1.4951893738382456,
                1.481782737832115,
                1.4695966311194975,
                1.459111172248978,
                1.450691025761334,
                1.4445791030941064,
                1.4408953881031967,
                1.4396405850461755,
                1.4407040329300296,
                1.4438751247986423,
                1.4488573282147648,
                1.4552838330433846,
                1.462733857713868,
                1.4707487220125164,
                1.4788469335326924,
                1.4865377212678785,
                1.4933326646403247,
                1.4987552885629751,
                1.5023487038837962,
                1.503681548639898,
                1.5023526136046204,
                1.4979946055154605,
                1.4902775091303766,
                1.4789119572938927,
                1.463652914956777,
                1.4443038420781709,
                1.4207213385860562,
                1.3928201108317548,
                1.3605779517394254,
                1.3240403124629303,
                1.2833239743867266,
                1.2386193143568096,
                1.1901906951267809,
                1.1383746035575946,
                1.0835752924485822,
                1.026257845304363,
                0.9669387615422845,
                0.9061743362973216,
                0.8445472683929488,
                0.7826520586361,
                0.7210798480814944,
                0.6604033861071612
            ],
            "incorrect": [
                1.5797722245038377e-120,
                4.3169025731948986e-114,
                7.86199252592622e-108,
                9.543010050103022e-102,
                7.720418336328062e-96,
                4.163033188403733e-90,
                1.4962493283612016e-84,
                3.584554396436605e-79,
                5.724217701197219e-74,
                6.093405949488626e-69,
                4.323952539849551e-64,
                2.045469348506e-59,
                6.4507656831793646e-55,
                1.3562861256409942e-50,
                1.9012060035885326e-46,
                1.776893364177965e-42,
                1.107298837964078e-38,
                4.6010500073540244e-35,
                1.2748390302257954e-31,
                2.3554719650107022e-28,
                2.902303214449601e-25,
                2.3848881597478136e-22,
                1.3069884701139085e-19,
                4.7771842804818626e-17,
                1.164626133987869e-14,
                1.8937949232337656e-12,
                2.0541338259137615e-10,
                1.4862497574216103e-08,
                7.173678717231728e-07,
                2.3099608500407377e-05,
                0.0004962732326839322,
                0.007114941562704788,
                0.06809837336338334,
                0.4355577163505286,
                1.866102240361057,
                5.386562278222889,
                10.619648978771169,
                14.748101084913696,
                15.369147157679695,
                13.393711742035395,
                11.165915189669464,
                9.568386515865868,
                7.776228041117996,
                5.126303402307178,
                2.452123052222618,
                0.807612485882741,
                0.17937782983076603,
                0.026661624868886097,
                0.0026444512580991127,
                0.00017485330490144273,
                7.704454762601889e-06,
                2.2619456907658543e-07,
                4.424598354003917e-09,
                5.7664621935048043e-11,
                5.007099860164703e-13,
                2.8966984578528845e-15,
                1.1165037908821858e-17,
                2.8671926007317706e-20,
                4.90561247856019e-23,
                5.592027486976061e-26,
                4.2470271754813325e-29,
                2.1490200287341413e-32,
                7.244952896846724e-36,
                1.6273102091503726e-39,
                2.435257061996415e-43,
                2.4280574221515895e-47,
                1.6129198054820484e-51,
                7.138488688920635e-56,
                2.1049387161086283e-60,
                4.135350415923201e-65,
                5.412835834481611e-70,
                4.720381227988068e-75,
                2.7426410572315822e-80,
                1.0616969044560205e-85,
                2.7382418809144304e-91,
                4.705250458203939e-97,
                5.386831142474248e-103,
                4.1088818960693147e-109,
                2.0881112530309286e-115,
                7.070063084447343e-122,
                1.5948969352609936e-128,
                2.397075083367693e-135,
                2.400326562955617e-142,
                1.6013958708424876e-149,
                7.11814379451577e-157,
                2.1080188456535175e-164,
                4.159315847568544e-172,
                5.467754314835249e-180,
                4.7888999371126127e-188,
                2.7944877672866117e-196,
                1.0864464934692568e-204,
                2.8141947712094517e-213,
                4.8566816904669007e-222,
                5.584249432609567e-231,
                4.2778904275602165e-240,
                2.1834044131137386e-249,
                7.424691112871641e-259,
                1.682140537231706e-268,
                2.5391352964221515e-278,
                2.5535777639828666e-288
            ],
            "correctMedian": 0.6974732524702028,
            "incorrectMedian": 0.38623481891471034
        }
    },
    "calibrationData": [
        {
            "y": 0,
            "x": 0,
            "n": 0
        },
        {
            "y": 0.0,
            "x": 0.38202101121609755,
            "n": 3.0
        },
        {
            "y": 0.6666666666666666,
            "x": 0.4211504104826494,
            "n": 3.0
        },
        {
            "y": 1.0,
            "x": 0.5161787280435651,
            "n": 3.0
        },
        {
            "y": 1.0,
            "x": 0.6974732524702028,
            "n": 1.0
        },
        {
            "y": 1.0,
            "x": 0.7397001358989392,
            "n": 2.0
        },
        {
            "y": 1.0,
            "x": 0.8822179105045065,
            "n": 2.0
        },
        {
            "y": 1.0,
            "x": 0.9051781053081605,
            "n": 1.0
        },
        {
            "y": 1,
            "x": 1,
            "n": 0
        }
    ],
    "probaDistribData": {
        "bins": [
            0.0,
            0.1,
            0.2,
            0.3,
            0.4,
            0.5,
            0.6,
            0.7,
            0.8,
            0.9,
            1.0
        ],
        "probaDistribs": [
            [
                0.0,
                0.0,
                0.0,
                3.0,
                1.0,
                0.0,
                0.0,
                0.0,
                0.0,
                0.0
            ],
            [
                0.0,
                0.0,
                0.0,
                0.0,
                2.0,
                3.0,
                1.0,
                2.0,
                2.0,
                1.0
            ]
        ]
    },
    "globalMetrics": {
        "testWeight": 15,
        "targetAvg": [
            0.7333333333333333
        ],
        "targetStd": [
            0.4577377082170634
        ],
        "predictionAvg": [
            0.8
        ],
        "predictionStd": [
            0.41403933560541256
        ]
    }
}