{
    "feature": "merchant_state",
    "modalities": [
        {
            "index": 0,
            "value": "New York",
            "count": 3036,
            "filePath": "modality_perf_0.json",
            "weightedCount": 3036
        },
        {
            "index": 1,
            "value": "Massachusetts",
            "count": 1958,
            "filePath": "modality_perf_1.json",
            "weightedCount": 1958
        },
        {
            "index": 2,
            "value": "New Hampshire",
            "count": 1660,
            "filePath": "modality_perf_2.json",
            "weightedCount": 1660
        },
        {
            "index": 3,
            "value": "Pennsylvania",
            "count": 1554,
            "filePath": "modality_perf_3.json",
            "weightedCount": 1554
        },
        {
            "index": 4,
            "value": "Connecticut",
            "count": 1393,
            "filePath": "modality_perf_4.json",
            "weightedCount": 1393
        },
        {
            "index": 5,
            "missing_values": true,
            "count": 155,
            "weightedCount": 155,
            "reason": "ONECLASS",
            "excluded": true
        },
        {
            "index": 6,
            "value": "Maine",
            "count": 141,
            "filePath": "modality_perf_6.json",
            "weightedCount": 141
        },
        {
            "index": 7,
            "value": "Vermont",
            "count": 55,
            "filePath": "modality_perf_7.json",
            "weightedCount": 55
        },
        {
            "index": 8,
            "value": "Maryland",
            "count": 25,
            "filePath": "modality_perf_8.json",
            "weightedCount": 25
        },
        {
            "index": 9,
            "value": "New Jersey",
            "count": 15,
            "filePath": "modality_perf_9.json",
            "weightedCount": 15
        },
        {
            "index": 10,
            "value": "Rest of 'merchant_state'",
            "count": 8,
            "weightedCount": 8,
            "reason": "ONECLASS",
            "excluded": true
        }
    ],
    "computed_as_type": "CATEGORY",
    "isDate": false,
    "sameNumRowsAsSplit": true,
    "nbRecords": 10000,
    "weightedNbRecords": 10000
}