{
    "metrics": {},
    "processed_feature_names": null,
    "tiMetrics": {
        "auc": 0.6785714285714286,
        "logLoss": 0.5732623356542345,
        "lift": 1.1904761904761905,
        "calibrationLoss": 0.258300162008091
    },
    "probaPercentiles": [
        0.36781283433983497,
        0.3696052040213016,
        0.37139757370276816,
        0.3731899433842348,
        0.3780669640889458,
        0.38356091499830575,
        0.3890548659076657,
        0.3945488168170256,
        0.39828021791703994,
        0.40113034411238147,
        0.403980470307723,
        0.4068305965030646,
        0.4145337048025072,
        0.4270897952060508,
        0.43964588560959433,
        0.45220197601313794,
        0.4607873782222735,
        0.46143140404259275,
        0.462075429862912,
        0.46271945568323125,
        0.46426527523164934,
        0.4703200634205614,
        0.47637485160947346,
        0.48242963979838543,
        0.4884844279872975,
        0.48910864531932763,
        0.48973286265135774,
        0.49035707998338784,
        0.49098129731541795,
        0.4923274600679316,
        0.49381801190454194,
        0.4953085637411523,
        0.49679911557776263,
        0.49739425067066545,
        0.4975416773917146,
        0.49768910411276374,
        0.4978365308338128,
        0.5000884906870426,
        0.5044449836724534,
        0.5088014766578639,
        0.5131579696432745,
        0.5161795837413231,
        0.5165314400646477,
        0.5168832963879721,
        0.5172351527112966,
        0.5175561527238801,
        0.517722871182759,
        0.5178895896416377,
        0.5180563081005164,
        0.5182230265593951,
        0.5198792146072053,
        0.5215354026550155,
        0.5231915907028257,
        0.5248477787506359,
        0.5255574411218419,
        0.526077798357727,
        0.526598155593612,
        0.5271185128294971,
        0.5308133205768761,
        0.536095353580002,
        0.5413773865831282,
        0.5466594195862542,
        0.5523054411746439,
        0.5583154513482971,
        0.5643254615219503,
        0.5703354716956035,
        0.58264722265193,
        0.6075624551736023,
        0.6324776876952747,
        0.6573929202169471,
        0.6818147617287669,
        0.7037696481913223,
        0.7257245346538774,
        0.7476794211164325,
        0.7696343075789879,
        0.7724959075547762,
        0.7753575075305643,
        0.7782191075063525,
        0.7810807074821408,
        0.782272111311207,
        0.7831294759109289,
        0.7839868405106507,
        0.7848442051103725,
        0.7901359932497012,
        0.7976449931588334,
        0.8051539930679659,
        0.8126629929770981,
        0.8187956126634655,
        0.8235518521270676,
        0.8283080915906699,
        0.833064331054272,
        0.8364234191847881,
        0.8369882046491323,
        0.8375529901134764,
        0.8381177755778205,
        0.8396911136266183,
        0.8463072145976848,
        0.8529233155687509,
        0.8595394165398171
    ],
    "perCutData": {
        "cut": [
            0,
            0.025,
            0.05,
            0.075,
            0.1,
            0.125,
            0.15,
            0.175,
            0.2,
            0.225,
            0.25,
            0.275,
            0.3,
            0.325,
            0.35,
            0.375,
            0.4,
            0.425,
            0.45,
            0.475,
            0.5,
            0.525,
            0.55,
            0.575,
            0.6,
            0.625,
            0.65,
            0.675,
            0.7,
            0.725,
            0.75,
            0.775,
            0.8,
            0.825,
            0.85,
            0.875,
            0.9,
            0.925,
            0.95,
            0.975
        ],
        "tp": [
            21,
            21,
            21,
            21,
            21,
            21,
            21,
            21,
            21,
            21,
            21,
            21,
            21,
            21,
            21,
            19,
            18,
            17,
            17,
            16,
            14,
            11,
            9,
            8,
            8,
            8,
            8,
            8,
            7,
            7,
            7,
            6,
            4,
            3,
            1,
            0,
            0,
            0,
            0,
            0
        ],
        "tn": [
            0,
            0,
            0,
            0,
            0,
            0,
            0,
            0,
            0,
            0,
            0,
            0,
            0,
            0,
            0,
            0,
            0,
            0,
            0,
            1,
            3,
            3,
            4,
            4,
            4,
            4,
            4,
            4,
            4,
            4,
            4,
            4,
            4,
            4,
            4,
            4,
            4,
            4,
            4,
            4
        ],
        "fp": [
            4,
            4,
            4,
            4,
            4,
            4,
            4,
            4,
            4,
            4,
            4,
            4,
            4,
            4,
            4,
            4,
            4,
            4,
            4,
            3,
            1,
            1,
            0,
            0,
            0,
            0,
            0,
            0,
            0,
            0,
            0,
            0,
            0,
            0,
            0,
            0,
            0,
            0,
            0,
            0
        ],
        "fn": [
            0,
            0,
            0,
            0,
            0,
            0,
            0,
            0,
            0,
            0,
            0,
            0,
            0,
            0,
            0,
            2,
            3,
            4,
            4,
            5,
            7,
            10,
            12,
            13,
            13,
            13,
            13,
            13,
            14,
            14,
            14,
            15,
            17,
            18,
            20,
            21,
            21,
            21,
            21,
            21
        ],
        "precision": [
            0.84,
            0.84,
            0.84,
            0.84,
            0.84,
            0.84,
            0.84,
            0.84,
            0.84,
            0.84,
            0.84,
            0.84,
            0.84,
            0.84,
            0.84,
            0.8260869565217391,
            0.8181818181818182,
            0.8095238095238095,
            0.8095238095238095,
            0.8421052631578947,
            0.9333333333333333,
            0.9166666666666666,
            1.0,
            1.0,
            1.0,
            1.0,
            1.0,
            1.0,
            1.0,
            1.0,
            1.0,
            1.0,
            1.0,
            1.0,
            1.0,
            1.0,
            1.0,
            1.0,
            1.0,
            1.0
        ],
        "recall": [
            1.0,
            1.0,
            1.0,
            1.0,
            1.0,
            1.0,
            1.0,
            1.0,
            1.0,
            1.0,
            1.0,
            1.0,
            1.0,
            1.0,
            1.0,
            0.9047619047619048,
            0.8571428571428571,
            0.8095238095238095,
            0.8095238095238095,
            0.7619047619047619,
            0.6666666666666666,
            0.5238095238095238,
            0.42857142857142855,
            0.38095238095238093,
            0.38095238095238093,
            0.38095238095238093,
            0.38095238095238093,
            0.38095238095238093,
            0.3333333333333333,
            0.3333333333333333,
            0.3333333333333333,
            0.2857142857142857,
            0.19047619047619047,
            0.14285714285714285,
            0.047619047619047616,
            0.0,
            0.0,
            0.0,
            0.0,
            0.0
        ],
        "accuracy": [
            0.84,
            0.84,
            0.84,
            0.84,
            0.84,
            0.84,
            0.84,
            0.84,
            0.84,
            0.84,
            0.84,
            0.84,
            0.84,
            0.84,
            0.84,
            0.76,
            0.72,
            0.68,
            0.68,
            0.68,
            0.68,
            0.56,
            0.52,
            0.48,
            0.48,
            0.48,
            0.48,
            0.48,
            0.44,
            0.44,
            0.44,
            0.4,
            0.32,
            0.28,
            0.2,
            0.16,
            0.16,
            0.16,
            0.16,
            0.16
        ],
        "f1": [
            0.9130434782608696,
            0.9130434782608696,
            0.9130434782608696,
            0.9130434782608696,
            0.9130434782608696,
            0.9130434782608696,
            0.9130434782608696,
            0.9130434782608696,
            0.9130434782608696,
            0.9130434782608696,
            0.9130434782608696,
            0.9130434782608696,
            0.9130434782608696,
            0.9130434782608696,
            0.9130434782608696,
            0.8636363636363636,
            0.8372093023255814,
            0.8095238095238095,
            0.8095238095238095,
            0.8,
            0.7777777777777778,
            0.6666666666666667,
            0.6,
            0.5517241379310345,
            0.5517241379310345,
            0.5517241379310345,
            0.5517241379310345,
            0.5517241379310345,
            0.5,
            0.5,
            0.5,
            0.4444444444444445,
            0.32,
            0.25,
            0.0909090909090909,
            0.0,
            0.0,
            0.0,
            0.0,
            0.0
        ],
        "mcc": [
            0.0,
            0.0,
            0.0,
            0.0,
            0.0,
            0.0,
            0.0,
            0.0,
            0.0,
            0.0,
            0.0,
            0.0,
            0.0,
            0.0,
            0.0,
            -0.12869789041755736,
            -0.16116459280507606,
            -0.19047619047619047,
            -0.19047619047619047,
            0.010218988991416097,
            0.31180478223116176,
            0.200921260371701,
            0.32732683535398854,
            0.2993924754260479,
            0.2993924754260479,
            0.2993924754260479,
            0.2993924754260479,
            0.2993924754260479,
            0.2721655269759087,
            0.2721655269759087,
            0.2721655269759087,
            0.24525573579398632,
            0.19047619047619047,
            0.16116459280507606,
            0.0890870806374748,
            0.0,
            0.0,
            0.0,
            0.0,
            0.0
        ],
        "hammingLoss": [
            0.16,
            0.16,
            0.16,
            0.16,
            0.16,
            0.16,
            0.16,
            0.16,
            0.16,
            0.16,
            0.16,
            0.16,
            0.16,
            0.16,
            0.16,
            0.24,
            0.28,
            0.32,
            0.32,
            0.32,
            0.32,
            0.44,
            0.48,
            0.52,
            0.52,
            0.52,
            0.52,
            0.52,
            0.56,
            0.56,
            0.56,
            0.6,
            0.68,
            0.72,
            0.8,
            0.84,
            0.84,
            0.84,
            0.84,
            0.84
        ],
        "assertionsMetrics": []
    },
    "optimalThreshold": 0,
    "usedThreshold": 0,
    "rocVizData": [
        [
            {
                "x": 0.0,
                "y": 0.0,
                "p": 1.8661555175108835
            },
            {
                "x": 0.0,
                "y": 0.47619047619047616,
                "p": 0.5493004360878172
            },
            {
                "x": 0.25,
                "y": 0.47619047619047616,
                "p": 0.5272919652414587
            },
            {
                "x": 0.25,
                "y": 0.6666666666666666,
                "p": 0.516062298300215
            },
            {
                "x": 0.5,
                "y": 0.6666666666666666,
                "p": 0.4979102441943374
            },
            {
                "x": 0.5,
                "y": 0.7619047619047619,
                "p": 0.491085333537423
            },
            {
                "x": 0.75,
                "y": 0.7619047619047619,
                "p": 0.4884844279872975
            },
            {
                "x": 1.0,
                "y": 0.8095238095238095,
                "p": 0.46057270294883373
            },
            {
                "x": 1.0,
                "y": 1.0,
                "p": 0.36602046465836835
            }
        ]
    ],
    "densityData": {
        "0": {
            "correct": [
                1.8461249480535523e-132,
                7.350170608681536e-127,
                2.215020062749659e-121,
                5.05244767480515e-116,
                8.723080906337636e-111,
                1.1399397358331044e-105,
                1.1275551690806806e-100,
                8.44184985977889e-96,
                4.783891964159955e-91,
                2.051960604875e-86,
                6.661938048494019e-82,
                1.6371032727344436e-77,
                3.045057371417606e-73,
                4.2870524623012873e-69,
                4.568420089535493e-65,
                3.684827680026835e-61,
                2.2496359790433973e-57,
                1.0395639992690808e-53,
                3.636085853947237e-50,
                9.626334370031975e-47,
                1.928997533617739e-43,
                2.92581133308741e-40,
                3.3589603641196717e-37,
                2.9188202899895153e-34,
                1.9197901106524785e-31,
                9.557494582556358e-29,
                3.601457454923286e-26,
                1.0272033738880422e-23,
                2.217575994050235e-21,
                3.6236356568339644e-19,
                4.4818209700176553e-17,
                4.1957394860868775e-15,
                2.9730807214886254e-13,
                1.5945912902479965e-11,
                6.473472568294277e-10,
                1.989171103854109e-08,
                4.626554270131079e-07,
                8.145213583746923e-06,
                0.00010854910103321148,
                0.001095150782294837,
                0.00836660139848803,
                0.048427402999254666,
                0.21264568415993026,
                0.7104611118611078,
                1.8186054035299575,
                3.6224212019729194,
                5.799880909125218,
                7.900261427196426,
                9.797863175040664,
                11.446355199218326,
                12.35918353861577,
                12.023070139201364,
                10.614528026454163,
                8.668918146945773,
                6.444553378004514,
                4.128568765666537,
                2.1539644037762433,
                0.8819133612102393,
                0.2779282670043226,
                0.06679902824808376,
                0.012193447723045479,
                0.0016872894466649316,
                0.00017684613121553595,
                1.4033982861375127e-05,
                8.430860323008818e-07,
                3.833848293323573e-08,
                1.3196378683621096e-09,
                3.438147110934031e-11,
                6.780173110097216e-13,
                1.0120507267555879e-14,
                1.1434265574664998e-16,
                9.778189561089044e-19,
                6.3292561026297196e-21,
                3.100922117985888e-23,
                1.1499342007523502e-25,
                3.2277437643739955e-28,
                6.857550781978736e-31,
                1.1027648947215468e-33,
                1.3422726756994572e-36,
                1.2366377020479671e-39,
                8.62359064107047e-43,
                4.551742633916637e-46,
                1.8184910984066613e-49,
                5.499061500940416e-53,
                1.258664229495095e-56,
                2.180595537499096e-60,
                2.8594615677377315e-64,
                2.838162937947006e-68,
                2.1322312351958129e-72,
                1.2124817026123025e-76,
                5.218671998810504e-81,
                1.70015581708031e-85,
                4.192387000041088e-90,
                7.824884239799072e-95,
                1.1054481900683137e-99,
                1.1820688703536312e-104,
                9.567337260626705e-110,
                5.8611562981008225e-115,
                2.7178121618355164e-120,
                9.538926193941572e-126
            ],
            "incorrect": [
                0.24613158626425774,
                0.29368708240250946,
                0.34701229186434557,
                0.4060366269943171,
                0.4705056671023356,
                0.5399631520831057,
                0.6137407951354098,
                0.6909577344281332,
                0.7705310234530326,
                0.8511979727262053,
                0.9315504331354368,
                1.0100803021348177,
                1.0852347000733216,
                1.1554784750195184,
                1.2193610213305526,
                1.275583904198195,
                1.3230655199727028,
                1.3609990208641845,
                1.388899999529818,
                1.4066409459735802,
                1.4144702148166322,
                1.4130141154737057,
                1.4032616895570924,
                1.3865326939715834,
                1.3644301947415138,
                1.3387799381752026,
                1.3115592628885904,
                1.2848187291561433,
                1.260599871363533,
                1.2408525413942721,
                1.2273552322413275,
                1.2216415820102884,
                1.224935985495283,
                1.2381009019688252,
                1.2615980510603881,
                1.2954652305149432,
                1.3393099603337624,
                1.3923205466350357,
                1.4532944612728678,
                1.520683158819673,
                1.592651628119552,
                1.667150148261353,
                1.7419949529551233,
                1.8149538783558687,
                1.8838326539298031,
                1.9465573599403712,
                2.0012487621119472,
                2.0462847555731862,
                2.0803479802157487,
                2.1024567440938924,
                2.11197861389868,
                2.1086272835693975,
                2.092444488291994,
                2.0637696751705557,
                2.0232007821164837,
                1.9715497583394095,
                1.9097963727013112,
                1.8390434344557165,
                1.7604758681208523,
                1.6753252420947526,
                1.5848404639943736,
                1.4902645364845575,
                1.3928166094212133,
                1.293678131662325,
                1.1939817267834758,
                1.0948014818124294,
                0.9971436049249058,
                0.9019368110441011,
                0.8100222555975567,
                0.7221432787016495,
                0.6389355785180564,
                0.5609186568623351,
                0.4884894499210886,
                0.42191897438286363,
                0.3613526081161183,
                0.3068143240052522,
                0.25821485309438835,
                0.21536341671857417,
                0.17798237860572158,
                0.14572395778054265,
                0.11818802863909451,
                0.09494001897810699,
                0.07552799092631361,
                0.059498135229798986,
                0.04640810228764932,
                0.03583780817120371,
                0.027397566773554805,
                0.020733590663751668,
                0.015531059350729563,
                0.011515066908660661,
                0.00844982952108334,
                0.0061365605135618685,
                0.004410412337164888,
                0.0031368501633300193,
                0.002207769276016905,
                0.0015376068201939275,
                0.0010596349429435445,
                0.0007225625138849068,
                0.00048752019670299034,
                0.00032546073135494814
            ],
            "correctMedian": 0.5068026639091825,
            "incorrectMedian": 0.4748761899080622
        },
        "1": {
            "correct": [
                0.0003254607313549458,
                0.0004875201967029886,
                0.0007225625138849055,
                0.0010596349429435388,
                0.001537606820193922,
                0.0022077692760169012,
                0.0031368501633300084,
                0.00441041233716488,
                0.006136560513561858,
                0.00844982952108334,
                0.011515066908660661,
                0.015531059350729536,
                0.020733590663751668,
                0.027397566773554757,
                0.035837808171203724,
                0.04640810228764926,
                0.059498135229798986,
                0.07552799092631371,
                0.09494001897810694,
                0.11818802863909457,
                0.14572395778054262,
                0.17798237860572164,
                0.21536341671857398,
                0.2582148530943885,
                0.3068143240052525,
                0.3613526081161183,
                0.4219189743828642,
                0.48848944992108884,
                0.5609186568623356,
                0.6389355785180569,
                0.7221432787016495,
                0.8100222555975574,
                0.901936811044102,
                0.9971436049249072,
                1.0948014818124305,
                1.1939817267834774,
                1.293678131662326,
                1.392816609421215,
                1.4902645364845588,
                1.5848404639943743,
                1.6753252420947549,
                1.7604758681208532,
                1.839043434455718,
                1.9097963727013127,
                1.9715497583394104,
                2.0232007821164846,
                2.0637696751705565,
                2.092444488291995,
                2.1086272835693984,
                2.11197861389868,
                2.1024567440938933,
                2.0803479802157487,
                2.0462847555731853,
                2.0012487621119472,
                1.9465573599403694,
                1.8838326539298023,
                1.8149538783558679,
                1.7419949529551233,
                1.6671501482613524,
                1.5926516281195506,
                1.5206831588196716,
                1.4532944612728667,
                1.3923205466350357,
                1.3393099603337613,
                1.2954652305149421,
                1.2615980510603875,
                1.2381009019688245,
                1.224935985495283,
                1.2216415820102873,
                1.227355232241327,
                1.240852541394271,
                1.260599871363533,
                1.2848187291561421,
                1.3115592628885904,
                1.3387799381752015,
                1.3644301947415127,
                1.3865326939715834,
                1.4032616895570924,
                1.4130141154737044,
                1.4144702148166317,
                1.4066409459735802,
                1.3888999995298166,
                1.3609990208641833,
                1.3230655199727015,
                1.2755839041981938,
                1.2193610213305515,
                1.1554784750195175,
                1.0852347000733207,
                1.0100803021348164,
                0.9315504331354352,
                0.8511979727262042,
                0.7705310234530316,
                0.6909577344281315,
                0.6137407951354089,
                0.5399631520831043,
                0.47050566710233477,
                0.40603662699431636,
                0.34701229186434485,
                0.29368708240250896,
                0.24613158626425746
            ],
            "incorrect": [
                9.538926193969226e-126,
                2.71781216184355e-120,
                5.861156298117481e-115,
                9.567337260652809e-110,
                1.1820688703566886e-104,
                1.1054481900711101e-99,
                7.824884239817976e-95,
                4.192387000050859e-90,
                1.7001558170840793e-85,
                5.218671998821183e-81,
                1.212481702614818e-76,
                2.1322312351998125e-72,
                2.838162937952249e-68,
                2.8594615677425266e-64,
                2.1805955375026906e-60,
                1.258664229496991e-56,
                5.49906150094831e-53,
                1.8184910984092714e-49,
                4.5517426339222644e-46,
                8.623590641081009e-43,
                1.2366377020493377e-39,
                1.3422726757008878e-36,
                1.1027648947225812e-33,
                6.857550781984973e-31,
                3.227743764376793e-28,
                1.1499342007532325e-25,
                3.1009221179881574e-23,
                6.329256102633812e-21,
                9.77818956109516e-19,
                1.1434265574671415e-16,
                1.012050726756077e-14,
                6.7801731101003e-13,
                3.4381471109353624e-11,
                1.3196378683625784e-09,
                3.8338482933247306e-08,
                8.430860323011185e-07,
                1.4033982861378516e-05,
                0.00017684613121556988,
                0.0016872894466652224,
                0.012193447723047049,
                0.06679902824809124,
                0.2779282670043443,
                0.8819133612102888,
                2.1539644037763312,
                4.128568765666623,
                6.444553378004582,
                8.66891814694578,
                10.614528026454144,
                12.02307013920131,
                12.359183538615726,
                11.446355199218296,
                9.797863175040648,
                7.900261427196399,
                5.799880909125189,
                3.6224212019728856,
                1.8186054035299462,
                0.7104611118611008,
                0.21264568415993074,
                0.04842740299925514,
                0.008366601398488112,
                0.001095150782294876,
                0.00010854910103321572,
                8.145213583747472e-06,
                4.626554270131408e-07,
                1.9891711038542855e-08,
                6.473472568295151e-10,
                1.5945912902482288e-11,
                2.973080721489206e-13,
                4.195739486087742e-15,
                4.481820970018866e-17,
                3.6236356568349943e-19,
                2.2175759940509283e-21,
                1.0272033738884362e-23,
                3.6014574549247194e-26,
                9.557494582560976e-29,
                1.9197901106534062e-31,
                2.9188202899911746e-34,
                3.358960364121915e-37,
                2.9258113330893226e-40,
                1.9289975336191646e-43,
                9.626334370039361e-47,
                3.636085853950441e-50,
                1.0395639992700115e-53,
                2.2496359790455713e-57,
                3.684827680031024e-61,
                4.568420089540558e-65,
                4.2870524623066485e-69,
                3.0450573714215006e-73,
                1.6371032727367703e-77,
                6.661938048503486e-82,
                2.051960604878091e-86,
                4.783891964167977e-91,
                8.441849859793285e-96,
                1.1275551690827636e-100,
                1.1399397358352426e-105,
                8.723080906354992e-111,
                5.052447674815776e-116,
                2.2150200627544437e-121,
                7.350170608698666e-127,
                1.8461249480580648e-132
            ],
            "correctMedian": 0.5251238100919376,
            "incorrectMedian": 0.49319733609081745
        }
    },
    "calibrationData": [
        {
            "y": 0,
            "x": 0,
            "n": 0
        },
        {
            "y": 1.0,
            "x": 0.3786297567032199,
            "n": 3.0
        },
        {
            "y": 0.5714285714285714,
            "x": 0.4724086397607748,
            "n": 7.0
        },
        {
            "y": 0.8571428571428571,
            "x": 0.5325531496770852,
            "n": 7.0
        },
        {
            "y": 1.0,
            "x": 0.6781556139850078,
            "n": 1.0
        },
        {
            "y": 1.0,
            "x": 0.7787739805669022,
            "n": 3.0
        },
        {
            "y": 1.0,
            "x": 0.8393491494843321,
            "n": 4.0
        },
        {
            "y": 1,
            "x": 1,
            "n": 0
        }
    ],
    "probaDistribData": {
        "bins": [
            0.0,
            0.1,
            0.2,
            0.3,
            0.4,
            0.5,
            0.6,
            0.7,
            0.8,
            0.9,
            1.0
        ],
        "probaDistribs": [
            [
                0.0,
                0.0,
                0.0,
                0.0,
                3.0,
                1.0,
                0.0,
                0.0,
                0.0,
                0.0
            ],
            [
                0.0,
                0.0,
                0.0,
                3.0,
                4.0,
                6.0,
                1.0,
                3.0,
                4.0,
                0.0
            ]
        ]
    },
    "globalMetrics": {
        "testWeight": 25,
        "targetAvg": [
            0.84
        ],
        "targetStd": [
            0.37416573867739417
        ],
        "predictionAvg": [
            1.0
        ],
        "predictionStd": [
            0.0
        ]
    }
}