{
    "metrics": {},
    "processed_feature_names": null,
    "tiMetrics": {
        "auc": 0.7755102040816327,
        "logLoss": 0.5523310575364643,
        "lift": 1.1224489795918369,
        "calibrationLoss": 0.3140933819132501
    },
    "probaPercentiles": [
        0.37860300715380923,
        0.3884023314560577,
        0.3911924138261111,
        0.39493610353558983,
        0.40094461067620374,
        0.4074516327171155,
        0.4145817983833997,
        0.42211601162148543,
        0.42992800756518484,
        0.4322657377415203,
        0.4326874748992783,
        0.43498333750094637,
        0.437796729928645,
        0.44797499014042963,
        0.4568936882754149,
        0.46027031327248336,
        0.46329689301107735,
        0.4656233822327225,
        0.46755486777250355,
        0.46906096473181547,
        0.47058085903841673,
        0.4721088694316589,
        0.4766858978313224,
        0.4821340742328205,
        0.48415238565663493,
        0.4858101453044356,
        0.4863908727297484,
        0.4869622906608388,
        0.48750112536215096,
        0.4888984842927475,
        0.49175533441312735,
        0.49399127031621176,
        0.4956506430175218,
        0.4964905753835741,
        0.49692078758199754,
        0.49733209360018993,
        0.4977391027592388,
        0.49823420111236605,
        0.49869147701847055,
        0.4988190689809848,
        0.49955912369143796,
        0.5020490719674308,
        0.5038697474053672,
        0.5047169350788578,
        0.5059199376462624,
        0.5074075921287979,
        0.5082621783263715,
        0.5088502094565929,
        0.5094341995430994,
        0.5100174868393949,
        0.5130499817387746,
        0.5158117750410252,
        0.5170170341597826,
        0.5181170319765583,
        0.518967034201127,
        0.5221053015538674,
        0.5281039003168222,
        0.5326456827181836,
        0.5361859038709494,
        0.5393012684543482,
        0.5422679332384683,
        0.5595324400726295,
        0.578341138979984,
        0.5908308451277271,
        0.605831130139634,
        0.6318779621538608,
        0.6497477368746739,
        0.6512633970086593,
        0.6526261547191717,
        0.653824248281329,
        0.6594034804163188,
        0.667559852888269,
        0.6838530385054177,
        0.702471027878337,
        0.7076891381662531,
        0.7118516614935322,
        0.7162192268978543,
        0.7225729761296037,
        0.7358783687573478,
        0.7480448989487971,
        0.7582753629985454,
        0.7632441990105058,
        0.7633272375588063,
        0.767931294426276,
        0.7747958604533302,
        0.7894400380082276,
        0.8058523090921805,
        0.8070143444458617,
        0.8076125943500373,
        0.808392940882867,
        0.8168875490012888,
        0.8474229045071171,
        0.8661501012867964,
        0.8677017944648041,
        0.8690459570552412,
        0.8702240951756219,
        0.8759092095354304,
        0.8834919981013137,
        0.8921556863550344
    ],
    "perCutData": {
        "cut": [
            0,
            0.025,
            0.05,
            0.075,
            0.1,
            0.125,
            0.15,
            0.175,
            0.2,
            0.225,
            0.25,
            0.275,
            0.3,
            0.325,
            0.35,
            0.375,
            0.4,
            0.425,
            0.45,
            0.475,
            0.5,
            0.525,
            0.55,
            0.575,
            0.6,
            0.625,
            0.65,
            0.675,
            0.7,
            0.725,
            0.75,
            0.775,
            0.8,
            0.825,
            0.85,
            0.875,
            0.9,
            0.925,
            0.95,
            0.975
        ],
        "tp": [
            49,
            49,
            49,
            49,
            49,
            49,
            49,
            49,
            49,
            49,
            49,
            49,
            49,
            49,
            49,
            49,
            48,
            46,
            43,
            39,
            30,
            24,
            21,
            21,
            20,
            19,
            18,
            15,
            15,
            12,
            11,
            9,
            8,
            5,
            5,
            2,
            1,
            0,
            0,
            0
        ],
        "tn": [
            0,
            0,
            0,
            0,
            0,
            0,
            0,
            0,
            0,
            0,
            0,
            0,
            0,
            0,
            0,
            1,
            2,
            2,
            2,
            3,
            4,
            6,
            6,
            6,
            6,
            6,
            6,
            6,
            6,
            6,
            6,
            6,
            6,
            6,
            6,
            6,
            6,
            6,
            6,
            6
        ],
        "fp": [
            6,
            6,
            6,
            6,
            6,
            6,
            6,
            6,
            6,
            6,
            6,
            6,
            6,
            6,
            6,
            5,
            4,
            4,
            4,
            3,
            2,
            0,
            0,
            0,
            0,
            0,
            0,
            0,
            0,
            0,
            0,
            0,
            0,
            0,
            0,
            0,
            0,
            0,
            0,
            0
        ],
        "fn": [
            0,
            0,
            0,
            0,
            0,
            0,
            0,
            0,
            0,
            0,
            0,
            0,
            0,
            0,
            0,
            0,
            1,
            3,
            6,
            10,
            19,
            25,
            28,
            28,
            29,
            30,
            31,
            34,
            34,
            37,
            38,
            40,
            41,
            44,
            44,
            47,
            48,
            49,
            49,
            49
        ],
        "precision": [
            0.8909090909090909,
            0.8909090909090909,
            0.8909090909090909,
            0.8909090909090909,
            0.8909090909090909,
            0.8909090909090909,
            0.8909090909090909,
            0.8909090909090909,
            0.8909090909090909,
            0.8909090909090909,
            0.8909090909090909,
            0.8909090909090909,
            0.8909090909090909,
            0.8909090909090909,
            0.8909090909090909,
            0.9074074074074074,
            0.9230769230769231,
            0.92,
            0.9148936170212766,
            0.9285714285714286,
            0.9375,
            1.0,
            1.0,
            1.0,
            1.0,
            1.0,
            1.0,
            1.0,
            1.0,
            1.0,
            1.0,
            1.0,
            1.0,
            1.0,
            1.0,
            1.0,
            1.0,
            1.0,
            1.0,
            1.0
        ],
        "recall": [
            1.0,
            1.0,
            1.0,
            1.0,
            1.0,
            1.0,
            1.0,
            1.0,
            1.0,
            1.0,
            1.0,
            1.0,
            1.0,
            1.0,
            1.0,
            1.0,
            0.9795918367346939,
            0.9387755102040817,
            0.8775510204081632,
            0.7959183673469388,
            0.6122448979591837,
            0.4897959183673469,
            0.42857142857142855,
            0.42857142857142855,
            0.40816326530612246,
            0.3877551020408163,
            0.3673469387755102,
            0.30612244897959184,
            0.30612244897959184,
            0.24489795918367346,
            0.22448979591836735,
            0.1836734693877551,
            0.16326530612244897,
            0.10204081632653061,
            0.10204081632653061,
            0.04081632653061224,
            0.02040816326530612,
            0.0,
            0.0,
            0.0
        ],
        "accuracy": [
            0.8909090909090909,
            0.8909090909090909,
            0.8909090909090909,
            0.8909090909090909,
            0.8909090909090909,
            0.8909090909090909,
            0.8909090909090909,
            0.8909090909090909,
            0.8909090909090909,
            0.8909090909090909,
            0.8909090909090909,
            0.8909090909090909,
            0.8909090909090909,
            0.8909090909090909,
            0.8909090909090909,
            0.9090909090909091,
            0.9090909090909091,
            0.8727272727272727,
            0.8181818181818182,
            0.7636363636363637,
            0.6181818181818182,
            0.5454545454545454,
            0.4909090909090909,
            0.4909090909090909,
            0.4727272727272727,
            0.45454545454545453,
            0.43636363636363634,
            0.38181818181818183,
            0.38181818181818183,
            0.32727272727272727,
            0.3090909090909091,
            0.2727272727272727,
            0.2545454545454545,
            0.2,
            0.2,
            0.14545454545454545,
            0.12727272727272726,
            0.10909090909090909,
            0.10909090909090909,
            0.10909090909090909
        ],
        "f1": [
            0.9423076923076923,
            0.9423076923076923,
            0.9423076923076923,
            0.9423076923076923,
            0.9423076923076923,
            0.9423076923076923,
            0.9423076923076923,
            0.9423076923076923,
            0.9423076923076923,
            0.9423076923076923,
            0.9423076923076923,
            0.9423076923076923,
            0.9423076923076923,
            0.9423076923076923,
            0.9423076923076923,
            0.9514563106796117,
            0.9504950495049506,
            0.9292929292929293,
            0.8958333333333333,
            0.8571428571428572,
            0.7407407407407408,
            0.6575342465753424,
            0.6,
            0.6,
            0.5797101449275363,
            0.5588235294117647,
            0.5373134328358209,
            0.46874999999999994,
            0.46874999999999994,
            0.39344262295081966,
            0.36666666666666664,
            0.3103448275862069,
            0.2807017543859649,
            0.1851851851851852,
            0.1851851851851852,
            0.07843137254901959,
            0.039999999999999994,
            0.0,
            0.0,
            0.0
        ],
        "mcc": [
            0.0,
            0.0,
            0.0,
            0.0,
            0.0,
            0.0,
            0.0,
            0.0,
            0.0,
            0.0,
            0.0,
            0.0,
            0.0,
            0.0,
            0.0,
            0.3888888888888889,
            0.42958772458840316,
            0.295084445425327,
            0.18647649680758635,
            0.21714471617811162,
            0.1762792848755906,
            0.30789480347447123,
            0.27500954910846337,
            0.27500954910846337,
            0.2645200285064433,
            0.25421614885788835,
            0.24406919890778547,
            0.21428571428571427,
            0.21428571428571427,
            0.18485618263446585,
            0.1749635530559413,
            0.15478181111027467,
            0.1443689007542604,
            0.11065666703449763,
            0.11065666703449763,
            0.06797585020441235,
            0.047619047619047616,
            0.0,
            0.0,
            0.0
        ],
        "hammingLoss": [
            0.10909090909090909,
            0.10909090909090909,
            0.10909090909090909,
            0.10909090909090909,
            0.10909090909090909,
            0.10909090909090909,
            0.10909090909090909,
            0.10909090909090909,
            0.10909090909090909,
            0.10909090909090909,
            0.10909090909090909,
            0.10909090909090909,
            0.10909090909090909,
            0.10909090909090909,
            0.10909090909090909,
            0.09090909090909091,
            0.09090909090909091,
            0.12727272727272726,
            0.18181818181818182,
            0.23636363636363636,
            0.38181818181818183,
            0.45454545454545453,
            0.509090909090909,
            0.509090909090909,
            0.5272727272727272,
            0.5454545454545454,
            0.5636363636363636,
            0.6181818181818182,
            0.6181818181818182,
            0.6727272727272727,
            0.6909090909090909,
            0.7272727272727273,
            0.7454545454545455,
            0.8,
            0.8,
            0.8545454545454545,
            0.8727272727272727,
            0.8909090909090909,
            0.8909090909090909,
            0.8909090909090909
        ],
        "assertionsMetrics": []
    },
    "optimalThreshold": 0.375,
    "usedThreshold": 0.375,
    "rocVizData": [
        [
            {
                "x": 0.0,
                "y": 0.0,
                "p": 1.9010073571631614
            },
            {
                "x": 0.0,
                "y": 0.5510204081632653,
                "p": 0.5156332181345425
            },
            {
                "x": 0.16666666666666666,
                "y": 0.5510204081632653,
                "p": 0.5100174868393949
            },
            {
                "x": 0.3333333333333333,
                "y": 0.5918367346938775,
                "p": 0.5050934629337426
            },
            {
                "x": 0.3333333333333333,
                "y": 0.7346938775510204,
                "p": 0.49313085484145835
            },
            {
                "x": 0.5,
                "y": 0.7346938775510204,
                "p": 0.48784039165556975
            },
            {
                "x": 0.5,
                "y": 0.7959183673469388,
                "p": 0.4825376428551537
            },
            {
                "x": 0.6666666666666666,
                "y": 0.7959183673469388,
                "p": 0.47244842729682385
            },
            {
                "x": 0.6666666666666666,
                "y": 0.9795918367346939,
                "p": 0.404282670198767
            },
            {
                "x": 0.8333333333333334,
                "y": 0.9795918367346939,
                "p": 0.3931558051235561
            },
            {
                "x": 1.0,
                "y": 1.0,
                "p": 0.3675846842546573
            }
        ]
    ],
    "densityData": {
        "0": {
            "correct": [
                1.9327166774077133e-31,
                3.5838354254298146e-30,
                6.255095611929782e-29,
                1.0276096255591286e-27,
                1.5890338328190905e-26,
                2.312871658122918e-25,
                3.1687369479266647e-24,
                4.086393636581397e-23,
                4.960402725372665e-22,
                5.6678726325636655e-21,
                6.096122256911202e-20,
                6.171946213898371e-19,
                5.882072507901321e-18,
                5.276960141970922e-17,
                4.456444224541912e-16,
                3.542836138551269e-15,
                2.6514233568693206e-14,
                1.868017328151525e-13,
                1.2389847285640108e-12,
                7.736505440513338e-12,
                4.5480946991072496e-11,
                2.5172911607578034e-10,
                1.3118131570448405e-09,
                6.436687648329379e-09,
                2.9738872824478748e-08,
                1.2938400488940982e-07,
                5.300980416511105e-07,
                2.0454101316713943e-06,
                7.433380307345302e-06,
                2.5445552047339887e-05,
                8.205407284609287e-05,
                0.0002492874379402603,
                0.0007136229011467443,
                0.0019251706907999747,
                0.004895245659323644,
                0.011734565688446502,
                0.026524069280675452,
                0.05654563534922375,
                0.11372655556715262,
                0.21585412825026004,
                0.3867593341714872,
                0.6544320482859678,
                1.0461848885639569,
                1.5807576352249146,
                2.258630219455858,
                3.0533617296326026,
                3.9077106412399734,
                4.73782045529266,
                5.446577743734589,
                5.94392887620542,
                6.168801055113148,
                6.105797760912712,
                5.790889479783542,
                5.303643474416476,
                4.7478681870767145,
                4.2262363138271075,
                3.816199783732664,
                3.553853067179081,
                3.4297403959085178,
                3.396922515256044,
                3.3880948654802037,
                3.336205630835826,
                3.192484618978572,
                2.9371339819490387,
                2.580629845236204,
                2.1566714480042934,
                1.7102090402897603,
                1.284912040540091,
                0.9137582443564404,
                0.6146375982591222,
                0.39084031716865136,
                0.23483985980924013,
                0.13327814294267964,
                0.07141654277201591,
                0.03611953773156717,
                0.01723658079005358,
                0.007758874375868017,
                0.0032935850352458535,
                0.001318123478001854,
                0.0004972389478737796,
                0.00017677083266889998,
                5.921290283151537e-05,
                1.8685934601922815e-05,
                5.5545180118863346e-06,
                1.5551008576556295e-06,
                4.1002033483920097e-07,
                1.0179975083666792e-07,
                2.379838636545143e-08,
                5.238142930375472e-09,
                1.0854499425146495e-09,
                2.117493038243899e-10,
                3.888607586156055e-11,
                6.722163578314578e-12,
                1.0938357101339854e-12,
                1.6753689002661738e-13,
                2.415311563704551e-14,
                3.2774100721517634e-15,
                4.185768349461999e-16,
                5.031522103157584e-17,
                5.692425520667514e-18
            ],
            "incorrect": [
                0.15578878521511758,
                0.19556054179051693,
                0.24157372973852378,
                0.293756488839723,
                0.3517708025003997,
                0.4150046253236728,
                0.4825868875092941,
                0.5534257673603616,
                0.6262675002630032,
                0.6997700222710613,
                0.7725834836915072,
                0.8434285755317737,
                0.911163948174621,
                0.9748357499468107,
                1.0337051698515332,
                1.0872533028452707,
                1.1351660258249117,
                1.1773042701491707,
                1.2136666644304084,
                1.244351823115775,
                1.2695266788968946,
                1.2894055388204548,
                1.3042424466483773,
                1.3143374083561163,
                1.3200554039045513,
                1.321855983964674,
                1.3203305443000222,
                1.3162438453071825,
                1.3105757238612343,
                1.3045580385371929,
                1.2997006939369016,
                1.2977993373570067,
                1.300916456966452,
                1.3113277010760722,
                1.331426823644018,
                1.3635860903915245,
                1.4099742609193266,
                1.4723409715332234,
                1.5517836215061882,
                1.6485195123443388,
                1.7616906546707454,
                1.8892300944352443,
                2.0278159520605237,
                2.172932362960424,
                2.319045660352425,
                2.4598907149856446,
                2.588848208537209,
                2.699380941913231,
                2.785488158738762,
                2.8421329057828197,
                2.865599450322561,
                2.8537455321502523,
                2.806126574741974,
                2.7239839899025458,
                2.6101050706445057,
                2.468575418913046,
                2.3044546022397263,
                2.123410736501741,
                1.9313497840608291,
                1.7340711756938827,
                1.5369741323918316,
                1.3448302771990899,
                1.161629248370432,
                0.9904962258147594,
                0.8336743038731657,
                0.6925607676625465,
                0.5677844536555082,
                0.459311137585172,
                0.36656482177047434,
                0.28855442660046293,
                0.22399735104711868,
                0.1714333944727361,
                0.1293244729722514,
                0.09613733997467525,
                0.07040809521921738,
                0.050788614509650824,
                0.036076131313900535,
                0.025228027003272632,
                0.017364423702806105,
                0.011761423473429667,
                0.007837823352852148,
                0.005137903277061533,
                0.0033124950237859363,
                0.002100063917083911,
                0.001309036767219322,
                0.0008021435250324286,
                0.0004831440081645097,
                0.0002860045979616243,
                0.00016637686070460682,
                9.51024280867122e-05,
                5.3410634331197736e-05,
                2.9468846489813147e-05,
                1.5972117897442462e-05,
                8.503411400820315e-06,
                4.446568118341914e-06,
                2.2836511349007956e-06,
                1.1518120533819489e-06,
                5.70500962833053e-07,
                2.7747994133379146e-07,
                1.3252150349267173e-07
            ],
            "correctMedian": 0.5198555905238031,
            "incorrectMedian": 0.48056074234077933
        },
        "1": {
            "correct": [
                1.325215034926734e-07,
                2.7747994133379543e-07,
                5.705009628330631e-07,
                1.1518120533819652e-06,
                2.2836511349008198e-06,
                4.446568118341985e-06,
                8.503411400820404e-06,
                1.597211789744269e-05,
                2.9468846489813513e-05,
                5.341063433119831e-05,
                9.510242808671388e-05,
                0.00016637686070460888,
                0.0002860045979616279,
                0.0004831440081645149,
                0.0008021435250324394,
                0.0013090367672193301,
                0.0021000639170839297,
                0.0033124950237859775,
                0.005137903277061579,
                0.00783782335285223,
                0.01176142347342975,
                0.017364423702806244,
                0.02522802700327279,
                0.03607613131390079,
                0.050788614509651206,
                0.07040809521921779,
                0.09613733997467597,
                0.12932447297225208,
                0.17143339447273714,
                0.22399735104711999,
                0.2885544266004642,
                0.3665648217704761,
                0.4593111375851736,
                0.567784453655511,
                0.6925607676625486,
                0.8336743038731685,
                0.9904962258147624,
                1.1616292483704351,
                1.3448302771990934,
                1.5369741323918356,
                1.7340711756938858,
                1.9313497840608327,
                2.123410736501743,
                2.3044546022397303,
                2.4685754189130504,
                2.610105070644503,
                2.7239839899025435,
                2.806126574741976,
                2.8537455321502545,
                2.8655994503225584,
                2.8421329057828197,
                2.78548815873876,
                2.6993809419132284,
                2.588848208537209,
                2.4598907149856424,
                2.319045660352425,
                2.172932362960424,
                2.0278159520605237,
                1.8892300944352425,
                1.761690654670742,
                1.6485195123443375,
                1.5517836215061869,
                1.4723409715332234,
                1.4099742609193266,
                1.3635860903915231,
                1.331426823644018,
                1.3113277010760733,
                1.300916456966452,
                1.2977993373570067,
                1.299700693936903,
                1.3045580385371929,
                1.3105757238612343,
                1.3162438453071825,
                1.320330544300021,
                1.321855983964674,
                1.3200554039045513,
                1.314337408356115,
                1.3042424466483773,
                1.2894055388204548,
                1.2695266788968933,
                1.244351823115775,
                1.2136666644304062,
                1.1773042701491696,
                1.1351660258249117,
                1.0872533028452702,
                1.0337051698515318,
                0.9748357499468107,
                0.9111639481746198,
                0.8434285755317734,
                0.7725834836915054,
                0.6997700222710601,
                0.6262675002630026,
                0.5534257673603604,
                0.48258688750929346,
                0.4150046253236717,
                0.3517708025003991,
                0.2937564888397226,
                0.24157372973852315,
                0.19556054179051657,
                0.15578878521511744
            ],
            "incorrect": [
                5.692425520669334e-18,
                5.031522103159193e-17,
                4.1857683494633376e-16,
                3.2774100721526485e-15,
                2.415311563705212e-14,
                1.6753689002666204e-13,
                1.0938357101342498e-12,
                6.7221635783162016e-12,
                3.8886075861568976e-11,
                2.1174930382443578e-10,
                1.0854499425148732e-09,
                5.23814293037644e-09,
                2.3798386365455657e-08,
                1.0179975083668455e-07,
                4.1002033483926577e-07,
                1.5551008576558396e-06,
                5.554518011887085e-06,
                1.868593460192524e-05,
                5.9212902831521886e-05,
                0.00017677083266891882,
                0.0004972389478738255,
                0.0013181234780019688,
                0.003293585035246099,
                0.007758874375868568,
                0.017236580790054697,
                0.036119537731569125,
                0.07141654277201956,
                0.1332781429426851,
                0.23483985980924915,
                0.3908403171686639,
                0.6146375982591372,
                0.9137582443564598,
                1.2849120405401095,
                1.7102090402897816,
                2.1566714480043085,
                2.580629845236217,
                2.937133981949045,
                3.192484618978569,
                3.3362056308358197,
                3.3880948654801943,
                3.396922515256037,
                3.4297403959085115,
                3.55385306717908,
                3.8161997837326678,
                4.2262363138271075,
                4.7478681870767145,
                5.303643474416469,
                5.790889479783531,
                6.105797760912696,
                6.168801055113132,
                5.943928876205401,
                5.4465777437345695,
                4.7378204552926455,
                3.9077106412399663,
                3.0533617296325968,
                2.2586302194558603,
                1.5807576352249169,
                1.0461848885639629,
                0.6544320482859735,
                0.38675933417149044,
                0.2158541282502633,
                0.11372655556715434,
                0.056545635349225055,
                0.026524069280676067,
                0.011734565688446816,
                0.004895245659323826,
                0.0019251706908000464,
                0.0007136229011467785,
                0.0002492874379402722,
                8.205407284609783e-05,
                2.5445552047341425e-05,
                7.433380307345817e-06,
                2.0454101316715615e-06,
                5.300980416511538e-07,
                1.293840048894227e-07,
                2.9738872824481706e-08,
                6.436687648330065e-09,
                1.3118131570450175e-09,
                2.5172911607581255e-10,
                4.548094699107896e-11,
                7.736505440514437e-12,
                1.2389847285642134e-12,
                1.868017328151837e-13,
                2.6514233568698012e-14,
                3.5428361385519737e-15,
                4.456444224542799e-16,
                5.2769601419720844e-17,
                5.882072507902658e-18,
                6.17194621389995e-19,
                6.096122256912717e-20,
                5.667872632565196e-21,
                4.9604027253741465e-22,
                4.086393636582587e-23,
                3.1687369479277006e-24,
                2.3128716581236744e-25,
                1.5890338328196662e-26,
                1.0276096255595155e-27,
                6.255095611932093e-29,
                3.5838354254312404e-30,
                1.9327166774085648e-31
            ],
            "correctMedian": 0.5194392576592207,
            "incorrectMedian": 0.4801444094761968
        }
    },
    "calibrationData": [
        {
            "y": 0,
            "x": 0,
            "n": 0
        },
        {
            "y": 0.3333333333333333,
            "x": 0.3829098250993222,
            "n": 3.0
        },
        {
            "y": 0.9,
            "x": 0.4688115666167542,
            "n": 20.0
        },
        {
            "y": 0.8333333333333334,
            "x": 0.5230405448772674,
            "n": 12.0
        },
        {
            "y": 1.0,
            "x": 0.6451879642314913,
            "n": 5.0
        },
        {
            "y": 1.0,
            "x": 0.7402676388827283,
            "n": 7.0
        },
        {
            "y": 1.0,
            "x": 0.8445792783867427,
            "n": 7.0
        },
        {
            "y": 1.0,
            "x": 0.9010073571631614,
            "n": 1.0
        },
        {
            "y": 1,
            "x": 1,
            "n": 0
        }
    ],
    "probaDistribData": {
        "bins": [
            0.0,
            0.1,
            0.2,
            0.3,
            0.4,
            0.5,
            0.6,
            0.7,
            0.8,
            0.9,
            1.0
        ],
        "probaDistribs": [
            [
                0.0,
                0.0,
                0.0,
                2.0,
                2.0,
                2.0,
                0.0,
                0.0,
                0.0,
                0.0
            ],
            [
                0.0,
                0.0,
                0.0,
                1.0,
                18.0,
                10.0,
                5.0,
                7.0,
                7.0,
                1.0
            ]
        ]
    },
    "globalMetrics": {
        "testWeight": 55,
        "targetAvg": [
            0.8909090909090909
        ],
        "targetStd": [
            0.3146266024828463
        ],
        "predictionAvg": [
            0.9818181818181818
        ],
        "predictionStd": [
            0.13483997249264842
        ]
    }
}