{
    "perTimeseriesMetrics": {
        "__single_timeseries_identifier": {
            "mse": 318.0883641871005,
            "mase": 0.924540848545568,
            "mape": 0.3403608851095159,
            "smape": 0.4812967947142427,
            "mae": 8.343999784726362,
            "msis": 8.059728918551302
        }
    },
    "aggregatedMetrics": {
        "mse": 318.0883641871005,
        "mape": 0.3403608851095159,
        "mase": 0.924540848545568,
        "smape": 0.4812967947142427,
        "mae": 8.343999784726362,
        "msis": 8.059728918551302,
        "rmse": 17.8350319368119,
        "nd": 0.6580561596285146,
        "meanAbsoluteQuantileLoss": 207.1380824591447,
        "meanWeightedQuantileLoss": 0.6452899765082389
    }
}