{
    "perTimeseriesMetrics": {
        "__single_timeseries_identifier": {
            "mse": 246.1076115081509,
            "mase": 1.00759753563927,
            "mape": 0.4094045224868769,
            "smape": 0.3970230275386052,
            "mae": 8.407896702106182,
            "msis": 5.741457832602902
        }
    },
    "aggregatedMetrics": {
        "mse": 246.1076115081509,
        "mape": 0.4094045224868769,
        "mase": 1.00759753563927,
        "smape": 0.3970230275386052,
        "mae": 8.407896702106182,
        "msis": 5.741457832602903,
        "rmse": 15.687817295855753,
        "nd": 0.4338538903456468,
        "meanAbsoluteQuantileLoss": 92.7420712100135,
        "meanWeightedQuantileLoss": 0.35670027388466735
    }
}