{
  "params": {
    "ttPolicy": "SPLIT_SINGLE_DATASET",
    "ssdSplitMode": "RANDOM",
    "splitBeforePrepare": true,
    "ssdDatasetSmartName": "Train",
    "ssdSelection": {
      "useMemTable": false,
      "filter": {
        "distinct": false,
        "enabled": false
      },
      "partitionSelectionMethod": "ALL",
      "latestPartitionsN": 1,
      "ordering": {
        "enabled": false,
        "rules": []
      },
      "samplingMethod": "COLUMN_ORDERED",
      "maxRecords": 100000,
      "targetRatio": 0.02,
      "column": "Week_Start_parsed",
      "ascending": false,
      "withinFirstN": -1,
      "maxReadUncompressedBytes": -1,
      "seed": 1337
    },
    "ssdTrainingRatio": 0.8,
    "ssdStratified": false,
    "ssdGrouped": false,
    "ssdSeed": 1337,
    "ssdColumn": "Week_Start_parsed",
    "testOnLargerValues": true,
    "streamAll": true,
    "kfold": true,
    "nFolds": 6,
    "instanceIdRefresher": 0,
    "subSamplingSeed": 1337
  },
  "generationDate": 1698288245694,
  "format": "csv1",
  "schema": {
    "columns": [
      {"name":"Week_Start_parsed","type":"date"},
      {"name":"Week_Start_parsed_year","type":"bigint"},
      {"name":"WeekStartMMDD","type":"bigint"},
      {"name":"WeekEnd_Parse","type":"date"},
      {"name":"WeekEndMMDD","type":"bigint"},
      {"name":"ChristmasWeek","type":"bigint"},
      {"name":"ChristmasStory_popularity","type":"bigint"},
      {"name":"DieHard_popularity","type":"bigint"}
    ],
    "userModified": false
  },
  "fullPath": "/data/dataiku/dss_data/saved_models/HOLIDAYSHOPPINGBLOG/JiPhOY70/versions/1698288245683/split/full.csv.gz",
  "trainRows": 0,
  "testRows": 0,
  "fullRows": 219
}