{
  "state": "DONE",
  "postSearchDescription": {
    "importantParams": [
      {
        "name": "Season length",
        "val": "52"
      },
      {
        "name": "Seasonal smoother length",
        "val": "25"
      },
      {
        "name": "Degree of seasonal LOESS",
        "val": "1"
      },
      {
        "name": "Degree of trend LOESS",
        "val": "1"
      },
      {
        "name": "Degree of low pass LOESS",
        "val": "1"
      },
      {
        "name": "Seasonal jump",
        "val": "5"
      },
      {
        "name": "Trend jump",
        "val": "10"
      },
      {
        "name": "Low pass jump",
        "val": "10"
      }
    ]
  },
  "resumed": false,
  "timeOrderingEnabled": false,
  "sampleWeightsEnabled": false,
  "progress": {
    "top_level_todo": [],
    "stack": [],
    "top_level_done": [
      {
        "name": "Loading source dataset",
        "time": 20
      },
      {
        "name": "Time series resampling",
        "time": 26
      },
      {
        "name": "Preparing splits",
        "time": 1
      },
      {
        "name": "Hyperparameter searching",
        "time": 181340
      },
      {
        "name": "Fitting folds",
        "time": 339
      },
      {
        "name": "Fitting model on full data",
        "time": 18
      },
      {
        "name": "Saving model",
        "time": 10
      },
      {
        "name": "Saving data",
        "time": 83
      }
    ]
  },
  "startTime": 1698288247973,
  "endTime": 1698288429962,
  "preprocessingTime": 181,
  "trainingTime": 181808,
  "hyperparamsSearchTime": 181340,
  "pythonVersion": "3.7.17"
}