{
  "starred": false,
  "clusterMetas": {},
  "customMeta": {
    "kv": {}
  },
  "tags": [],
  "activeClassifierThreshold": 0.0,
  "name": "Seasonal trend (s11) - v2",
  "labels": [
    {
      "key": "trainDataset:dataset-name",
      "value": "Train"
    },
    {
      "key": "model:name",
      "value": "Seasonal trend (s11) - v2"
    },
    {
      "key": "testDataset:dataset-name",
      "value": "Train"
    },
    {
      "key": "model:algorithm",
      "value": "SEASONAL_LOESS"
    },
    {
      "key": "model:date",
      "value": "2023-10-26T02:47:09.962+0000"
    },
    {
      "key": "evaluationDataset:dataset-name",
      "value": "Train"
    },
    {
      "key": "evaluation:date",
      "value": "2023-10-26T02:47:09.962+0000"
    }
  ]
}