{
    "perTimeseriesMetrics": {
        "__single_timeseries_identifier": {
            "mse": 6.076923076923077,
            "mase": 0.21909468557513248,
            "mape": 0.21642246642246638,
            "smape": 0.2705435590050974,
            "mae": 1.7692307692307692,
            "msis": 2.190946855751325
        }
    },
    "aggregatedMetrics": {
        "mse": 6.076923076923077,
        "mape": 0.21642246642246638,
        "mase": 0.21909468557513248,
        "smape": 0.2705435590050974,
        "mae": 1.7692307692307692,
        "msis": 2.190946855751325,
        "rmse": 2.4651415936864716,
        "nd": 0.25842696629213485,
        "meanAbsoluteQuantileLoss": 23.0,
        "meanWeightedQuantileLoss": 0.25842696629213485
    }
}