{
    "per_feature": {
        "merchant_latitude": {
            "stats": {}
        },
        "purchase_day": {
            "stats": {}
        },
        "purchase_month": {
            "stats": {}
        },
        "card_fico_score": {
            "stats": {
                "min": 300.0,
                "average": 569.106529682651,
                "median": 565.0,
                "max": 850.0,
                "p99": 845.0,
                "std": 167.63286832402048
            },
            "missing_impute_with_value": 569.106529682651
        },
        "merchant_id": {
            "stats": {}
        },
        "card_longitude": {
            "stats": {}
        },
        "item_category": {
            "stats": {
                "mostFrequentValue": "D",
                "leastFrequentValue": "C"
            },
            "dropped_modality": "C",
            "category_possible_values": [
                "D",
                "A",
                "B"
            ],
            "category_possible_counts": [
                26353,
                22614,
                15485
            ]
        },
        "merchant_state_enName": {
            "stats": {}
        },
        "purchase_date_parsed": {
            "stats": {}
        },
        "card_state": {
            "stats": {
                "mostFrequentValue": "New York",
                "leastFrequentValue": "Rhode Island"
            },
            "dropped_modality": "Rhode Island",
            "category_possible_values": [
                "New York",
                "Pennsylvania",
                "Connecticut",
                "New Hampshire",
                "Massachusetts",
                "Maine",
                "Vermont",
                "Maryland",
                "New Jersey",
                "Delaware"
            ],
            "category_possible_counts": [
                27319,
                13543,
                12381,
                12315,
                12302,
                1092,
                334,
                328,
                204,
                64
            ]
        },
        "card_state_enName": {
            "stats": {}
        },
        "signature_provided": {
            "stats": {
                "min": 0.0,
                "average": 0.18685554109520472,
                "median": 0.0,
                "max": 1.0,
                "p99": 1.0,
                "std": 0.3897979594985316
            },
            "missing_impute_with_value": 0.18685554109520472
        },
        "purchase_dow": {
            "stats": {
                "min": 1.0,
                "average": 4.015141655821403,
                "median": 4.0,
                "max": 7.0,
                "p99": 7.0,
                "std": 1.9247057515523238
            },
            "missing_impute_with_value": 4.015141655821403
        },
        "card_age": {
            "stats": {
                "min": 18.0,
                "average": 45.84852087296026,
                "median": 41.0,
                "max": 100.0,
                "p99": 97.0,
                "std": 20.669107750009527
            },
            "missing_impute_with_value": 45.84852087296026
        },
        "merchant_cardholder_distance": {
            "stats": {
                "min": 0.0,
                "average": 172.11260737675764,
                "median": 114.66,
                "max": 770.09,
                "p99": 478.48,
                "std": 153.3821716180799
            },
            "missing_impute_with_value": 172.11260737675764
        },
        "card_first_active_month_parsed": {
            "stats": {}
        },
        "transaction_id": {
            "stats": {}
        },
        "purchase_year": {
            "stats": {}
        },
        "purchase_weekend": {
            "stats": {
                "min": 0.0,
                "average": 0.2833992391630794,
                "median": 0.0,
                "max": 1.0,
                "p99": 1.0,
                "std": 0.4506513638983977
            },
            "missing_impute_with_value": 0.2833992391630794
        },
        "card_first_active_month": {
            "stats": {}
        },
        "days_active": {
            "stats": {
                "min": -182.0,
                "average": 255.95482530783863,
                "median": 180.0,
                "max": 2070.0,
                "p99": 1225.0,
                "std": 253.6839207862208
            },
            "missing_impute_with_value": 255.95482530783863
        },
        "card_latitude": {
            "stats": {}
        },
        "merchant_location": {
            "stats": {}
        },
        "merchant_category_id": {
            "stats": {}
        },
        "card_id": {
            "stats": {}
        },
        "merchant_subsector_description": {
            "stats": {
                "mostFrequentValue": "gas",
                "leastFrequentValue": "software"
            },
            "dropped_modality": "software",
            "category_possible_values": [
                "gas",
                "consumer electronics",
                "luxury goods",
                "internet",
                "insurance",
                "groceries",
                "restaurant/dining",
                "entertainment",
                "gym",
                "carpentry",
                "retail apparel",
                "beauty & personal care",
                "hotel",
                "biotechnology",
                "liquor",
                "health care services",
                "advertising services",
                "real estate investments",
                "semiconductors",
                "tobacco",
                "flights",
                "news & journalism",
                "pharmaceuticals",
                "real estate services",
                "misc entertainment",
                "dental",
                "magic cards",
                "financial services",
                "utilities",
                "office supplies",
                "phone bill",
                "health care technology",
                "adult industry",
                "professional photography",
                "astrological services",
                "automobiles",
                "education services"
            ],
            "category_possible_counts": [
                13317,
                12663,
                11835,
                11447,
                7702,
                3576,
                3558,
                3329,
                3184,
                1594,
                1071,
                1057,
                535,
                512,
                456,
                445,
                356,
                344,
                300,
                253,
                201,
                165,
                158,
                122,
                108,
                98,
                96,
                78,
                42,
                29,
                25,
                24,
                23,
                21,
                20,
                16,
                15
            ]
        },
        "merchant_longitude": {
            "stats": {}
        },
        "purchase_hour": {
            "stats": {}
        },
        "card_location": {
            "stats": {}
        },
        "purchase_amount": {
            "stats": {
                "min": 2.06,
                "average": 225.00849146559014,
                "median": 84.92,
                "max": 48390.0,
                "p99": 1619.6454999999983,
                "std": 602.9632760193315
            },
            "missing_impute_with_value": 225.00849146559014
        },
        "card_reward_program": {
            "stats": {
                "mostFrequentValue": "cash_back",
                "leastFrequentValue": "dining_entertainment"
            },
            "dropped_modality": "dining_entertainment",
            "category_possible_values": [
                "cash_back",
                "travel"
            ],
            "category_possible_counts": [
                48217,
                16043
            ]
        },
        "merchant_state": {
            "stats": {
                "mostFrequentValue": "New York",
                "leastFrequentValue": "Rhode Island"
            },
            "dropped_modality": "Rhode Island",
            "category_possible_values": [
                "New York",
                "Massachusetts",
                "New Hampshire",
                "Pennsylvania",
                "Connecticut",
                "Maine",
                "Vermont",
                "Maryland",
                "New Jersey",
                "Delaware"
            ],
            "category_possible_counts": [
                24722,
                15586,
                13127,
                12452,
                10985,
                1035,
                432,
                264,
                117,
                40
            ]
        },
        "purchase_date": {
            "stats": {}
        },
        "authorized_flag": {
            "stats": {}
        }
    },
    "feature_order": [
        "merchant_latitude",
        "purchase_day",
        "purchase_month",
        "card_fico_score",
        "merchant_id",
        "card_longitude",
        "item_category",
        "merchant_state_enName",
        "purchase_date_parsed",
        "card_state",
        "card_state_enName",
        "signature_provided",
        "purchase_dow",
        "card_age",
        "merchant_cardholder_distance",
        "card_first_active_month_parsed",
        "transaction_id",
        "purchase_year",
        "purchase_weekend",
        "card_first_active_month",
        "days_active",
        "card_latitude",
        "merchant_location",
        "merchant_category_id",
        "card_id",
        "merchant_subsector_description",
        "merchant_longitude",
        "purchase_hour",
        "card_location",
        "purchase_amount",
        "card_reward_program",
        "merchant_state",
        "purchase_date",
        "authorized_flag"
    ]
}