{
    "details": {
        "item_category": {
            "levels": [
                "D",
                "A",
                "B"
            ],
            "with_others": false
        },
        "card_state": {
            "levels": [
                "New York",
                "Pennsylvania",
                "Connecticut",
                "New Hampshire",
                "Massachusetts",
                "Maine",
                "Vermont",
                "Maryland",
                "New Jersey",
                "Delaware"
            ],
            "with_others": false
        },
        "merchant_subsector_description": {
            "levels": [
                "gas",
                "consumer electronics",
                "luxury goods",
                "internet",
                "insurance",
                "groceries",
                "restaurant/dining",
                "entertainment",
                "gym",
                "carpentry",
                "retail apparel",
                "beauty & personal care",
                "hotel",
                "biotechnology",
                "liquor",
                "health care services",
                "advertising services",
                "real estate investments",
                "semiconductors",
                "tobacco",
                "flights",
                "news & journalism",
                "pharmaceuticals",
                "real estate services",
                "misc entertainment",
                "dental",
                "magic cards",
                "financial services",
                "utilities",
                "office supplies",
                "phone bill",
                "health care technology",
                "adult industry",
                "professional photography",
                "astrological services",
                "automobiles",
                "education services"
            ],
            "with_others": false
        },
        "card_reward_program": {
            "levels": [
                "cash_back",
                "travel"
            ],
            "with_others": false
        },
        "merchant_state": {
            "levels": [
                "New York",
                "Massachusetts",
                "New Hampshire",
                "Pennsylvania",
                "Connecticut",
                "Maine",
                "Vermont",
                "Maryland",
                "New Jersey",
                "Delaware"
            ],
            "with_others": false
        }
    }
}