[
    {
        "test_score_gib": -0.25994422244422244,
        "train_score": null,
        "test_score": 0.25994422244422244,
        "num_samples": 1,
        "fit_time": 0,
        "score_time": 48,
        "time": 48,
        "parameters": {
            "exp_kernel_weights": 0.5,
            "feature_scale": 1000.0,
            "kernel_type": "exponential"
        },
        "done_at": 1697578761832,
        "split_id": 0
    },
    {
        "test_score_gib": -0.4499708900736753,
        "train_score": null,
        "test_score": 0.4499708900736753,
        "num_samples": 1,
        "fit_time": 0,
        "score_time": 66,
        "time": 66,
        "parameters": {
            "exp_kernel_weights": 0.5,
            "feature_scale": 1000.0,
            "kernel_type": "exponential"
        },
        "done_at": 1697578761901,
        "split_id": 1
    },
    {
        "test_score_gib": -0.2357142857142857,
        "train_score": null,
        "test_score": 0.2357142857142857,
        "num_samples": 1,
        "fit_time": 1,
        "score_time": 70,
        "time": 71,
        "parameters": {
            "exp_kernel_weights": 0.5,
            "feature_scale": 1000.0,
            "kernel_type": "exponential"
        },
        "done_at": 1697578761975,
        "split_id": 2
    },
    {
        "test_score_gib": -0.254466366966367,
        "train_score": null,
        "test_score": 0.254466366966367,
        "num_samples": 1,
        "fit_time": 0,
        "score_time": 55,
        "time": 55,
        "parameters": {
            "exp_kernel_weights": 1.0,
            "feature_scale": 1000.0,
            "kernel_type": "exponential"
        },
        "done_at": 1697578762033,
        "split_id": 0
    },
    {
        "test_score_gib": -0.5717657618685471,
        "train_score": null,
        "test_score": 0.5717657618685471,
        "num_samples": 1,
        "fit_time": 0,
        "score_time": 59,
        "time": 59,
        "parameters": {
            "exp_kernel_weights": 1.0,
            "feature_scale": 1000.0,
            "kernel_type": "exponential"
        },
        "done_at": 1697578762094,
        "split_id": 1
    },
    {
        "test_score_gib": -0.25206043956043955,
        "train_score": null,
        "test_score": 0.25206043956043955,
        "num_samples": 1,
        "fit_time": 0,
        "score_time": 54,
        "time": 54,
        "parameters": {
            "exp_kernel_weights": 1.0,
            "feature_scale": 1000.0,
            "kernel_type": "exponential"
        },
        "done_at": 1697578762150,
        "split_id": 2
    },
    {
        "test_score_gib": -0.30974719724719724,
        "train_score": null,
        "test_score": 0.30974719724719724,
        "num_samples": 1,
        "fit_time": 1,
        "score_time": 47,
        "time": 48,
        "parameters": {
            "exp_kernel_weights": 2.0,
            "feature_scale": 1000.0,
            "kernel_type": "exponential"
        },
        "done_at": 1697578762201,
        "split_id": 0
    },
    {
        "test_score_gib": -0.6291359778594526,
        "train_score": null,
        "test_score": 0.6291359778594526,
        "num_samples": 1,
        "fit_time": 0,
        "score_time": 64,
        "time": 64,
        "parameters": {
            "exp_kernel_weights": 2.0,
            "feature_scale": 1000.0,
            "kernel_type": "exponential"
        },
        "done_at": 1697578762267,
        "split_id": 1
    },
    {
        "test_score_gib": -0.2844322344322344,
        "train_score": null,
        "test_score": 0.2844322344322344,
        "num_samples": 1,
        "fit_time": 0,
        "score_time": 62,
        "time": 62,
        "parameters": {
            "exp_kernel_weights": 2.0,
            "feature_scale": 1000.0,
            "kernel_type": "exponential"
        },
        "done_at": 1697578762331,
        "split_id": 2
    }
]