{
    "startedAt": 1697578761781,
    "gridSize": 3,
    "nThreads": 1,
    "nSplits": 3,
    "metric": "MAPE",
    "timeout": null,
    "gridPoints": [
        {
            "finishedAt": 1697578761975,
            "score": 0.31520979941072785,
            "testScoreGibMean": -0.31520979941072785,
            "testScoreMean": 0.31520979941072785,
            "testScoreStd": 0.09580252650107772,
            "trainScoreMean": null,
            "trainScoreStd": null,
            "time": 185,
            "fitTimeMean": 0.3333333333333333,
            "fitTimeStd": 0.4714045207910317,
            "scoreTimeMean": 61.333333333333336,
            "scoreTimeStd": 9.568466729604882,
            "parameters": {
                "exp_kernel_weights": 0.5,
                "feature_scale": 1000.0,
                "kernel_type": "exponential"
            }
        },
        {
            "finishedAt": 1697578762150,
            "score": 0.35943085613178455,
            "testScoreGibMean": -0.35943085613178455,
            "testScoreMean": 0.35943085613178455,
            "testScoreStd": 0.15014666444813338,
            "trainScoreMean": null,
            "trainScoreStd": null,
            "time": 168,
            "fitTimeMean": 0.0,
            "fitTimeStd": 0.0,
            "scoreTimeMean": 56.0,
            "scoreTimeStd": 2.160246899469287,
            "parameters": {
                "exp_kernel_weights": 1.0,
                "feature_scale": 1000.0,
                "kernel_type": "exponential"
            }
        },
        {
            "finishedAt": 1697578762331,
            "score": 0.4077718031796281,
            "testScoreGibMean": -0.4077718031796281,
            "testScoreMean": 0.4077718031796281,
            "testScoreStd": 0.15686891599748848,
            "trainScoreMean": null,
            "trainScoreStd": null,
            "time": 174,
            "fitTimeMean": 0.3333333333333333,
            "fitTimeStd": 0.4714045207910317,
            "scoreTimeMean": 57.666666666666664,
            "scoreTimeStd": 7.586537784494028,
            "parameters": {
                "exp_kernel_weights": 2.0,
                "feature_scale": 1000.0,
                "kernel_type": "exponential"
            }
        }
    ]
}