{
    "usedGridSearch": true,
    "gridSize": 3,
    "gridBestScore": 0.31520979941072785,
    "gridCells": [
        {
            "params": {
                "exp_kernel_weights": 0.5,
                "feature_scale": 1000.0,
                "kernel_type": "exponential"
            },
            "score": 0.31520979941072785,
            "scoreStd": 0.09580252650107772,
            "fitTime": 0.0003333333333333333,
            "fitTimeStd": 0.0004714045207910317,
            "scoreTime": 0.06133333333333334,
            "scoreTimeStd": 0.009568466729604883
        },
        {
            "params": {
                "exp_kernel_weights": 1.0,
                "feature_scale": 1000.0,
                "kernel_type": "exponential"
            },
            "score": 0.35943085613178455,
            "scoreStd": 0.15014666444813338,
            "fitTime": 0.0,
            "fitTimeStd": 0.0,
            "scoreTime": 0.056,
            "scoreTimeStd": 0.002160246899469287
        },
        {
            "params": {
                "exp_kernel_weights": 2.0,
                "feature_scale": 1000.0,
                "kernel_type": "exponential"
            },
            "score": 0.4077718031796281,
            "scoreStd": 0.15686891599748848,
            "fitTime": 0.0003333333333333333,
            "fitTimeStd": 0.0004714045207910317,
            "scoreTime": 0.057666666666666665,
            "scoreTimeStd": 0.007586537784494028
        }
    ],
    "modelInputNRows": 219,
    "modelInputNCols": 8,
    "modelInputIsSparse": false,
    "modelInputMemory": 14016,
    "totalNbOfTimeseries": 1,
    "minTimeseriesSizeForScoring": 26,
    "maxUsedTimestepsForScoring": 1100
}