{
  "starred": false,
  "clusterMetas": {},
  "customMeta": {
    "kv": {}
  },
  "tags": [],
  "activeClassifierThreshold": 0.0,
  "description": "",
  "name": "NPTS (s9)",
  "labels": [
    {
      "key": "trainDataset:dataset-name",
      "value": "Train"
    },
    {
      "key": "testDataset:dataset-name",
      "value": "Train"
    },
    {
      "key": "evaluationDataset:dataset-name",
      "value": "Train"
    },
    {
      "key": "model:algorithm",
      "value": "GLUONTS_NPTS_FORECASTER"
    },
    {
      "key": "model:name",
      "value": "NPTS (s9)"
    },
    {
      "key": "model:date",
      "value": "2023-10-17T21:39:23.222+0000"
    },
    {
      "key": "evaluation:date",
      "value": "2023-10-17T21:39:23.222+0000"
    }
  ]
}