{
  "algorithm": "SEASONAL_LOESS",
  "seasonal_loess_timeseries_grid": {
    "period": {
      "gridMode": "EXPLICIT",
      "randomMode": "RANGE",
      "limit": {
        "min": 2
      },
      "values": [
        4
      ],
      "range": {
        "min": 2,
        "max": 7,
        "nbValues": 3,
        "scaling": "LINEAR"
      }
    },
    "seasonal": {
      "gridMode": "EXPLICIT",
      "randomMode": "RANGE",
      "limit": {
        "min": 3
      },
      "values": [
        7
      ],
      "range": {
        "min": 3,
        "max": 31,
        "nbValues": 3,
        "scaling": "LINEAR"
      }
    },
    "trend": {
      "gridMode": "EXPLICIT",
      "randomMode": "RANGE",
      "limit": {
        "min": 3
      },
      "values": [
        5
      ],
      "range": {
        "min": 3,
        "max": 11,
        "nbValues": 3,
        "scaling": "LINEAR"
      }
    },
    "low_pass": {
      "gridMode": "EXPLICIT",
      "randomMode": "RANGE",
      "limit": {
        "min": 3
      },
      "values": [
        5
      ],
      "range": {
        "min": 3,
        "max": 11,
        "nbValues": 3,
        "scaling": "LINEAR"
      }
    },
    "seasonal_deg": {
      "values": {
        "0": {
          "enabled": false
        },
        "1": {
          "enabled": true
        }
      }
    },
    "trend_deg": {
      "values": {
        "0": {
          "enabled": false
        },
        "1": {
          "enabled": true
        }
      }
    },
    "low_pass_deg": {
      "values": {
        "0": {
          "enabled": false
        },
        "1": {
          "enabled": true
        }
      }
    },
    "seasonal_jump": {
      "gridMode": "EXPLICIT",
      "randomMode": "RANGE",
      "limit": {
        "min": 1
      },
      "values": [
        1
      ],
      "range": {
        "min": 1,
        "max": 10,
        "nbValues": 3,
        "scaling": "LINEAR"
      }
    },
    "trend_jump": {
      "gridMode": "EXPLICIT",
      "randomMode": "RANGE",
      "limit": {
        "min": 1
      },
      "values": [
        1
      ],
      "range": {
        "min": 1,
        "max": 10,
        "nbValues": 3,
        "scaling": "LINEAR"
      }
    },
    "low_pass_jump": {
      "gridMode": "EXPLICIT",
      "randomMode": "RANGE",
      "limit": {
        "min": 1
      },
      "values": [
        1
      ],
      "range": {
        "min": 1,
        "max": 10,
        "nbValues": 3,
        "scaling": "LINEAR"
      }
    },
    "auto_trend": true,
    "auto_low_pass": true,
    "enabled": true
  },
  "max_ensemble_nodes_serialized": 0,
  "metrics": {
    "customMetrics": [],
    "evaluationMetric": "MAPE",
    "customEvaluationMetricGIB": true,
    "customEvaluationMetricNeedsProba": false,
    "costMatrixWeights": {
      "tpGain": 1.0,
      "tnGain": 0.0,
      "fpGain": -0.3,
      "fnGain": 0.0
    },
    "liftPoint": 0.4,
    "netUpliftPoint": 0.5
  },
  "autoOptimizeThreshold": true,
  "forcedClassifierThreshold": 0.0,
  "gridLength": 1,
  "grid_search_params": {
    "mode": "TIME_SERIES_KFOLD",
    "splitRatio": 0.8,
    "shuffleIterations": 1,
    "nFolds": 3,
    "cvSeed": 1337,
    "stratified": true,
    "grouped": false,
    "strategy": "GRID",
    "bayesianOptimizer": "SCIKIT_OPTIMIZE",
    "randomized": true,
    "seed": 1337,
    "nIter": 0,
    "nIterRandom": 3,
    "timeout": 0,
    "nJobs": 1,
    "distributed": false,
    "nContainers": 4,
    "foldOffset": false
  },
  "pluginAlgoCustomGridSearch": false,
  "computeLearningCurves": false,
  "skipExpensiveReports": false,
  "propensityModeling": {
    "enabled": false,
    "calibrateProbabilities": false,
    "calibrationDataRatio": 0.1
  }
}