{
  "state": "DONE",
  "preSearchDescription": {
    "gridLength": 1,
    "searchStrategy": "GRID",
    "importantParams": [
      {
        "name": "Season length",
        "vals": [
          "4"
        ]
      },
      {
        "name": "Seasonal smoother length",
        "vals": [
          "7"
        ]
      },
      {
        "name": "Degree of seasonal LOESS",
        "vals": [
          "1"
        ]
      },
      {
        "name": "Degree of trend LOESS",
        "vals": [
          "1"
        ]
      },
      {
        "name": "Degree of low pass LOESS",
        "vals": [
          "1"
        ]
      },
      {
        "name": "Seasonal jump",
        "vals": [
          "1"
        ]
      },
      {
        "name": "Trend jump",
        "vals": [
          "1"
        ]
      },
      {
        "name": "Low pass jump",
        "vals": [
          "1"
        ]
      }
    ]
  },
  "postSearchDescription": {
    "importantParams": [
      {
        "name": "Season length",
        "val": "4"
      },
      {
        "name": "Seasonal smoother length",
        "val": "7"
      },
      {
        "name": "Degree of seasonal LOESS",
        "val": "1"
      },
      {
        "name": "Degree of trend LOESS",
        "val": "1"
      },
      {
        "name": "Degree of low pass LOESS",
        "val": "1"
      },
      {
        "name": "Seasonal jump",
        "val": "1"
      },
      {
        "name": "Trend jump",
        "val": "1"
      },
      {
        "name": "Low pass jump",
        "val": "1"
      }
    ]
  },
  "resumed": false,
  "timeOrderingEnabled": false,
  "sampleWeightsEnabled": false,
  "modelId": "m1",
  "progress": {
    "top_level_todo": [],
    "stack": [],
    "top_level_done": [
      {
        "name": "Loading source dataset",
        "time": 15
      },
      {
        "name": "Time series resampling",
        "time": 20
      },
      {
        "name": "Preparing splits",
        "time": 1
      },
      {
        "name": "Fitting folds",
        "time": 425
      },
      {
        "name": "Fitting model on full data",
        "time": 27
      },
      {
        "name": "Saving model",
        "time": 10
      },
      {
        "name": "Saving data",
        "time": 58
      }
    ]
  },
  "startTime": 1697577062751,
  "endTime": 1697577063499,
  "preprocessingTime": 211,
  "trainingTime": 537,
  "hyperparamsSearchTime": 0,
  "pythonVersion": "3.7.17"
}