{
  "starred": false,
  "clusterMetas": {},
  "customMeta": {
    "kv": {}
  },
  "tags": [],
  "activeClassifierThreshold": 0.0,
  "description": "",
  "name": "Seasonal trend (s1)",
  "labels": [
    {
      "key": "trainDataset:dataset-name",
      "value": "Train"
    },
    {
      "key": "testDataset:dataset-name",
      "value": "Train"
    },
    {
      "key": "evaluationDataset:dataset-name",
      "value": "Train"
    },
    {
      "key": "model:algorithm",
      "value": "SEASONAL_LOESS"
    },
    {
      "key": "model:name",
      "value": "Seasonal trend (s1)"
    },
    {
      "key": "model:date",
      "value": "2023-10-17T21:11:03.499+0000"
    },
    {
      "key": "evaluation:date",
      "value": "2023-10-17T21:11:03.499+0000"
    }
  ]
}