{
    "perTimeseriesMetrics": {
        "__single_timeseries_identifier": {
            "mse": 887.1424,
            "mase": 2.1920048455481527,
            "mape": 0.5636800079482245,
            "smape": 0.9079789877609478,
            "mae": 17.04307692307692,
            "msis": 19.756511205330103
        }
    },
    "aggregatedMetrics": {
        "mse": 887.1424,
        "mape": 0.5636800079482245,
        "mase": 2.1920048455481527,
        "smape": 0.9079789877609478,
        "mae": 17.04307692307692,
        "msis": 19.756511205330103,
        "rmse": 29.78493578975788,
        "nd": 0.78839590443686,
        "meanAbsoluteQuantileLoss": 224.2222222222222,
        "meanWeightedQuantileLoss": 0.7652635570724308
    }
}