{
    "startedAt": 1697559243947,
    "gridSize": 3,
    "nThreads": 1,
    "nSplits": 3,
    "metric": "MASE",
    "timeout": null,
    "gridPoints": [
        {
            "finishedAt": 1697559243999,
            "score": 1.466687874167488,
            "testScoreGibMean": -1.466687874167488,
            "testScoreMean": 1.466687874167488,
            "testScoreStd": 1.849596285111913,
            "trainScoreMean": null,
            "trainScoreStd": null,
            "time": 43,
            "fitTimeMean": 0.0,
            "fitTimeStd": 0.0,
            "scoreTimeMean": 14.333333333333334,
            "scoreTimeStd": 1.247219128924647,
            "parameters": {
                "season_length": 4
            }
        },
        {
            "finishedAt": 1697559244044,
            "score": 0.6635372641122886,
            "testScoreGibMean": -0.6635372641122886,
            "testScoreMean": 0.6635372641122886,
            "testScoreStd": 0.7597641219441273,
            "trainScoreMean": null,
            "trainScoreStd": null,
            "time": 38,
            "fitTimeMean": 0.3333333333333333,
            "fitTimeStd": 0.4714045207910317,
            "scoreTimeMean": 12.333333333333334,
            "scoreTimeStd": 0.4714045207910317,
            "parameters": {
                "season_length": 13
            }
        },
        {
            "finishedAt": 1697559244097,
            "score": 0.2186557334110069,
            "testScoreGibMean": -0.2186557334110069,
            "testScoreMean": 0.2186557334110069,
            "testScoreStd": 0.05108098309695506,
            "trainScoreMean": null,
            "trainScoreStd": null,
            "time": 46,
            "fitTimeMean": 0.0,
            "fitTimeStd": 0.0,
            "scoreTimeMean": 15.333333333333334,
            "scoreTimeStd": 1.247219128924647,
            "parameters": {
                "season_length": 52
            }
        }
    ]
}