[
    {
        "test_score_gib": -4.082388121262116,
        "train_score": null,
        "test_score": 4.082388121262116,
        "num_samples": 1,
        "fit_time": 0,
        "score_time": 16,
        "time": 16,
        "parameters": {
            "season_length": 4
        },
        "done_at": 1697559243967,
        "split_id": 0
    },
    {
        "test_score_gib": -0.14915323403387065,
        "train_score": null,
        "test_score": 0.14915323403387065,
        "num_samples": 1,
        "fit_time": 0,
        "score_time": 14,
        "time": 14,
        "parameters": {
            "season_length": 4
        },
        "done_at": 1697559243984,
        "split_id": 1
    },
    {
        "test_score_gib": -0.16852226720647773,
        "train_score": null,
        "test_score": 0.16852226720647773,
        "num_samples": 1,
        "fit_time": 0,
        "score_time": 13,
        "time": 13,
        "parameters": {
            "season_length": 4
        },
        "done_at": 1697559243999,
        "split_id": 2
    },
    {
        "test_score_gib": -1.7378840998143945,
        "train_score": null,
        "test_score": 1.7378840998143945,
        "num_samples": 1,
        "fit_time": 0,
        "score_time": 13,
        "time": 13,
        "parameters": {
            "season_length": 13
        },
        "done_at": 1697559244015,
        "split_id": 0
    },
    {
        "test_score_gib": -0.14037951438481944,
        "train_score": null,
        "test_score": 0.14037951438481944,
        "num_samples": 1,
        "fit_time": 0,
        "score_time": 12,
        "time": 12,
        "parameters": {
            "season_length": 13
        },
        "done_at": 1697559244029,
        "split_id": 1
    },
    {
        "test_score_gib": -0.11234817813765183,
        "train_score": null,
        "test_score": 0.11234817813765183,
        "num_samples": 1,
        "fit_time": 1,
        "score_time": 12,
        "time": 13,
        "parameters": {
            "season_length": 13
        },
        "done_at": 1697559244044,
        "split_id": 2
    },
    {
        "test_score_gib": -0.1557537636626108,
        "train_score": null,
        "test_score": 0.1557537636626108,
        "num_samples": 1,
        "fit_time": 0,
        "score_time": 14,
        "time": 14,
        "parameters": {
            "season_length": 52
        },
        "done_at": 1697559244061,
        "split_id": 0
    },
    {
        "test_score_gib": -0.21934299122628037,
        "train_score": null,
        "test_score": 0.21934299122628037,
        "num_samples": 1,
        "fit_time": 0,
        "score_time": 17,
        "time": 17,
        "parameters": {
            "season_length": 52
        },
        "done_at": 1697559244080,
        "split_id": 1
    },
    {
        "test_score_gib": -0.2808704453441295,
        "train_score": null,
        "test_score": 0.2808704453441295,
        "num_samples": 1,
        "fit_time": 0,
        "score_time": 15,
        "time": 15,
        "parameters": {
            "season_length": 52
        },
        "done_at": 1697559244097,
        "split_id": 2
    }
]