{
    "usedGridSearch": true,
    "gridSize": 3,
    "gridBestScore": 0.2186557334110069,
    "gridCells": [
        {
            "params": {
                "season_length": 4
            },
            "score": 1.466687874167488,
            "scoreStd": 1.849596285111913,
            "fitTime": 0.0,
            "fitTimeStd": 0.0,
            "scoreTime": 0.014333333333333333,
            "scoreTimeStd": 0.001247219128924647
        },
        {
            "params": {
                "season_length": 13
            },
            "score": 0.6635372641122886,
            "scoreStd": 0.7597641219441273,
            "fitTime": 0.0003333333333333333,
            "fitTimeStd": 0.0004714045207910317,
            "scoreTime": 0.012333333333333333,
            "scoreTimeStd": 0.0004714045207910317
        },
        {
            "params": {
                "season_length": 52
            },
            "score": 0.2186557334110069,
            "scoreStd": 0.05108098309695506,
            "fitTime": 0.0,
            "fitTimeStd": 0.0,
            "scoreTime": 0.015333333333333334,
            "scoreTimeStd": 0.001247219128924647
        }
    ],
    "modelInputNRows": 211,
    "modelInputNCols": 8,
    "modelInputIsSparse": false,
    "modelInputMemory": 13504,
    "totalNbOfTimeseries": 1,
    "minTimeseriesSizeForScoring": 52,
    "maxUsedTimestepsForScoring": 52
}