{
  "state": "DONE",
  "preSearchDescription": {
    "gridLength": 3,
    "searchStrategy": "GRID",
    "importantParams": [
      {
        "name": "Season length",
        "vals": [
          "4",
          "13",
          "52"
        ]
      }
    ]
  },
  "postSearchDescription": {
    "importantParams": [
      {
        "name": "Season length",
        "val": "52"
      }
    ]
  },
  "resumed": false,
  "timeOrderingEnabled": false,
  "sampleWeightsEnabled": false,
  "modelId": "m1",
  "progress": {
    "top_level_todo": [],
    "stack": [],
    "top_level_done": [
      {
        "name": "Loading source dataset",
        "time": 22
      },
      {
        "name": "Time series resampling",
        "time": 28
      },
      {
        "name": "Preparing splits",
        "time": 0
      },
      {
        "name": "Collecting statistics",
        "time": 5
      },
      {
        "name": "Preprocessing full set",
        "time": 7
      },
      {
        "name": "Hyperparameter searching",
        "time": 1006
      },
      {
        "name": "Fitting folds",
        "time": 193
      },
      {
        "name": "Fitting model on full data",
        "time": 1
      },
      {
        "name": "Saving model",
        "time": 3
      },
      {
        "name": "Saving data",
        "time": 79
      }
    ]
  },
  "startTime": 1697559242505,
  "endTime": 1697559245236,
  "preprocessingTime": 1440,
  "trainingTime": 1291,
  "hyperparamsSearchTime": 1006,
  "pythonVersion": "3.7.17"
}