{
  "pages": [
    {
      "id": "oFohwFA",
      "grid": {
        "tiles": []
      },
      "showTitle": false
    }
  ],
  "owner": "trevor",
  "listed": true,
  "name": "Timeseries1\u0027s default dashboard",
  "showGrid": true,
  "versionTag": {
    "versionNumber": 0,
    "lastModifiedBy": {
      "login": "trevor"
    },
    "lastModifiedOn": 1670851408662
  },
  "creationTag": {
    "versionNumber": 0,
    "lastModifiedBy": {
      "login": "trevor"
    },
    "lastModifiedOn": 1670851408662
  },
  "tags": [],
  "customFields": {},
  "checklists": {
    "checklists": []
  }
}