{
    "perTimeseriesMetrics": {
        "__single_timeseries_identifier": {
            "mse": 8.0,
            "mase": 0.2831434299965768,
            "mape": 0.508974358974359,
            "smape": 0.372960372960373,
            "mae": 2.3076923076923075,
            "msis": 2.831434299965769
        }
    },
    "aggregatedMetrics": {
        "mse": 8.0,
        "mape": 0.508974358974359,
        "mase": 0.2831434299965768,
        "smape": 0.372960372960373,
        "mae": 2.3076923076923075,
        "msis": 2.831434299965769,
        "rmse": 2.8284271247461903,
        "nd": 0.4918032786885246,
        "meanAbsoluteQuantileLoss": 30.0,
        "meanWeightedQuantileLoss": 0.4918032786885246
    }
}