[
    {
        "test_score_gib": -0.1557537636626108,
        "train_score": null,
        "test_score": 0.1557537636626108,
        "num_samples": 1,
        "fit_time": 1,
        "score_time": 30,
        "time": 31,
        "parameters": {
            "exp_kernel_weights": 0.5,
            "feature_scale": 1000.0,
            "kernel_type": "exponential"
        },
        "done_at": 1697559248755,
        "split_id": 0
    },
    {
        "test_score_gib": -0.122832075086717,
        "train_score": null,
        "test_score": 0.122832075086717,
        "num_samples": 1,
        "fit_time": 0,
        "score_time": 33,
        "time": 33,
        "parameters": {
            "exp_kernel_weights": 0.5,
            "feature_scale": 1000.0,
            "kernel_type": "exponential"
        },
        "done_at": 1697559248791,
        "split_id": 1
    },
    {
        "test_score_gib": -0.19660931174089066,
        "train_score": null,
        "test_score": 0.19660931174089066,
        "num_samples": 1,
        "fit_time": 1,
        "score_time": 36,
        "time": 37,
        "parameters": {
            "exp_kernel_weights": 0.5,
            "feature_scale": 1000.0,
            "kernel_type": "exponential"
        },
        "done_at": 1697559248829,
        "split_id": 2
    },
    {
        "test_score_gib": -0.20493916271396165,
        "train_score": null,
        "test_score": 0.20493916271396165,
        "num_samples": 1,
        "fit_time": 0,
        "score_time": 45,
        "time": 45,
        "parameters": {
            "exp_kernel_weights": 1.0,
            "feature_scale": 1000.0,
            "kernel_type": "exponential"
        },
        "done_at": 1697559248877,
        "split_id": 0
    },
    {
        "test_score_gib": -0.122832075086717,
        "train_score": null,
        "test_score": 0.122832075086717,
        "num_samples": 1,
        "fit_time": 1,
        "score_time": 39,
        "time": 40,
        "parameters": {
            "exp_kernel_weights": 1.0,
            "feature_scale": 1000.0,
            "kernel_type": "exponential"
        },
        "done_at": 1697559248918,
        "split_id": 1
    },
    {
        "test_score_gib": -0.19660931174089066,
        "train_score": null,
        "test_score": 0.19660931174089066,
        "num_samples": 1,
        "fit_time": 0,
        "score_time": 50,
        "time": 50,
        "parameters": {
            "exp_kernel_weights": 1.0,
            "feature_scale": 1000.0,
            "kernel_type": "exponential"
        },
        "done_at": 1697559248971,
        "split_id": 2
    },
    {
        "test_score_gib": -0.21313672922252008,
        "train_score": null,
        "test_score": 0.21313672922252008,
        "num_samples": 1,
        "fit_time": 0,
        "score_time": 37,
        "time": 37,
        "parameters": {
            "exp_kernel_weights": 2.0,
            "feature_scale": 1000.0,
            "kernel_type": "exponential"
        },
        "done_at": 1697559249011,
        "split_id": 0
    },
    {
        "test_score_gib": -0.14915323403387065,
        "train_score": null,
        "test_score": 0.14915323403387065,
        "num_samples": 1,
        "fit_time": 0,
        "score_time": 38,
        "time": 38,
        "parameters": {
            "exp_kernel_weights": 2.0,
            "feature_scale": 1000.0,
            "kernel_type": "exponential"
        },
        "done_at": 1697559249051,
        "split_id": 1
    },
    {
        "test_score_gib": -0.18724696356275305,
        "train_score": null,
        "test_score": 0.18724696356275305,
        "num_samples": 1,
        "fit_time": 0,
        "score_time": 43,
        "time": 43,
        "parameters": {
            "exp_kernel_weights": 2.0,
            "feature_scale": 1000.0,
            "kernel_type": "exponential"
        },
        "done_at": 1697559249096,
        "split_id": 2
    }
]