{
    "startedAt": 1697559248722,
    "gridSize": 3,
    "nThreads": 1,
    "nSplits": 3,
    "metric": "MASE",
    "timeout": null,
    "gridPoints": [
        {
            "finishedAt": 1697559248829,
            "score": 0.1583983834967395,
            "testScoreGibMean": -0.1583983834967395,
            "testScoreMean": 0.1583983834967395,
            "testScoreStd": 0.030177427244347025,
            "trainScoreMean": null,
            "trainScoreStd": null,
            "time": 101,
            "fitTimeMean": 0.6666666666666666,
            "fitTimeStd": 0.4714045207910317,
            "scoreTimeMean": 33.0,
            "scoreTimeStd": 2.449489742783178,
            "parameters": {
                "exp_kernel_weights": 0.5,
                "feature_scale": 1000.0,
                "kernel_type": "exponential"
            }
        },
        {
            "finishedAt": 1697559248971,
            "score": 0.17479351651385644,
            "testScoreGibMean": -0.17479351651385644,
            "testScoreMean": 0.17479351651385644,
            "testScoreStd": 0.036899323848348264,
            "trainScoreMean": null,
            "trainScoreStd": null,
            "time": 135,
            "fitTimeMean": 0.3333333333333333,
            "fitTimeStd": 0.4714045207910317,
            "scoreTimeMean": 44.666666666666664,
            "scoreTimeStd": 4.4969125210773475,
            "parameters": {
                "exp_kernel_weights": 1.0,
                "feature_scale": 1000.0,
                "kernel_type": "exponential"
            }
        },
        {
            "finishedAt": 1697559249096,
            "score": 0.18317897560638127,
            "testScoreGibMean": -0.18317897560638127,
            "testScoreMean": 0.18317897560638127,
            "testScoreStd": 0.02627905767778937,
            "trainScoreMean": null,
            "trainScoreStd": null,
            "time": 118,
            "fitTimeMean": 0.0,
            "fitTimeStd": 0.0,
            "scoreTimeMean": 39.333333333333336,
            "scoreTimeStd": 2.6246692913372702,
            "parameters": {
                "exp_kernel_weights": 2.0,
                "feature_scale": 1000.0,
                "kernel_type": "exponential"
            }
        }
    ]
}