{
    "usedGridSearch": true,
    "gridSize": 3,
    "gridBestScore": 0.1583983834967395,
    "gridCells": [
        {
            "params": {
                "exp_kernel_weights": 0.5,
                "feature_scale": 1000.0,
                "kernel_type": "exponential"
            },
            "score": 0.1583983834967395,
            "scoreStd": 0.030177427244347025,
            "fitTime": 0.0006666666666666666,
            "fitTimeStd": 0.0004714045207910317,
            "scoreTime": 0.033,
            "scoreTimeStd": 0.002449489742783178
        },
        {
            "params": {
                "exp_kernel_weights": 1.0,
                "feature_scale": 1000.0,
                "kernel_type": "exponential"
            },
            "score": 0.17479351651385644,
            "scoreStd": 0.036899323848348264,
            "fitTime": 0.0003333333333333333,
            "fitTimeStd": 0.0004714045207910317,
            "scoreTime": 0.04466666666666667,
            "scoreTimeStd": 0.0044969125210773475
        },
        {
            "params": {
                "exp_kernel_weights": 2.0,
                "feature_scale": 1000.0,
                "kernel_type": "exponential"
            },
            "score": 0.18317897560638127,
            "scoreStd": 0.02627905767778937,
            "fitTime": 0.0,
            "fitTimeStd": 0.0,
            "scoreTime": 0.03933333333333334,
            "scoreTimeStd": 0.0026246692913372703
        }
    ],
    "modelInputNRows": 211,
    "modelInputNCols": 8,
    "modelInputIsSparse": false,
    "modelInputMemory": 13504,
    "totalNbOfTimeseries": 1,
    "minTimeseriesSizeForScoring": 13,
    "maxUsedTimestepsForScoring": 1100
}