{
  "state": "DONE",
  "preSearchDescription": {
    "gridLength": 3,
    "searchStrategy": "GRID",
    "importantParams": [
      {
        "name": "Kernel type",
        "vals": [
          "exponential"
        ]
      },
      {
        "name": "Exponential kernel weights",
        "vals": [
          "0.5",
          "1.0",
          "2.0"
        ]
      },
      {
        "name": "Feature scale",
        "vals": [
          "1000.0"
        ]
      }
    ]
  },
  "postSearchDescription": {
    "importantParams": [
      {
        "name": "Kernel type",
        "val": "exponential"
      },
      {
        "name": "Exponential kernel weights",
        "val": "0.5"
      },
      {
        "name": "Seasonal model",
        "val": "true"
      },
      {
        "name": "Use default time features",
        "val": "true"
      },
      {
        "name": "Feature scale",
        "val": "1000.0"
      }
    ]
  },
  "resumed": false,
  "timeOrderingEnabled": false,
  "sampleWeightsEnabled": false,
  "modelId": "m1",
  "progress": {
    "top_level_todo": [],
    "stack": [],
    "top_level_done": [
      {
        "name": "Loading source dataset",
        "time": 22
      },
      {
        "name": "Time series resampling",
        "time": 41
      },
      {
        "name": "Preparing splits",
        "time": 0
      },
      {
        "name": "Collecting statistics",
        "time": 6
      },
      {
        "name": "Preprocessing full set",
        "time": 9
      },
      {
        "name": "Hyperparameter searching",
        "time": 1005
      },
      {
        "name": "Fitting folds",
        "time": 628
      },
      {
        "name": "Fitting model on full data",
        "time": 1
      },
      {
        "name": "Saving model",
        "time": 5
      },
      {
        "name": "Saving data",
        "time": 72
      }
    ]
  },
  "startTime": 1697559247234,
  "endTime": 1697559250437,
  "preprocessingTime": 1468,
  "trainingTime": 1735,
  "hyperparamsSearchTime": 1005,
  "pythonVersion": "3.7.17"
}