{
  "tags": {
    "ANALYSIS.2wsPyKPw": {
      "versionNumber": 6,
      "lastModifiedBy": {
        "login": "admin"
      },
      "lastModifiedOn": 1738854226944
    },
    "ANALYSIS.EMXc6QMX": {
      "versionNumber": 0,
      "lastModifiedBy": {
        "login": "admin"
      },
      "lastModifiedOn": 1738933347985
    },
    "DASHBOARD.j2rEXCp": {
      "versionNumber": 0,
      "lastModifiedBy": {
        "login": "admin"
      },
      "lastModifiedOn": 1738786324873
    },
    "DATASET.538_Ratings": {
      "versionNumber": 0,
      "lastModifiedBy": {
        "login": "admin"
      },
      "lastModifiedOn": 1738851908687
    },
    "DATASET.538_Ratings__1_": {
      "versionNumber": 1,
      "lastModifiedBy": {
        "login": "admin"
      },
      "lastModifiedOn": 1738850530361
    },
    "DATASET.Barttorvik_Away_Neutral": {
      "versionNumber": 1,
      "lastModifiedBy": {
        "login": "admin"
      },
      "lastModifiedOn": 1738850549034
    },
    "DATASET.Barttorvik_Away_Neutral_prepared": {
      "versionNumber": 0,
      "lastModifiedBy": {
        "login": "admin"
      },
      "lastModifiedOn": 1738852586624
    },
    "DATASET.Heat_Check_Tournament_Index": {
      "versionNumber": 1,
      "lastModifiedBy": {
        "login": "admin"
      },
      "lastModifiedOn": 1738850577886
    },
    "DATASET.Heat_Check_Tournament_Index_prepared": {
      "versionNumber": 1,
      "lastModifiedBy": {
        "login": "admin"
      },
      "lastModifiedOn": 1738860302751
    },
    "DATASET.Heat_Check_Tournament_Index_prepared_prepared": {
      "versionNumber": 2,
      "lastModifiedBy": {
        "login": "admin"
      },
      "lastModifiedOn": 1738860603054
    },
    "DATASET.Resumes": {
      "versionNumber": 1,
      "lastModifiedBy": {
        "login": "admin"
      },
      "lastModifiedOn": 1738850639610
    },
    "DATASET.Resumes_prepared": {
      "versionNumber": 0,
      "lastModifiedBy": {
        "login": "admin"
      },
      "lastModifiedOn": 1738850755843
    },
    "DATASET.Resumes_prepared_joined": {
      "versionNumber": 3,
      "lastModifiedBy": {
        "login": "admin"
      },
      "lastModifiedOn": 1738853817220
    },
    "DATASET.Tournament_Matchups": {
      "versionNumber": 1,
      "lastModifiedBy": {
        "login": "admin"
      },
      "lastModifiedOn": 1738928527540
    },
    "DATASET.Tournament_Matchups_joined": {
      "versionNumber": 2,
      "lastModifiedBy": {
        "login": "admin"
      },
      "lastModifiedOn": 1738928874213
    },
    "DATASET.Tournament_Matchups_joined_prepared": {
      "versionNumber": 2,
      "lastModifiedBy": {
        "login": "admin"
      },
      "lastModifiedOn": 1738929248932
    },
    "DATASET.Upset_Seed_Info": {
      "versionNumber": 1,
      "lastModifiedBy": {
        "login": "admin"
      },
      "lastModifiedOn": 1738850560941
    },
    "DATASET.Upset_Seed_Info_prepared": {
      "versionNumber": 0,
      "lastModifiedBy": {
        "login": "admin"
      },
      "lastModifiedOn": 1738853809098
    },
    "DATASET.team_stats": {
      "versionNumber": 2,
      "lastModifiedBy": {
        "login": "admin"
      },
      "lastModifiedOn": 1738929382042
    },
    "DATASET.team_stats_prepared": {
      "versionNumber": 5,
      "lastModifiedBy": {
        "login": "admin"
      },
      "lastModifiedOn": 1738930404821
    },
    "RECIPE.compute_538_Ratings": {
      "versionNumber": 1,
      "lastModifiedBy": {
        "login": "admin"
      },
      "lastModifiedOn": 1738851936469
    },
    "RECIPE.compute_Barttorvik_Away_Neutral_prepared": {
      "versionNumber": 1,
      "lastModifiedBy": {
        "login": "admin"
      },
      "lastModifiedOn": 1738852599835
    },
    "RECIPE.compute_Heat_Check_Tournament_Index_prepared": {
      "versionNumber": 3,
      "lastModifiedBy": {
        "login": "admin"
      },
      "lastModifiedOn": 1738860373762
    },
    "RECIPE.compute_Heat_Check_Tournament_Index_prepared_prepared": {
      "versionNumber": 3,
      "lastModifiedBy": {
        "login": "admin"
      },
      "lastModifiedOn": 1738860662184
    },
    "RECIPE.compute_Resumes_prepared": {
      "versionNumber": 1,
      "lastModifiedBy": {
        "login": "admin"
      },
      "lastModifiedOn": 1738851087402
    },
    "RECIPE.compute_Resumes_prepared_joined": {
      "versionNumber": 3,
      "lastModifiedBy": {
        "login": "admin"
      },
      "lastModifiedOn": 1738853809137
    },
    "RECIPE.compute_Tournament_Matchups_joined": {
      "versionNumber": 1,
      "lastModifiedBy": {
        "login": "admin"
      },
      "lastModifiedOn": 1738928874343
    },
    "RECIPE.compute_Tournament_Matchups_joined_prepared": {
      "versionNumber": 5,
      "lastModifiedBy": {
        "login": "admin"
      },
      "lastModifiedOn": 1738929249031
    },
    "RECIPE.compute_Upset_Seed_Info_prepared": {
      "versionNumber": 1,
      "lastModifiedBy": {
        "login": "admin"
      },
      "lastModifiedOn": 1738853813018
    },
    "RECIPE.compute_team_stats": {
      "versionNumber": 2,
      "lastModifiedBy": {
        "login": "admin"
      },
      "lastModifiedOn": 1738929440737
    },
    "RECIPE.compute_team_stats_prepared": {
      "versionNumber": 5,
      "lastModifiedBy": {
        "login": "admin"
      },
      "lastModifiedOn": 1738930404911
    },
    "STATISTICS_WORKSHEET.5UUyQc41do": {
      "versionNumber": 2,
      "lastModifiedBy": {
        "login": "admin"
      },
      "lastModifiedOn": 1738853116680
    },
    "STATISTICS_WORKSHEET.968CkQrGFM": {
      "versionNumber": 1,
      "lastModifiedBy": {
        "login": "admin"
      },
      "lastModifiedOn": 1738852622029
    },
    "STATISTICS_WORKSHEET.MbpzNUI2ev": {
      "versionNumber": 2,
      "lastModifiedBy": {
        "login": "admin"
      },
      "lastModifiedOn": 1738853849230
    },
    "STATISTICS_WORKSHEET.dOjpPlcJmb": {
      "versionNumber": 1,
      "lastModifiedBy": {
        "login": "admin"
      },
      "lastModifiedOn": 1738851955964
    },
    "STATISTICS_WORKSHEET.hMj1mmnZYc": {
      "versionNumber": 1,
      "lastModifiedBy": {
        "login": "admin"
      },
      "lastModifiedOn": 1738852831588
    },
    "STATISTICS_WORKSHEET.ruzDOlRePe": {
      "versionNumber": 2,
      "lastModifiedBy": {
        "login": "admin"
      },
      "lastModifiedOn": 1738930422720
    }
  }
}