{
  "type": "StatsDB",
  "managed": false,
  "featureGroup": false,
  "checklists": {
    "checklists": []
  },
  "checks": [],
  "customMeta": {
    "kv": {}
  },
  "flowOptions": {
    "virtualizable": false,
    "rebuildBehavior": "NORMAL",
    "crossProjectBuildBehavior": "DEFAULT"
  },
  "readWriteOptions": {
    "preserveOrder": false,
    "writeBuckets": 1,
    "forceSingleOutputFile": false,
    "defaultReadOrdering": {
      "enabled": false,
      "rules": []
    }
  },
  "partitioning": {
    "ignoreNonMatchingFile": false,
    "considerMissingRequestedPartitionsAsEmpty": false,
    "dimensions": []
  },
  "versionTag": {
    "versionNumber": 0,
    "lastModifiedBy": {
      "login": "admin"
    },
    "lastModifiedOn": 1693927501329,
    "extendedProperties": {}
  },
  "creationTag": {
    "versionNumber": 0,
    "lastModifiedBy": {
      "login": "admin"
    },
    "lastModifiedOn": 1693927501329,
    "extendedProperties": {}
  },
  "tags": [],
  "params": {
    "view": "JOBS",
    "orderByDate": false,
    "clusterTasks": {},
    "commits": {},
    "jobs": {},
    "scenarioRuns": {},
    "flowActions": {}
  },
  "schema": {
    "columns": [
      {"name":"job_project_key","type":"string"},
      {"name":"job_id","type":"string"},
      {"name":"time_start","type":"date"},
      {"name":"time_end","type":"date"},
      {"name":"stable_state","type":"boolean"},
      {"name":"state","type":"string"},
      {"name":"warnings_count","type":"bigint"},
      {"name":"scenario_project_key","type":"string"},
      {"name":"scenario_id","type":"string"},
      {"name":"scenario_run_id","type":"string"},
      {"name":"step_id","type":"string"},
      {"name":"step_run_id","type":"string"},
      {"name":"job_def_type","type":"string"},
      {"name":"job_def_trigger_type","type":"string"},
      {"name":"job_def_initiator","type":"string"},
      {"name":"job_def_initiated","type":"date"},
      {"name":"job_def_refresh_metastore","type":"boolean"},
      {"name":"job_def_outputs","type":"string"}
    ],
    "userModified": true
  },
  "dkuProperties": [],
  "metrics": {
    "probes": [
      {
        "type": "basic",
        "enabled": true,
        "computeOnBuildMode": "PARTITION",
        "meta": {
          "name": "Basic data",
          "level": 0
        },
        "configuration": {}
      },
      {
        "type": "records",
        "enabled": true,
        "computeOnBuildMode": "NO",
        "meta": {
          "name": "Record count",
          "level": 0
        },
        "configuration": {}
      }
    ],
    "engineConfig": {
      "padRunsWithMetrics": false,
      "hive": {
        "active": true,
        "extraConf": []
      },
      "basic": {},
      "dss": {
        "active": true,
        "selection": {
          "useMemTable": false,
          "filter": {
            "distinct": false,
            "enabled": false
          },
          "partitionSelectionMethod": "ALL",
          "latestPartitionsN": 1,
          "ordering": {
            "enabled": false,
            "rules": []
          },
          "samplingMethod": "FULL",
          "maxRecords": -1,
          "targetRatio": 0.02,
          "ascending": true,
          "withinFirstN": -1,
          "maxReadUncompressedBytes": -1
        }
      },
      "sql": {
        "active": true
      },
      "impala": {
        "active": true
      },
      "spark": {
        "active": true,
        "extraConf": []
      },
      "python": {}
    },
    "displayedState": {
      "columns": [],
      "metrics": [
        "basic:COUNT_COLUMNS",
        "records:COUNT_RECORDS"
      ]
    }
  },
  "metricsChecks": {
    "runOnBuild": false,
    "checks": [],
    "displayedState": {
      "checks": []
    }
  },
  "customFields": {}
}