{
  "params": {
    "ttPolicy": "SPLIT_SINGLE_DATASET",
    "ssdSplitMode": "RANDOM",
    "splitBeforePrepare": true,
    "ssdSelection": {
      "useMemTable": false,
      "filter": {
        "distinct": false,
        "enabled": false
      },
      "partitionSelectionMethod": "ALL",
      "latestPartitionsN": 1,
      "ordering": {
        "enabled": false,
        "rules": []
      },
      "samplingMethod": "HEAD_SEQUENTIAL",
      "maxRecords": 100000,
      "targetRatio": 0.02,
      "withinFirstN": -1,
      "maxReadUncompressedBytes": -1
    },
    "ssdTrainingRatio": 0.8,
    "ssdStratified": false,
    "ssdSeed": 1337,
    "testOnLargerValues": true,
    "streamAll": false,
    "kfold": false,
    "nFolds": 5,
    "instanceIdRefresher": 0,
    "subSamplingSeed": 1337
  },
  "generationDate": 1670856747218,
  "policyId": "type\u003dSPLIT_SINGLE_DATASET,split\u003dRANDOM,splitBeforePrepare\u003dtrue,ds\u003dtraining,sel\u003d(method\u003dhead-s,records\u003d100000),r\u003d0.8,s\u003d1337",
  "instanceId": "f74682ad0abfe2396f3b5cd6a3d992f7-0",
  "format": "csv1",
  "schema": {
    "columns": [
      {"name":"Asset","type":"string"},
      {"name":"failure_bin","type":"bigint"},
      {"name":"age_intial","type":"bigint"},
      {"name":"age_last_known","type":"bigint"},
      {"name":"time_in_service","type":"bigint"},
      {"name":"distance_initial","type":"double"},
      {"name":"distance_last_known","type":"double"},
      {"name":"distance","type":"double"},
      {"name":"times_measured","type":"bigint"},
      {"name":"R044_Quantity_sum","type":"bigint"},
      {"name":"R064_Quantity_sum","type":"bigint"},
      {"name":"R119_Quantity_sum","type":"bigint"},
      {"name":"R193_Quantity_sum","type":"bigint"},
      {"name":"R364_Quantity_sum","type":"bigint"},
      {"name":"R396_Quantity_sum","type":"bigint"},
      {"name":"R417_Quantity_sum","type":"bigint"},
      {"name":"R446_Quantity_sum","type":"bigint"},
      {"name":"R565_Quantity_sum","type":"bigint"},
      {"name":"R575_Quantity_sum","type":"bigint"},
      {"name":"R606_Quantity_sum","type":"bigint"},
      {"name":"R707_Quantity_sum","type":"bigint"},
      {"name":"R782_Quantity_sum","type":"bigint"},
      {"name":"R783_Quantity_sum","type":"bigint"}
    ],
    "userModified": false
  },
  "trainPath": "train-f74682ad0abfe2396f3b5cd6a3d992f7-0.csv.gz",
  "testPath": "test-f74682ad0abfe2396f3b5cd6a3d992f7-0.csv.gz",
  "trainRows": 1303,
  "testRows": 321,
  "fullRows": 0
}