{
    "perTimeseriesMetrics": {
        "__single_timeseries_identifier": {
            "mse": 37.84615384615385,
            "mase": 0.5883303048657379,
            "mape": 0.2736324738696403,
            "smape": 0.3527854500858104,
            "mae": 4.769230769230769,
            "msis": 5.88330304865738
        }
    },
    "aggregatedMetrics": {
        "mse": 37.84615384615385,
        "mape": 0.2736324738696403,
        "mase": 0.5883303048657379,
        "smape": 0.3527854500858104,
        "mae": 4.769230769230769,
        "msis": 5.88330304865738,
        "rmse": 6.15192277634837,
        "nd": 0.21160409556313994,
        "meanAbsoluteQuantileLoss": 62.0,
        "meanWeightedQuantileLoss": 0.21160409556313994
    }
}