{
  "type": "prediction_scoring",
  "neverRecomputeExistingPartitions": false,
  "optionalDependencies": false,
  "params": {
    "containerSelection": {
      "containerMode": "INHERIT"
    }
  },
  "customMeta": {
    "kv": {}
  },
  "redispatchPartitioning": false,
  "maxRunningActivities": 0,
  "variables": {},
  "dkuProperties": [],
  "inputs": {
    "model": {
      "items": [
        {
          "ref": "dVuIIHtL",
          "deps": []
        }
      ]
    },
    "main": {
      "items": [
        {
          "ref": "scoring",
          "deps": []
        }
      ]
    }
  },
  "outputs": {
    "main": {
      "items": [
        {
          "ref": "scored",
          "appendMode": false
        }
      ]
    }
  },
  "labels": [],
  "versionTag": {
    "versionNumber": 1,
    "lastModifiedBy": {
      "login": "trevor"
    },
    "lastModifiedOn": 1670858193505
  },
  "creationTag": {
    "versionNumber": 0,
    "lastModifiedBy": {
      "login": "trevor"
    },
    "lastModifiedOn": 1670857615909
  },
  "tags": [],
  "customFields": {},
  "checklists": {
    "checklists": []
  }
}