{
  "type": "split",
  "neverRecomputeExistingPartitions": false,
  "optionalDependencies": false,
  "customMeta": {
    "kv": {}
  },
  "redispatchPartitioning": false,
  "maxRunningActivities": 0,
  "variables": {},
  "dkuProperties": [],
  "inputs": {
    "main": {
      "items": [
        {
          "ref": "failure_usage_by_asset_prepared",
          "deps": []
        }
      ]
    }
  },
  "outputs": {
    "main": {
      "items": [
        {
          "ref": "training",
          "appendMode": false
        },
        {
          "ref": "scoring",
          "appendMode": false
        }
      ]
    }
  },
  "labels": [],
  "versionTag": {
    "versionNumber": 2,
    "lastModifiedBy": {
      "login": "trevor"
    },
    "lastModifiedOn": 1671051158571
  },
  "creationTag": {
    "versionNumber": 0,
    "lastModifiedBy": {
      "login": "trevor"
    },
    "lastModifiedOn": 1670855937350
  },
  "tags": [],
  "customFields": {},
  "checklists": {
    "checklists": []
  }
}