{
  "type": "split",
  "neverRecomputeExistingPartitions": false,
  "optionalDependencies": false,
  "customMeta": {
    "kv": {}
  },
  "redispatchPartitioning": false,
  "maxRunningActivities": 0,
  "variables": {},
  "dkuProperties": [],
  "inputs": {
    "main": {
      "items": [
        {
          "ref": "scored",
          "deps": []
        }
      ]
    }
  },
  "outputs": {
    "main": {
      "items": [
        {
          "ref": "assets_mid_risk",
          "appendMode": false
        },
        {
          "ref": "assets_high_risk",
          "appendMode": false
        }
      ]
    }
  },
  "labels": [],
  "versionTag": {
    "versionNumber": 3,
    "lastModifiedBy": {
      "login": "trevor"
    },
    "lastModifiedOn": 1671051234664
  },
  "creationTag": {
    "versionNumber": 0,
    "lastModifiedBy": {
      "login": "trevor"
    },
    "lastModifiedOn": 1670858540427
  },
  "tags": [],
  "customFields": {},
  "checklists": {
    "checklists": []
  }
}