{
    "per_feature": {
        "R606_Quantity_sum": {
            "stats": {
                "min": 0.0,
                "average": 0.5947812739831159,
                "median": 0.0,
                "max": 203.0,
                "p99": 4.0,
                "std": 7.995200389758751
            },
            "missing_impute_with_value": 0.5947812739831159
        },
        "distance": {
            "stats": {
                "min": -159919.3518197203,
                "average": 1589.7345700311873,
                "median": 1787.326723894501,
                "max": 3084.787047296206,
                "p99": 2884.0497745939747,
                "std": 4530.830213196804
            },
            "missing_impute_with_value": 1589.7345700311873
        },
        "R119_Quantity_sum": {
            "stats": {
                "min": 0.0,
                "average": 5.322333077513431,
                "median": 0.0,
                "max": 2391.0,
                "p99": 107.94000000000005,
                "std": 70.5888150786984
            },
            "missing_impute_with_value": 5.322333077513431
        },
        "R396_Quantity_sum": {
            "stats": {
                "min": 0.0,
                "average": 0.07444359171143515,
                "median": 0.0,
                "max": 97.0,
                "p99": 0.0,
                "std": 2.6871971263769594
            },
            "missing_impute_with_value": 0.07444359171143515
        },
        "R417_Quantity_sum": {
            "stats": {
                "min": 0.0,
                "average": 22.490406753645434,
                "median": 0.0,
                "max": 548.0,
                "p99": 275.0,
                "std": 56.55327701721471
            },
            "missing_impute_with_value": 22.490406753645434
        },
        "R575_Quantity_sum": {
            "stats": {
                "min": 0.0,
                "average": 0.4006139677666922,
                "median": 0.0,
                "max": 112.0,
                "p99": 8.0,
                "std": 4.197402414201889
            },
            "missing_impute_with_value": 0.4006139677666922
        },
        "R446_Quantity_sum": {
            "stats": {
                "min": 0.0,
                "average": 11.820414428242517,
                "median": 3.0,
                "max": 351.0,
                "p99": 112.0,
                "std": 26.366027706736826
            },
            "missing_impute_with_value": 11.820414428242517
        },
        "R044_Quantity_sum": {
            "stats": {
                "min": 0.0,
                "average": 0.5065234075211051,
                "median": 0.0,
                "max": 100.0,
                "p99": 13.900000000000091,
                "std": 4.172885793506602
            },
            "missing_impute_with_value": 0.5065234075211051
        },
        "R193_Quantity_sum": {
            "stats": {
                "min": -1.0,
                "average": 52.363008442056795,
                "median": 25.0,
                "max": 918.0,
                "p99": 416.18000000000075,
                "std": 84.2252087488763
            },
            "missing_impute_with_value": 52.363008442056795
        },
        "R565_Quantity_sum": {
            "stats": {
                "min": 0.0,
                "average": 125.34151957022256,
                "median": 88.0,
                "max": 4246.0,
                "p99": 799.8600000000001,
                "std": 210.737763061529
            },
            "missing_impute_with_value": 125.34151957022256
        },
        "age_intial": {
            "stats": {
                "min": 0.0,
                "average": 196.08288564850346,
                "median": 146.0,
                "max": 710.0,
                "p99": 654.9200000000001,
                "std": 147.0413566293802
            },
            "missing_impute_with_value": 196.08288564850346
        },
        "time_in_service": {
            "stats": {
                "min": -248.0,
                "average": 247.65157329240216,
                "median": 233.0,
                "max": 730.0,
                "p99": 694.0,
                "std": 287.90979852150997
            },
            "missing_impute_with_value": 247.65157329240216
        },
        "R782_Quantity_sum": {
            "stats": {}
        },
        "failure_bin": {
            "stats": {}
        },
        "R707_Quantity_sum": {
            "stats": {
                "min": 0.0,
                "average": 281.28626247122025,
                "median": 224.0,
                "max": 5279.0,
                "p99": 934.2000000000007,
                "std": 292.8905787305872
            },
            "missing_impute_with_value": 281.28626247122025
        },
        "R364_Quantity_sum": {
            "stats": {
                "min": 0.0,
                "average": 9.33077513430545,
                "median": 2.0,
                "max": 477.0,
                "p99": 88.94000000000005,
                "std": 25.611094045065464
            },
            "missing_impute_with_value": 9.33077513430545
        },
        "R783_Quantity_sum": {
            "stats": {
                "min": 0.0,
                "average": 2.4950115118956253,
                "median": 0.0,
                "max": 105.0,
                "p99": 68.88000000000011,
                "std": 9.867155932005128
            },
            "missing_impute_with_value": 2.4950115118956253
        },
        "distance_last_known": {
            "stats": {
                "min": 25746.018901941836,
                "average": 30648.740240624717,
                "median": 30896.472486158233,
                "max": 37240.81130612003,
                "p99": 35957.308819883045,
                "std": 2578.240637739842
            },
            "missing_impute_with_value": 30648.740240624717
        },
        "R064_Quantity_sum": {
            "stats": {
                "min": 0.0,
                "average": 0.060629316960859554,
                "median": 0.0,
                "max": 79.0,
                "p99": 0.0,
                "std": 2.188541989523569
            },
            "missing_impute_with_value": 0.060629316960859554
        },
        "age_last_known": {
            "stats": {
                "min": 6.0,
                "average": 443.7344589409056,
                "median": 636.0,
                "max": 730.0,
                "p99": 730.0,
                "std": 293.0575483907762
            },
            "missing_impute_with_value": 443.7344589409056
        },
        "Asset": {
            "stats": {}
        },
        "times_measured": {
            "stats": {
                "min": 1.0,
                "average": 12.33077513430545,
                "median": 12.0,
                "max": 47.0,
                "p99": 26.0,
                "std": 5.337059656169604
            },
            "missing_impute_with_value": 12.33077513430545
        },
        "distance_initial": {
            "stats": {
                "min": 25740.47544654615,
                "average": 29059.00567059352,
                "median": 28650.789529283276,
                "max": 187239.12853241744,
                "p99": 33888.304539293036,
                "std": 4960.209898521059
            },
            "missing_impute_with_value": 29059.00567059352
        }
    },
    "feature_order": [
        "R606_Quantity_sum",
        "distance",
        "R119_Quantity_sum",
        "R396_Quantity_sum",
        "R417_Quantity_sum",
        "R575_Quantity_sum",
        "R446_Quantity_sum",
        "R044_Quantity_sum",
        "R193_Quantity_sum",
        "R565_Quantity_sum",
        "age_intial",
        "time_in_service",
        "R782_Quantity_sum",
        "failure_bin",
        "R707_Quantity_sum",
        "R364_Quantity_sum",
        "R783_Quantity_sum",
        "distance_last_known",
        "R064_Quantity_sum",
        "age_last_known",
        "Asset",
        "times_measured",
        "distance_initial"
    ]
}