{
    "resolved": {
        "algorithm": "GLUONTS_SIMPLE_FEEDFORWARD",
        "skipExpensiveReports": false,
        "gluonts_simple_feedforward_timeseries_params": {
            "context_length": null,
            "distr_output": "StudentTOutput",
            "batch_normalization": "true",
            "mean_scaling": "true",
            "num_hidden_dimensions": [
                40,
                40
            ],
            "num_parallel_samples": 100,
            "learning_rate": 0.01,
            "batch_size": 32,
            "epochs": 10,
            "num_batches_per_epoch": 50,
            "seed": 1337
        }
    }
}