{
    "startedAt": 1697559248907,
    "gridSize": 2,
    "nThreads": 1,
    "nSplits": 3,
    "metric": "MASE",
    "timeout": null,
    "gridPoints": [
        {
            "finishedAt": 1697559259532,
            "score": 0.3697192913539693,
            "testScoreGibMean": -0.3697192913539693,
            "testScoreMean": 0.3697192913539693,
            "testScoreStd": 0.33021027088266336,
            "trainScoreMean": null,
            "trainScoreStd": null,
            "time": 10616,
            "fitTimeMean": 3514.0,
            "fitTimeStd": 121.34523751127057,
            "scoreTimeMean": 24.666666666666668,
            "scoreTimeStd": 1.8856180831641267,
            "parameters": {
                "batch_normalization": "true",
                "distr_output": "StudentTOutput",
                "learning_rate": 0.001,
                "mean_scaling": "true"
            }
        },
        {
            "finishedAt": 1697559270236,
            "score": 0.2779561380272187,
            "testScoreGibMean": -0.2779561380272187,
            "testScoreMean": 0.2779561380272187,
            "testScoreStd": 0.18250372181057958,
            "trainScoreMean": null,
            "trainScoreStd": null,
            "time": 10697,
            "fitTimeMean": 3540.6666666666665,
            "fitTimeStd": 97.74911195959218,
            "scoreTimeMean": 25.0,
            "scoreTimeStd": 9.899494936611665,
            "parameters": {
                "batch_normalization": "true",
                "distr_output": "StudentTOutput",
                "learning_rate": 0.01,
                "mean_scaling": "true"
            }
        }
    ]
}