[
    {
        "test_score_gib": -0.8366208914801814,
        "train_score": null,
        "test_score": 0.8366208914801814,
        "num_samples": 1,
        "fit_time": 3672,
        "score_time": 22,
        "time": 3694,
        "parameters": {
            "batch_normalization": "true",
            "distr_output": "StudentTOutput",
            "learning_rate": 0.001,
            "mean_scaling": "true"
        },
        "done_at": 1697559252605,
        "split_id": 0
    },
    {
        "test_score_gib": -0.14404064313510662,
        "train_score": null,
        "test_score": 0.14404064313510662,
        "num_samples": 1,
        "fit_time": 3377,
        "score_time": 26,
        "time": 3403,
        "parameters": {
            "batch_normalization": "true",
            "distr_output": "StudentTOutput",
            "learning_rate": 0.001,
            "mean_scaling": "true"
        },
        "done_at": 1697559256010,
        "split_id": 1
    },
    {
        "test_score_gib": -0.12849633944661995,
        "train_score": null,
        "test_score": 0.12849633944661995,
        "num_samples": 1,
        "fit_time": 3493,
        "score_time": 26,
        "time": 3519,
        "parameters": {
            "batch_normalization": "true",
            "distr_output": "StudentTOutput",
            "learning_rate": 0.001,
            "mean_scaling": "true"
        },
        "done_at": 1697559259532,
        "split_id": 2
    },
    {
        "test_score_gib": -0.5359286613428954,
        "train_score": null,
        "test_score": 0.5359286613428954,
        "num_samples": 1,
        "fit_time": 3627,
        "score_time": 39,
        "time": 3666,
        "parameters": {
            "batch_normalization": "true",
            "distr_output": "StudentTOutput",
            "learning_rate": 0.01,
            "mean_scaling": "true"
        },
        "done_at": 1697559263201,
        "split_id": 0
    },
    {
        "test_score_gib": -0.1419666183649144,
        "train_score": null,
        "test_score": 0.1419666183649144,
        "num_samples": 1,
        "fit_time": 3404,
        "score_time": 18,
        "time": 3422,
        "parameters": {
            "batch_normalization": "true",
            "distr_output": "StudentTOutput",
            "learning_rate": 0.01,
            "mean_scaling": "true"
        },
        "done_at": 1697559266626,
        "split_id": 1
    },
    {
        "test_score_gib": -0.15597313437384633,
        "train_score": null,
        "test_score": 0.15597313437384633,
        "num_samples": 1,
        "fit_time": 3591,
        "score_time": 18,
        "time": 3609,
        "parameters": {
            "batch_normalization": "true",
            "distr_output": "StudentTOutput",
            "learning_rate": 0.01,
            "mean_scaling": "true"
        },
        "done_at": 1697559270236,
        "split_id": 2
    }
]