{
    "usedGridSearch": true,
    "gridSize": 2,
    "gridBestScore": 0.2779561380272187,
    "gridCells": [
        {
            "params": {
                "batch_normalization": "true",
                "distr_output": "StudentTOutput",
                "learning_rate": 0.001,
                "mean_scaling": "true"
            },
            "score": 0.3697192913539693,
            "scoreStd": 0.33021027088266336,
            "fitTime": 3.514,
            "fitTimeStd": 0.12134523751127056,
            "scoreTime": 0.024666666666666667,
            "scoreTimeStd": 0.0018856180831641268
        },
        {
            "params": {
                "batch_normalization": "true",
                "distr_output": "StudentTOutput",
                "learning_rate": 0.01,
                "mean_scaling": "true"
            },
            "score": 0.2779561380272187,
            "scoreStd": 0.18250372181057958,
            "fitTime": 3.5406666666666666,
            "fitTimeStd": 0.09774911195959218,
            "scoreTime": 0.025,
            "scoreTimeStd": 0.009899494936611665
        }
    ],
    "modelInputNRows": 211,
    "modelInputNCols": 8,
    "modelInputIsSparse": false,
    "modelInputMemory": 13504,
    "totalNbOfTimeseries": 1,
    "minTimeseriesSizeForScoring": 13,
    "maxUsedTimestepsForScoring": 13
}