{
  "state": "DONE",
  "preSearchDescription": {
    "gridLength": 2,
    "searchStrategy": "GRID",
    "importantParams": [
      {
        "name": "Learning rate",
        "vals": [
          "0.001",
          "0.01"
        ]
      },
      {
        "name": "Output distribution",
        "vals": [
          "StudentTOutput"
        ]
      },
      {
        "name": "Batch normalization",
        "vals": [
          "true"
        ]
      },
      {
        "name": "Mean scaling",
        "vals": [
          "true"
        ]
      },
      {
        "name": "Hidden layer sizes",
        "val": "[40, 40]"
      }
    ]
  },
  "postSearchDescription": {
    "importantParams": [
      {
        "name": "Learning rate",
        "val": "0.01"
      },
      {
        "name": "Output distribution",
        "val": "StudentTOutput"
      },
      {
        "name": "Batch normalization",
        "val": "true"
      },
      {
        "name": "Mean scaling",
        "val": "true"
      },
      {
        "name": "Hidden layer sizes",
        "val": "[40, 40]"
      },
      {
        "name": "Epochs",
        "val": "10"
      }
    ]
  },
  "resumed": false,
  "timeOrderingEnabled": false,
  "sampleWeightsEnabled": false,
  "modelId": "m1",
  "progress": {
    "top_level_todo": [],
    "stack": [],
    "top_level_done": [
      {
        "name": "Loading source dataset",
        "time": 18
      },
      {
        "name": "Time series resampling",
        "time": 34
      },
      {
        "name": "Preparing splits",
        "time": 0
      },
      {
        "name": "Collecting statistics",
        "time": 4
      },
      {
        "name": "Preprocessing full set",
        "time": 8
      },
      {
        "name": "Hyperparameter searching",
        "time": 22028
      },
      {
        "name": "Fitting folds",
        "time": 26857
      },
      {
        "name": "Fitting model on full data",
        "time": 2589
      },
      {
        "name": "Saving model",
        "time": 16
      },
      {
        "name": "Saving data",
        "time": 65
      }
    ]
  },
  "startTime": 1697559247518,
  "endTime": 1697559300473,
  "preprocessingTime": 1388,
  "trainingTime": 51567,
  "hyperparamsSearchTime": 22028,
  "pythonVersion": "3.7.17"
}