{
  "starred": false,
  "clusterMetas": {},
  "customMeta": {
    "kv": {}
  },
  "tags": [],
  "activeClassifierThreshold": 0.0,
  "description": "",
  "name": "Simple Feed Forward (s1)",
  "labels": [
    {
      "key": "trainDataset:dataset-name",
      "value": "MoviesPrepped"
    },
    {
      "key": "testDataset:dataset-name",
      "value": "MoviesPrepped"
    },
    {
      "key": "evaluationDataset:dataset-name",
      "value": "MoviesPrepped"
    },
    {
      "key": "model:algorithm",
      "value": "GLUONTS_SIMPLE_FEEDFORWARD"
    },
    {
      "key": "model:name",
      "value": "Simple Feed Forward (s1)"
    },
    {
      "key": "model:date",
      "value": "2023-10-17T16:15:00.473+0000"
    },
    {
      "key": "evaluation:date",
      "value": "2023-10-17T16:15:00.473+0000"
    }
  ]
}