{
  "type": "step_based",
  "name": "Nightly Cleanup",
  "active": false,
  "creationTag": {
    "versionNumber": 8,
    "lastModifiedBy": {
      "login": "admin"
    },
    "lastModifiedOn": 1677085725408
  },
  "versionTag": {
    "versionNumber": 9,
    "lastModifiedBy": {
      "login": "admin"
    },
    "lastModifiedOn": 1677253891773
  },
  "checklists": {
    "checklists": []
  },
  "delayedTriggersBehavior": {
    "delayWhileRunning": true,
    "squashDelayedTriggers": true,
    "suppressTriggersWhileRunning": true
  },
  "tags": [],
  "triggers": [
    {
      "id": "YSzzLrJR",
      "type": "temporal",
      "name": "Time-based",
      "delay": 5,
      "active": true,
      "params": {
        "repeatFrequency": 1,
        "frequency": "Daily",
        "startingFrom": "2023-02-21T18:39:00.000Z",
        "daysOfWeek": [
          "Tuesday"
        ],
        "minute": 5,
        "hour": 0,
        "timezone": "America/Chicago",
        "lastUpdate": 1677253891773
      }
    }
  ],
  "reporters": [],
  "params": {
    "steps": [
      {
        "id": "runmacro_pyrunnable_builtin-macros_clear-job-logs",
        "type": "runnable",
        "name": "Clean Job Logs",
        "runConditionType": "RUN_ALWAYS",
        "runConditionStatuses": [
          "SUCCESS",
          "WARNING"
        ],
        "runConditionExpression": "",
        "resetScenarioStatus": false,
        "delayBetweenRetries": 10,
        "maxRetriesOnFail": 0,
        "params": {
          "runnableType": "pyrunnable_builtin-macros_clear-job-logs",
          "config": {
            "age": 14,
            "performDeletion": true
          },
          "adminConfig": {
            "allProjects": true
          },
          "proceedOnFailure": false
        }
      },
      {
        "id": "runmacro_jrunnable_builtin-macros_backup-internal-databases",
        "type": "runnable",
        "name": "Clean Scenario Logs",
        "runConditionType": "RUN_ALWAYS",
        "runConditionStatuses": [
          "SUCCESS",
          "WARNING"
        ],
        "runConditionExpression": "",
        "resetScenarioStatus": false,
        "delayBetweenRetries": 10,
        "maxRetriesOnFail": 0,
        "params": {
          "runnableType": "pyrunnable_builtin-macros_clear-scenario-logs",
          "config": {
            "age": 14,
            "performDeletion": true,
            "simulate": false,
            "jobs": true,
            "flow": true,
            "interests": true,
            "usage": true,
            "timelines": true
          },
          "adminConfig": {
            "allProjects": true
          },
          "proceedOnFailure": false
        }
      },
      {
        "id": "runmacro_pyrunnable_builtin-macros_remove-old-container-images",
        "type": "runnable",
        "name": "Remove old Container images",
        "runConditionType": "RUN_ALWAYS",
        "runConditionStatuses": [
          "SUCCESS",
          "WARNING"
        ],
        "runConditionExpression": "",
        "resetScenarioStatus": false,
        "delayBetweenRetries": 10,
        "maxRetriesOnFail": 0,
        "params": {
          "runnableType": "pyrunnable_builtin-macros_remove-old-container-images",
          "config": {
            "keep_versions": 3,
            "perform_deletion": true,
            "age": 15,
            "performDeletion": false,
            "rm_dss_images": true,
            "rm_none_images": true,
            "dont_guess_image_name": false,
            "custom_image_name": "dku-exec-something",
            "use_custom_host": false,
            "force_rm": false
          },
          "adminConfig": {
            "allProjects": false
          },
          "proceedOnFailure": false
        }
      },
      {
        "id": "runmacro_pyrunnable_builtin-macros_kill-jupyter-sessions",
        "type": "runnable",
        "name": "Kill old Jupyter Sessions",
        "runConditionType": "RUN_ALWAYS",
        "runConditionStatuses": [
          "SUCCESS",
          "WARNING"
        ],
        "runConditionExpression": "",
        "resetScenarioStatus": false,
        "delayBetweenRetries": 10,
        "maxRetriesOnFail": 0,
        "params": {
          "runnableType": "pyrunnable_builtin-macros_kill-jupyter-sessions",
          "config": {
            "maxIdleTimeHours": 24,
            "maxSessionAgeHours": 48,
            "dontKillBusyKernels": true,
            "dontKillConnectedKernels": true,
            "simulate": false
          },
          "adminConfig": {},
          "proceedOnFailure": false
        }
      },
      {
        "id": "runmacro_pyrunnable_builtin-macros_remove-old-exports",
        "type": "runnable",
        "name": "Remove old Exports",
        "runConditionType": "RUN_ALWAYS",
        "runConditionStatuses": [
          "SUCCESS",
          "WARNING"
        ],
        "runConditionExpression": "",
        "resetScenarioStatus": false,
        "delayBetweenRetries": 10,
        "maxRetriesOnFail": 0,
        "params": {
          "runnableType": "pyrunnable_builtin-macros_remove-old-exports",
          "config": {
            "age": 15,
            "simulate": false
          },
          "adminConfig": {},
          "proceedOnFailure": false
        }
      }
    ]
  },
  "automationLocal": false,
  "customFields": {}
}