{
  "type": "evaluation",
  "neverRecomputeExistingPartitions": false,
  "optionalDependencies": false,
  "params": {
    "containerSelection": {
      "containerMode": "INHERIT"
    }
  },
  "customMeta": {
    "kv": {}
  },
  "redispatchPartitioning": false,
  "maxRunningActivities": 0,
  "variables": {},
  "dkuProperties": [],
  "inputs": {
    "main": {
      "items": [
        {
          "ref": "DieHard_Prepped",
          "deps": []
        }
      ]
    },
    "model": {
      "items": [
        {
          "ref": "JiPhOY70",
          "deps": []
        }
      ]
    }
  },
  "outputs": {
    "main": {
      "items": [
        {
          "ref": "eval",
          "appendMode": false
        }
      ]
    },
    "metrics": {
      "items": [
        {
          "ref": "metrics",
          "appendMode": true
        }
      ]
    }
  },
  "labels": [],
  "versionTag": {
    "versionNumber": 2,
    "lastModifiedBy": {
      "login": "jjorgenson"
    },
    "lastModifiedOn": 1698288676838,
    "extendedProperties": {}
  },
  "creationTag": {
    "versionNumber": 0,
    "lastModifiedBy": {
      "login": "jjorgenson"
    },
    "lastModifiedOn": 1697577441842,
    "extendedProperties": {}
  },
  "tags": [],
  "customFields": {},
  "checklists": {
    "checklists": []
  }
}