{
  "dataSpec": {
    "inputDatasetSmartName": "Resumes_prepared",
    "datasetSelection": {
      "useMemTable": false,
      "filter": {
        "distinct": false,
        "enabled": false
      },
      "partitionSelectionMethod": "ALL",
      "latestPartitionsN": 1,
      "ordering": {
        "enabled": false,
        "rules": []
      },
      "samplingMethod": "HEAD_SEQUENTIAL",
      "maxRecords": 100000,
      "targetRatio": 0.02,
      "ascending": false,
      "withinFirstN": -1,
      "maxReadUncompressedBytes": -1,
      "seed": 1337
    },
    "autoRefreshSample": true,
    "refreshTrigger": 0,
    "containerSelection": {
      "containerMode": "INHERIT"
    }
  },
  "rootCard": {
    "type": "worksheet_root",
    "confidenceLevel": 0.95,
    "showConfidenceInterval": false,
    "cards": [
      {
        "type": "correlation_matrix",
        "heatmapParams": {
          "showValues": true,
          "showColors": true,
          "showAbsValues": false,
          "threshold": 0.0,
          "filterVariablesWithoutValues": false
        },
        "metric": "SPEARMAN",
        "columns": [
          {
            "name": "ROUND",
            "type": "CONTINUOUS"
          },
          {
            "name": "SEED",
            "type": "CONTINUOUS"
          },
          {
            "name": "NET RPI",
            "type": "CONTINUOUS"
          },
          {
            "name": "RESUME",
            "type": "CONTINUOUS"
          },
          {
            "name": "B POWER",
            "type": "CONTINUOUS"
          },
          {
            "name": "ELO",
            "type": "CONTINUOUS"
          },
          {
            "name": "PLUS 500",
            "type": "CONTINUOUS"
          },
          {
            "name": "WAB RANK",
            "type": "CONTINUOUS"
          },
          {
            "name": "R SCORE",
            "type": "CONTINUOUS"
          }
        ],
        "id": "mPvNkzW"
      }
    ],
    "id": "ZFd53V7"
  },
  "name": "Worksheet",
  "creationTag": {
    "versionNumber": 0,
    "lastModifiedBy": {
      "login": "admin"
    },
    "lastModifiedOn": 1738851098000
  },
  "tags": [],
  "customFields": {},
  "checklists": {
    "checklists": []
  }
}