{
  "state": "DONE",
  "preSearchDescription": {
    "gridLength": 810,
    "searchStrategy": "GRID",
    "importantParams": [
      {
        "name": "Season length",
        "vals": [
          "4",
          "13",
          "52"
        ]
      },
      {
        "name": "Seasonal smoother length",
        "vals": [
          "7",
          "25",
          "105",
          "157",
          "53",
          "79"
        ]
      },
      {
        "name": "Degree of seasonal LOESS",
        "vals": [
          "1"
        ]
      },
      {
        "name": "Degree of trend LOESS",
        "vals": [
          "1"
        ]
      },
      {
        "name": "Degree of low pass LOESS",
        "vals": [
          "1"
        ]
      },
      {
        "name": "Seasonal jump",
        "vals": [
          "1",
          "5",
          "10"
        ]
      },
      {
        "name": "Trend jump",
        "vals": [
          "1",
          "5",
          "10",
          "20",
          "40"
        ]
      },
      {
        "name": "Low pass jump",
        "vals": [
          "1",
          "5",
          "10"
        ]
      }
    ]
  },
  "postSearchDescription": {
    "importantParams": [
      {
        "name": "Season length",
        "val": "52"
      },
      {
        "name": "Seasonal smoother length",
        "val": "25"
      },
      {
        "name": "Degree of seasonal LOESS",
        "val": "1"
      },
      {
        "name": "Degree of trend LOESS",
        "val": "1"
      },
      {
        "name": "Degree of low pass LOESS",
        "val": "1"
      },
      {
        "name": "Seasonal jump",
        "val": "5"
      },
      {
        "name": "Trend jump",
        "val": "10"
      },
      {
        "name": "Low pass jump",
        "val": "10"
      }
    ]
  },
  "resumed": false,
  "timeOrderingEnabled": false,
  "sampleWeightsEnabled": false,
  "modelId": "m1",
  "progress": {
    "top_level_todo": [],
    "stack": [],
    "top_level_done": [
      {
        "name": "Loading source dataset",
        "time": 18
      },
      {
        "name": "Time series resampling",
        "time": 24
      },
      {
        "name": "Preparing splits",
        "time": 1
      },
      {
        "name": "Hyperparameter searching",
        "time": 184269
      },
      {
        "name": "Fitting folds",
        "time": 358
      },
      {
        "name": "Fitting model on full data",
        "time": 18
      },
      {
        "name": "Saving model",
        "time": 10
      },
      {
        "name": "Saving data",
        "time": 80
      }
    ]
  },
  "startTime": 1698286734099,
  "endTime": 1698286919143,
  "preprocessingTime": 292,
  "trainingTime": 184752,
  "hyperparamsSearchTime": 184269,
  "pythonVersion": "3.7.17"
}