{
    "startedAt": 1697577068054,
    "gridSize": 2,
    "nThreads": 1,
    "nSplits": 3,
    "metric": "MAPE",
    "timeout": null,
    "gridPoints": [
        {
            "finishedAt": 1697577076417,
            "score": 0.49292518239609345,
            "testScoreGibMean": -0.49292518239609345,
            "testScoreMean": 0.49292518239609345,
            "testScoreStd": 0.3669447195179873,
            "trainScoreMean": null,
            "trainScoreStd": null,
            "time": 8356,
            "fitTimeMean": 2768.6666666666665,
            "fitTimeStd": 52.81624329271778,
            "scoreTimeMean": 16.666666666666668,
            "scoreTimeStd": 0.9428090415820634,
            "parameters": {
                "batch_normalization": "true",
                "distr_output": "StudentTOutput",
                "learning_rate": 0.001,
                "mean_scaling": "true"
            }
        },
        {
            "finishedAt": 1697577084809,
            "score": 0.5380020341981849,
            "testScoreGibMean": -0.5380020341981849,
            "testScoreMean": 0.5380020341981849,
            "testScoreStd": 0.3331744372423237,
            "trainScoreMean": null,
            "trainScoreStd": null,
            "time": 8385,
            "fitTimeMean": 2778.3333333333335,
            "fitTimeStd": 98.9185972852875,
            "scoreTimeMean": 16.666666666666668,
            "scoreTimeStd": 0.9428090415820634,
            "parameters": {
                "batch_normalization": "true",
                "distr_output": "StudentTOutput",
                "learning_rate": 0.01,
                "mean_scaling": "true"
            }
        }
    ]
}