[
    {
        "test_score_gib": -1.0113962786538262,
        "train_score": null,
        "test_score": 1.0113962786538262,
        "num_samples": 1,
        "fit_time": 2836,
        "score_time": 18,
        "time": 2854,
        "parameters": {
            "batch_normalization": "true",
            "distr_output": "StudentTOutput",
            "learning_rate": 0.001,
            "mean_scaling": "true"
        },
        "done_at": 1697577070912,
        "split_id": 0
    },
    {
        "test_score_gib": -0.21462572773734287,
        "train_score": null,
        "test_score": 0.21462572773734287,
        "num_samples": 1,
        "fit_time": 2763,
        "score_time": 16,
        "time": 2779,
        "parameters": {
            "batch_normalization": "true",
            "distr_output": "StudentTOutput",
            "learning_rate": 0.001,
            "mean_scaling": "true"
        },
        "done_at": 1697577073693,
        "split_id": 1
    },
    {
        "test_score_gib": -0.2527535407971114,
        "train_score": null,
        "test_score": 0.2527535407971114,
        "num_samples": 1,
        "fit_time": 2707,
        "score_time": 16,
        "time": 2723,
        "parameters": {
            "batch_normalization": "true",
            "distr_output": "StudentTOutput",
            "learning_rate": 0.001,
            "mean_scaling": "true"
        },
        "done_at": 1697577076417,
        "split_id": 2
    },
    {
        "test_score_gib": -1.007831944068564,
        "train_score": null,
        "test_score": 1.007831944068564,
        "num_samples": 1,
        "fit_time": 2725,
        "score_time": 16,
        "time": 2741,
        "parameters": {
            "batch_normalization": "true",
            "distr_output": "StudentTOutput",
            "learning_rate": 0.01,
            "mean_scaling": "true"
        },
        "done_at": 1697577079162,
        "split_id": 0
    },
    {
        "test_score_gib": -0.2722212358272119,
        "train_score": null,
        "test_score": 0.2722212358272119,
        "num_samples": 1,
        "fit_time": 2917,
        "score_time": 16,
        "time": 2933,
        "parameters": {
            "batch_normalization": "true",
            "distr_output": "StudentTOutput",
            "learning_rate": 0.01,
            "mean_scaling": "true"
        },
        "done_at": 1697577082096,
        "split_id": 1
    },
    {
        "test_score_gib": -0.333952922698779,
        "train_score": null,
        "test_score": 0.333952922698779,
        "num_samples": 1,
        "fit_time": 2693,
        "score_time": 18,
        "time": 2711,
        "parameters": {
            "batch_normalization": "true",
            "distr_output": "StudentTOutput",
            "learning_rate": 0.01,
            "mean_scaling": "true"
        },
        "done_at": 1697577084809,
        "split_id": 2
    }
]