{
    "usedGridSearch": true,
    "gridSize": 2,
    "gridBestScore": 0.49292518239609345,
    "gridCells": [
        {
            "params": {
                "batch_normalization": "true",
                "distr_output": "StudentTOutput",
                "learning_rate": 0.001,
                "mean_scaling": "true"
            },
            "score": 0.49292518239609345,
            "scoreStd": 0.3669447195179873,
            "fitTime": 2.7686666666666664,
            "fitTimeStd": 0.05281624329271778,
            "scoreTime": 0.016666666666666666,
            "scoreTimeStd": 0.0009428090415820634
        },
        {
            "params": {
                "batch_normalization": "true",
                "distr_output": "StudentTOutput",
                "learning_rate": 0.01,
                "mean_scaling": "true"
            },
            "score": 0.5380020341981849,
            "scoreStd": 0.3331744372423237,
            "fitTime": 2.7783333333333333,
            "fitTimeStd": 0.0989185972852875,
            "scoreTime": 0.016666666666666666,
            "scoreTimeStd": 0.0009428090415820634
        }
    ],
    "modelInputNRows": 219,
    "modelInputNCols": 8,
    "modelInputIsSparse": false,
    "modelInputMemory": 14016,
    "totalNbOfTimeseries": 1,
    "minTimeseriesSizeForScoring": 13,
    "maxUsedTimestepsForScoring": 13
}