{
  "algorithm": "GLUONTS_SIMPLE_FEEDFORWARD",
  "gluonts_simple_feed_forward_timeseries_grid": {
    "context_length": {
      "gridMode": "EXPLICIT",
      "randomMode": "RANGE",
      "limit": {
        "min": 1
      },
      "values": [
        13
      ],
      "range": {
        "min": 1,
        "max": 10,
        "nbValues": 3,
        "scaling": "LINEAR"
      }
    },
    "distr_output": {
      "values": {
        "GaussianOutput": {
          "enabled": false
        },
        "NegativeBinomialOutput": {
          "enabled": false
        },
        "StudentTOutput": {
          "enabled": true
        }
      }
    },
    "batch_normalization": {
      "values": {
        "false": {
          "enabled": false
        },
        "true": {
          "enabled": true
        }
      }
    },
    "mean_scaling": {
      "values": {
        "false": {
          "enabled": false
        },
        "true": {
          "enabled": true
        }
      }
    },
    "learning_rate": {
      "gridMode": "EXPLICIT",
      "randomMode": "RANGE",
      "limit": {
        "min": 1.0E-23
      },
      "values": [
        0.001,
        0.01
      ],
      "range": {
        "min": 1.0E-4,
        "max": 0.1,
        "nbValues": 3,
        "scaling": "LOGARITHMIC"
      }
    },
    "num_hidden_dimensions": [
      40,
      40
    ],
    "full_context": true,
    "num_parallel_samples": 100,
    "batch_size": 32,
    "epochs": 10,
    "auto_num_batches_per_epoch": true,
    "num_batches_per_epoch": 50,
    "seed": 1337,
    "enabled": true
  },
  "gluonts_gpu_params": {
    "useGPU": false,
    "gpuList": [
      0
    ]
  },
  "max_ensemble_nodes_serialized": 0,
  "metrics": {
    "customMetrics": [],
    "evaluationMetric": "MAPE",
    "customEvaluationMetricGIB": true,
    "customEvaluationMetricNeedsProba": false,
    "costMatrixWeights": {
      "tpGain": 1.0,
      "tnGain": 0.0,
      "fpGain": -0.3,
      "fnGain": 0.0
    },
    "liftPoint": 0.4,
    "netUpliftPoint": 0.5
  },
  "autoOptimizeThreshold": true,
  "forcedClassifierThreshold": 0.0,
  "gridLength": 2,
  "grid_search_params": {
    "mode": "TIME_SERIES_KFOLD",
    "splitRatio": 0.8,
    "shuffleIterations": 1,
    "nFolds": 3,
    "cvSeed": 1337,
    "stratified": true,
    "grouped": false,
    "strategy": "GRID",
    "bayesianOptimizer": "SCIKIT_OPTIMIZE",
    "randomized": true,
    "seed": 1337,
    "nIter": 0,
    "nIterRandom": 3,
    "timeout": 0,
    "nJobs": 1,
    "distributed": false,
    "nContainers": 4,
    "foldOffset": false
  },
  "pluginAlgoCustomGridSearch": false,
  "computeLearningCurves": false,
  "skipExpensiveReports": false,
  "propensityModeling": {
    "enabled": false,
    "calibrateProbabilities": false,
    "calibrationDataRatio": 0.1
  }
}