{
  "state": "DONE",
  "preSearchDescription": {
    "gridLength": 2,
    "searchStrategy": "GRID",
    "importantParams": [
      {
        "name": "Learning rate",
        "vals": [
          "0.001",
          "0.01"
        ]
      },
      {
        "name": "Output distribution",
        "vals": [
          "StudentTOutput"
        ]
      },
      {
        "name": "Batch normalization",
        "vals": [
          "true"
        ]
      },
      {
        "name": "Mean scaling",
        "vals": [
          "true"
        ]
      },
      {
        "name": "Hidden layer sizes",
        "val": "[40, 40]"
      }
    ]
  },
  "postSearchDescription": {
    "importantParams": [
      {
        "name": "Learning rate",
        "val": "0.001"
      },
      {
        "name": "Output distribution",
        "val": "StudentTOutput"
      },
      {
        "name": "Batch normalization",
        "val": "true"
      },
      {
        "name": "Mean scaling",
        "val": "true"
      },
      {
        "name": "Hidden layer sizes",
        "val": "[40, 40]"
      },
      {
        "name": "Epochs",
        "val": "10"
      }
    ]
  },
  "resumed": false,
  "timeOrderingEnabled": false,
  "sampleWeightsEnabled": false,
  "modelId": "m1",
  "progress": {
    "top_level_todo": [],
    "stack": [],
    "top_level_done": [
      {
        "name": "Loading source dataset",
        "time": 15
      },
      {
        "name": "Time series resampling",
        "time": 20
      },
      {
        "name": "Preparing splits",
        "time": 0
      },
      {
        "name": "Hyperparameter searching",
        "time": 17030
      },
      {
        "name": "Fitting folds",
        "time": 16726
      },
      {
        "name": "Fitting model on full data",
        "time": 2732
      },
      {
        "name": "Saving model",
        "time": 19
      },
      {
        "name": "Saving data",
        "time": 61
      }
    ]
  },
  "startTime": 1697577066935,
  "endTime": 1697577104635,
  "preprocessingTime": 1117,
  "trainingTime": 36582,
  "hyperparamsSearchTime": 17030,
  "pythonVersion": "3.7.17"
}