{
  "trainedWithDSSVersion": "11.1.1",
  "backend": "PY_MEMORY",
  "isValid": true,
  "type": "BINARY_PROBABILISTIC",
  "algorithm_name": "FOREST_CLASSIFIER",
  "columns": [
    "R606_Quantity_sum",
    "distance",
    "R119_Quantity_sum",
    "R396_Quantity_sum",
    "R417_Quantity_sum",
    "R575_Quantity_sum",
    "R446_Quantity_sum",
    "R044_Quantity_sum",
    "R193_Quantity_sum",
    "R565_Quantity_sum",
    "age_intial",
    "time_in_service",
    "R707_Quantity_sum",
    "R364_Quantity_sum",
    "R783_Quantity_sum",
    "distance_last_known",
    "R064_Quantity_sum",
    "age_last_known",
    "times_measured",
    "distance_initial"
  ],
  "classes": [
    "0",
    "1"
  ]
}