[
    {
        "test_score_gib": 0.8033751962323391,
        "train_score": 0.9480523313004132,
        "test_score": 0.8033751962323391,
        "num_samples": 261,
        "fit_time": 814,
        "score_time": 324,
        "time": 1138,
        "parameters": {
            "max_depth": 6,
            "max_features": "auto",
            "min_samples_leaf": 1,
            "n_estimators": 100,
            "min_samples_split": 3
        },
        "done_at": 1670857226666,
        "split_id": 0
    },
    {
        "test_score_gib": 0.7952904238618524,
        "train_score": 0.9507131615187882,
        "test_score": 0.7952904238618524,
        "num_samples": 261,
        "fit_time": 810,
        "score_time": 288,
        "time": 1098,
        "parameters": {
            "max_depth": 6,
            "max_features": "auto",
            "min_samples_leaf": 1,
            "n_estimators": 100,
            "min_samples_split": 3
        },
        "done_at": 1670857226640,
        "split_id": 1
    },
    {
        "test_score_gib": 0.7983516483516484,
        "train_score": 0.9417224080267558,
        "test_score": 0.7983516483516484,
        "num_samples": 261,
        "fit_time": 807,
        "score_time": 183,
        "time": 990,
        "parameters": {
            "max_depth": 6,
            "max_features": "auto",
            "min_samples_leaf": 1,
            "n_estimators": 100,
            "min_samples_split": 3
        },
        "done_at": 1670857226525,
        "split_id": 2
    },
    {
        "test_score_gib": 0.7905325443786982,
        "train_score": 0.9539542194714609,
        "test_score": 0.7905325443786982,
        "num_samples": 260,
        "fit_time": 659,
        "score_time": 88,
        "time": 747,
        "parameters": {
            "max_depth": 6,
            "max_features": "auto",
            "min_samples_leaf": 1,
            "n_estimators": 100,
            "min_samples_split": 3
        },
        "done_at": 1670857226419,
        "split_id": 3
    },
    {
        "test_score_gib": 0.7451676528599607,
        "train_score": 0.9476667649081443,
        "test_score": 0.7451676528599607,
        "num_samples": 260,
        "fit_time": 673,
        "score_time": 165,
        "time": 838,
        "parameters": {
            "max_depth": 6,
            "max_features": "auto",
            "min_samples_leaf": 1,
            "n_estimators": 100,
            "min_samples_split": 3
        },
        "done_at": 1670857227261,
        "split_id": 4
    },
    {
        "test_score_gib": 0.7930141287284145,
        "train_score": 0.9999754082234901,
        "test_score": 0.7930141287284145,
        "num_samples": 261,
        "fit_time": 774,
        "score_time": 155,
        "time": 929,
        "parameters": {
            "max_depth": 14,
            "max_features": "auto",
            "min_samples_leaf": 1,
            "n_estimators": 100,
            "min_samples_split": 3
        },
        "done_at": 1670857227457,
        "split_id": 0
    },
    {
        "test_score_gib": 0.7905023547880691,
        "train_score": 1.0,
        "test_score": 0.7905023547880691,
        "num_samples": 261,
        "fit_time": 691,
        "score_time": 247,
        "time": 938,
        "parameters": {
            "max_depth": 14,
            "max_features": "auto",
            "min_samples_leaf": 1,
            "n_estimators": 100,
            "min_samples_split": 3
        },
        "done_at": 1670857227600,
        "split_id": 1
    },
    {
        "test_score_gib": 0.7930926216640503,
        "train_score": 1.0,
        "test_score": 0.7930926216640503,
        "num_samples": 261,
        "fit_time": 647,
        "score_time": 227,
        "time": 874,
        "parameters": {
            "max_depth": 14,
            "max_features": "auto",
            "min_samples_leaf": 1,
            "n_estimators": 100,
            "min_samples_split": 3
        },
        "done_at": 1670857227545,
        "split_id": 2
    },
    {
        "test_score_gib": 0.7947140039447731,
        "train_score": 0.9999950879261224,
        "test_score": 0.7947140039447731,
        "num_samples": 260,
        "fit_time": 445,
        "score_time": 51,
        "time": 496,
        "parameters": {
            "max_depth": 14,
            "max_features": "auto",
            "min_samples_leaf": 1,
            "n_estimators": 100,
            "min_samples_split": 3
        },
        "done_at": 1670857227758,
        "split_id": 3
    },
    {
        "test_score_gib": 0.7544773175542405,
        "train_score": 0.9998035170448963,
        "test_score": 0.7544773175542405,
        "num_samples": 260,
        "fit_time": 251,
        "score_time": 49,
        "time": 300,
        "parameters": {
            "max_depth": 14,
            "max_features": "auto",
            "min_samples_leaf": 1,
            "n_estimators": 100,
            "min_samples_split": 3
        },
        "done_at": 1670857227759,
        "split_id": 4
    }
]