{
    "startedAt": 1670857225526,
    "gridSize": 2,
    "nThreads": 4,
    "nSplits": 5,
    "metric": "ROC_AUC",
    "timeout": null,
    "gridPoints": [
        {
            "finishedAt": 1670857227261,
            "score": 0.7865721859911095,
            "testScoreGibMean": 0.7865721859911095,
            "testScoreMean": 0.7865721859911095,
            "testScoreStd": 0.021089827948882086,
            "trainScoreMean": 0.9484181105598558,
            "trainScoreStd": 0.004036130525491438,
            "time": 4811,
            "fitTimeMean": 752.6,
            "fitTimeStd": 70.88187356440291,
            "scoreTimeMean": 209.6,
            "scoreTimeStd": 85.69387376003024,
            "parameters": {
                "max_depth": 6,
                "max_features": "auto",
                "min_samples_leaf": 1,
                "n_estimators": 100,
                "min_samples_split": 3
            }
        },
        {
            "finishedAt": 1670857227759,
            "score": 0.7851763008763337,
            "testScoreGibMean": 0.7851763008763337,
            "testScoreMean": 0.7851763008763337,
            "testScoreStd": 0.015386465762455217,
            "trainScoreMean": 0.9999548878271648,
            "trainScoreStd": 7.611948893708568e-05,
            "time": 3537,
            "fitTimeMean": 561.6,
            "fitTimeStd": 189.32469463860227,
            "scoreTimeMean": 145.8,
            "scoreTimeStd": 83.9961903898028,
            "parameters": {
                "max_depth": 14,
                "max_features": "auto",
                "min_samples_leaf": 1,
                "n_estimators": 100,
                "min_samples_split": 3
            }
        }
    ]
}