{
  "state": "DONE",
  "preSearchDescription": {
    "gridLength": 2,
    "searchStrategy": "GRID",
    "importantParams": [
      {
        "name": "trees",
        "vals": [
          "100"
        ]
      },
      {
        "name": "depth",
        "vals": [
          "6",
          "14"
        ]
      },
      {
        "name": "min_samples",
        "vals": [
          "1"
        ]
      }
    ]
  },
  "postSearchDescription": {
    "importantParams": [
      {
        "name": "trees",
        "val": "100"
      },
      {
        "name": "depth",
        "val": "6"
      },
      {
        "name": "min_samples",
        "val": "1"
      }
    ]
  },
  "resumed": false,
  "timeOrderingEnabled": false,
  "sampleWeightsEnabled": false,
  "modelId": "m1",
  "progress": {
    "top_level_todo": [],
    "stack": [],
    "top_level_done": [
      {
        "name": "Loading train set",
        "time": 17
      },
      {
        "name": "Loading test set",
        "time": 7
      },
      {
        "name": "Collecting statistics",
        "time": 19
      },
      {
        "name": "Preprocessing train set",
        "time": 43
      },
      {
        "name": "Preprocessing test set",
        "time": 29
      },
      {
        "name": "Hyperparameter searching",
        "time": 3022
      },
      {
        "name": "Fitting model",
        "time": 346
      },
      {
        "name": "Saving model",
        "time": 46
      },
      {
        "name": "Scoring model",
        "time": 790
      },
      {
        "name": "Preparing explainability",
        "time": 207
      }
    ]
  },
  "startTime": 1670857225398,
  "endTime": 1670857229926,
  "preprocessingTime": 116,
  "trainingTime": 4412,
  "hyperparamsSearchTime": 3022,
  "pythonVersion": "3.6.8"
}