{
  "columns": [
    {"name":"Asset","type":"string"},
    {"name":"failure_bin","type":"bigint"},
    {"name":"age_intial","type":"bigint"},
    {"name":"age_last_known","type":"bigint"},
    {"name":"time_in_service","type":"bigint"},
    {"name":"distance_initial","type":"double"},
    {"name":"distance_last_known","type":"double"},
    {"name":"distance","type":"double"},
    {"name":"times_measured","type":"bigint"},
    {"name":"R044_Quantity_sum","type":"bigint"},
    {"name":"R064_Quantity_sum","type":"bigint"},
    {"name":"R119_Quantity_sum","type":"bigint"},
    {"name":"R193_Quantity_sum","type":"bigint"},
    {"name":"R364_Quantity_sum","type":"bigint"},
    {"name":"R396_Quantity_sum","type":"bigint"},
    {"name":"R417_Quantity_sum","type":"bigint"},
    {"name":"R446_Quantity_sum","type":"bigint"},
    {"name":"R565_Quantity_sum","type":"bigint"},
    {"name":"R575_Quantity_sum","type":"bigint"},
    {"name":"R606_Quantity_sum","type":"bigint"},
    {"name":"R707_Quantity_sum","type":"bigint"},
    {"name":"R782_Quantity_sum","type":"bigint"},
    {"name":"R783_Quantity_sum","type":"bigint"}
  ],
  "userModified": true
}