{
    "perTimeseriesMetrics": {
        "__single_timeseries_identifier": {
            "mse": 3.8461538461538463,
            "mase": 0.16478016478016477,
            "mape": 0.2243589743589744,
            "smape": 0.2585081585081585,
            "mae": 1.5384615384615385,
            "msis": 1.6478016478016482
        }
    },
    "aggregatedMetrics": {
        "mse": 3.8461538461538463,
        "mape": 0.2243589743589744,
        "mase": 0.1647801647801648,
        "smape": 0.2585081585081585,
        "mae": 1.5384615384615385,
        "msis": 1.6478016478016484,
        "rmse": 1.9611613513818404,
        "nd": 0.25,
        "meanAbsoluteQuantileLoss": 20.0,
        "meanWeightedQuantileLoss": 0.25
    }
}