{
  "partitionedModel": {
    "enabled": false,
    "ssdSelection": {
      "useMemTable": false,
      "filter": {
        "distinct": false,
        "enabled": false
      },
      "partitionSelectionMethod": "ALL",
      "latestPartitionsN": 1,
      "ordering": {
        "enabled": false,
        "rules": []
      },
      "samplingMethod": "FULL",
      "maxRecords": -1,
      "targetRatio": 0.02,
      "ascending": true,
      "withinFirstN": -1,
      "maxReadUncompressedBytes": -1
    }
  },
  "timeVariable": "Week_Start_parsed",
  "timeseriesIdentifiers": [],
  "timestepParams": {
    "numberOfTimeunits": 1,
    "timeunit": "WEEK",
    "endOfWeekDay": 1
  },
  "predictionLength": 52,
  "quantilesToForecast": [
    0.1,
    0.2,
    0.3,
    0.4,
    0.5,
    0.6,
    0.7,
    0.8,
    0.9
  ],
  "evaluationParams": {
    "gapSize": 0,
    "testSize": 52
  },
  "skipTooShortTimeseriesForTraining": false,
  "target_variable": "DieHard_popularity",
  "prediction_type": "TIMESERIES_FORECAST",
  "backendType": "PY_MEMORY",
  "taskType": "PREDICTION",
  "diagnosticsSettings": {
    "enabled": true,
    "settings": [
      {
        "type": "ML_DIAGNOSTICS_DATASET_SANITY_CHECKS",
        "enabled": true
      },
      {
        "type": "ML_DIAGNOSTICS_MODELING_PARAMETERS",
        "enabled": true
      },
      {
        "type": "ML_DIAGNOSTICS_RUNTIME",
        "enabled": true
      },
      {
        "type": "ML_DIAGNOSTICS_REPRODUCIBILITY",
        "enabled": true
      },
      {
        "type": "ML_DIAGNOSTICS_TRAINING_OVERFIT",
        "enabled": true
      },
      {
        "type": "ML_DIAGNOSTICS_LEAKAGE_DETECTION",
        "enabled": true
      },
      {
        "type": "ML_DIAGNOSTICS_MODEL_CHECK",
        "enabled": true
      },
      {
        "type": "ML_DIAGNOSTICS_ML_ASSERTIONS",
        "enabled": true
      },
      {
        "type": "ML_DIAGNOSTICS_ABNORMAL_PREDICTIONS_DETECTION",
        "enabled": true
      },
      {
        "type": "ML_DIAGNOSTICS_SCORING_DATASET_SANITY_CHECKS",
        "enabled": true
      },
      {
        "type": "ML_DIAGNOSTICS_EVALUATION_DATASET_SANITY_CHECKS",
        "enabled": true
      },
      {
        "type": "ML_DIAGNOSTICS_TIMESERIES_RESAMPLING_CHECKS",
        "enabled": true
      }
    ]
  },
  "executionParams": {
    "envSelection": {
      "envMode": "EXPLICIT_ENV",
      "envName": "fasttreeshap"
    },
    "envName": "fasttreeshap",
    "containerSelection": {
      "containerMode": "INHERIT"
    },
    "sparkParams": {
      "sparkConf": {
        "inheritConf": "default",
        "conf": []
      },
      "sparkUseGlobalMetastore": false,
      "sparkPreparedDFStorageLevel": "MEMORY_AND_DISK",
      "sparkRepartitionNonHDFS": 1,
      "pipelineAllowStart": true,
      "pipelineAllowMerge": true,
      "sparkExecutionEngine": "SPARK_SUBMIT"
    },
    "sparkCheckpoint": "NONE"
  }
}