{
    "resolved": {
        "algorithm": "GLUONTS_DEEPAR",
        "skipExpensiveReports": false,
        "gluonts_deepar_timeseries_params": {
            "context_length": null,
            "distr_output": "StudentTOutput",
            "use_timeseries_identifiers_as_features": false,
            "num_layers": 2,
            "num_cells": 40,
            "cell_type": "lstm",
            "dropoutcell_type": "ZoneoutCell",
            "dropout_rate": 0.1,
            "alpha": 0.0,
            "beta": 0.0,
            "scaling": true,
            "num_parallel_samples": 100,
            "minimum_scale": 1e-10,
            "learning_rate": 0.001,
            "batch_size": 32,
            "epochs": 10,
            "num_batches_per_epoch": 50,
            "seed": 1337
        }
    }
}