{
  "algorithm": "GLUONTS_DEEPAR",
  "gluonts_deepar_timeseries_grid": {
    "context_length": {
      "gridMode": "EXPLICIT",
      "randomMode": "RANGE",
      "limit": {
        "min": 1
      },
      "values": [
        13
      ],
      "range": {
        "min": 10,
        "max": 20,
        "nbValues": 3,
        "scaling": "LINEAR"
      }
    },
    "num_layers": {
      "gridMode": "EXPLICIT",
      "randomMode": "RANGE",
      "limit": {
        "min": 1
      },
      "values": [
        2
      ],
      "range": {
        "min": 1,
        "max": 4,
        "nbValues": 3,
        "scaling": "LINEAR"
      }
    },
    "num_cells": {
      "gridMode": "EXPLICIT",
      "randomMode": "RANGE",
      "limit": {
        "min": 1
      },
      "values": [
        40
      ],
      "range": {
        "min": 30,
        "max": 50,
        "nbValues": 3,
        "scaling": "LINEAR"
      }
    },
    "cell_type": {
      "values": {
        "gru": {
          "enabled": false
        },
        "lstm": {
          "enabled": true
        }
      }
    },
    "dropoutcell_type": {
      "values": {
        "RNNZoneoutCell": {
          "enabled": false
        },
        "VariationalDropoutCell": {
          "enabled": false
        },
        "VariationalZoneoutCell": {
          "enabled": false
        },
        "ZoneoutCell": {
          "enabled": true
        }
      }
    },
    "dropout_rate": {
      "gridMode": "EXPLICIT",
      "randomMode": "RANGE",
      "limit": {
        "min": 1.0E-23,
        "max": 1.0
      },
      "values": [
        0.1
      ],
      "range": {
        "min": 0.05,
        "max": 0.2,
        "nbValues": 3,
        "scaling": "LINEAR"
      }
    },
    "alpha": {
      "gridMode": "EXPLICIT",
      "randomMode": "RANGE",
      "limit": {
        "min": 0.0,
        "max": 1.0
      },
      "values": [
        0.0
      ],
      "range": {
        "min": 0.0,
        "max": 0.2,
        "nbValues": 3,
        "scaling": "LINEAR"
      }
    },
    "beta": {
      "gridMode": "EXPLICIT",
      "randomMode": "RANGE",
      "limit": {
        "min": 0.0,
        "max": 1.0
      },
      "values": [
        0.0
      ],
      "range": {
        "min": 0.0,
        "max": 0.2,
        "nbValues": 3,
        "scaling": "LINEAR"
      }
    },
    "distr_output": {
      "values": {
        "GaussianOutput": {
          "enabled": false
        },
        "NegativeBinomialOutput": {
          "enabled": false
        },
        "StudentTOutput": {
          "enabled": true
        }
      }
    },
    "learning_rate": {
      "gridMode": "EXPLICIT",
      "randomMode": "RANGE",
      "limit": {
        "min": 1.0E-23
      },
      "values": [
        0.001
      ],
      "range": {
        "min": 1.0E-4,
        "max": 0.1,
        "nbValues": 3,
        "scaling": "LOGARITHMIC"
      }
    },
    "full_context": true,
    "use_timeseries_identifiers_as_features": false,
    "scaling": true,
    "num_parallel_samples": 100,
    "minimum_scale": 1.0E-10,
    "batch_size": 32,
    "epochs": 10,
    "auto_num_batches_per_epoch": true,
    "num_batches_per_epoch": 50,
    "seed": 1337,
    "enabled": true
  },
  "gluonts_gpu_params": {
    "useGPU": false,
    "gpuList": [
      0
    ]
  },
  "max_ensemble_nodes_serialized": 0,
  "metrics": {
    "customMetrics": [],
    "evaluationMetric": "MAPE",
    "customEvaluationMetricGIB": true,
    "customEvaluationMetricNeedsProba": false,
    "costMatrixWeights": {
      "tpGain": 1.0,
      "tnGain": 0.0,
      "fpGain": -0.3,
      "fnGain": 0.0
    },
    "liftPoint": 0.4,
    "netUpliftPoint": 0.5
  },
  "autoOptimizeThreshold": true,
  "forcedClassifierThreshold": 0.0,
  "gridLength": 1,
  "grid_search_params": {
    "mode": "TIME_SERIES_KFOLD",
    "splitRatio": 0.8,
    "shuffleIterations": 1,
    "nFolds": 3,
    "cvSeed": 1337,
    "stratified": true,
    "grouped": false,
    "strategy": "GRID",
    "bayesianOptimizer": "SCIKIT_OPTIMIZE",
    "randomized": true,
    "seed": 1337,
    "nIter": 0,
    "nIterRandom": 3,
    "timeout": 0,
    "nJobs": 1,
    "distributed": false,
    "nContainers": 4,
    "foldOffset": false
  },
  "pluginAlgoCustomGridSearch": false,
  "computeLearningCurves": false,
  "skipExpensiveReports": false,
  "propensityModeling": {
    "enabled": false,
    "calibrateProbabilities": false,
    "calibrationDataRatio": 0.1
  }
}