{
  "state": "DONE",
  "preSearchDescription": {
    "gridLength": 1,
    "searchStrategy": "GRID",
    "importantParams": [
      {
        "name": "Learning rate",
        "vals": [
          "0.001"
        ]
      },
      {
        "name": "Output distribution",
        "vals": [
          "StudentTOutput"
        ]
      },
      {
        "name": "Nb. RNN layers",
        "vals": [
          "2"
        ]
      },
      {
        "name": "Nb. cells per layer",
        "vals": [
          "40"
        ]
      },
      {
        "name": "Cell type",
        "vals": [
          "lstm"
        ]
      },
      {
        "name": "Dropout cell type",
        "vals": [
          "ZoneoutCell"
        ]
      },
      {
        "name": "Dropout rate",
        "vals": [
          "0.1"
        ]
      },
      {
        "name": "Alpha",
        "vals": [
          "0.0"
        ]
      },
      {
        "name": "Beta",
        "vals": [
          "0.0"
        ]
      }
    ]
  },
  "postSearchDescription": {
    "importantParams": [
      {
        "name": "Learning rate",
        "val": "0.001"
      },
      {
        "name": "Output distribution",
        "val": "StudentTOutput"
      },
      {
        "name": "Nb. RNN layers",
        "val": "2"
      },
      {
        "name": "Nb. cells per layer",
        "val": "40"
      },
      {
        "name": "Cell type",
        "val": "lstm"
      },
      {
        "name": "Dropout cell type",
        "val": "ZoneoutCell"
      },
      {
        "name": "Dropout rate",
        "val": "0.1"
      },
      {
        "name": "Alpha",
        "val": "0.0"
      },
      {
        "name": "Beta",
        "val": "0.0"
      },
      {
        "name": "Epochs",
        "val": "10"
      }
    ]
  },
  "resumed": false,
  "timeOrderingEnabled": false,
  "sampleWeightsEnabled": false,
  "modelId": "m1",
  "progress": {
    "top_level_todo": [],
    "stack": [],
    "top_level_done": [
      {
        "name": "Loading source dataset",
        "time": 15
      },
      {
        "name": "Time series resampling",
        "time": 21
      },
      {
        "name": "Preparing splits",
        "time": 1
      },
      {
        "name": "Fitting folds",
        "time": 196325
      },
      {
        "name": "Fitting model on full data",
        "time": 31530
      },
      {
        "name": "Saving model",
        "time": 15
      },
      {
        "name": "Saving data",
        "time": 56
      }
    ]
  },
  "startTime": 1697577069684,
  "endTime": 1697577298820,
  "preprocessingTime": 1123,
  "trainingTime": 228013,
  "hyperparamsSearchTime": 0,
  "pythonVersion": "3.7.17"
}