{
    "perTimeseriesMetrics": {
        "__single_timeseries_identifier": {
            "mse": 1.0,
            "mase": 0.10520998701111271,
            "mape": 0.1347985347985348,
            "smape": 0.13566433566433567,
            "mae": 0.6923076923076923,
            "msis": 1.0520998701111273
        }
    },
    "aggregatedMetrics": {
        "mse": 1.0,
        "mape": 0.1347985347985348,
        "mase": 0.10520998701111271,
        "smape": 0.13566433566433567,
        "mae": 0.6923076923076923,
        "msis": 1.0520998701111273,
        "rmse": 1.0,
        "nd": 0.13636363636363635,
        "meanAbsoluteQuantileLoss": 9.0,
        "meanWeightedQuantileLoss": 0.13636363636363635
    }
}