{
    "startedAt": 1673496112874,
    "gridSize": 5,
    "nThreads": 4,
    "nSplits": 5,
    "metric": "ROC_AUC",
    "timeout": null,
    "gridPoints": [
        {
            "finishedAt": 1673496117221,
            "score": 0.7326391353549364,
            "testScoreGibMean": 0.7326391353549364,
            "testScoreMean": 0.7326391353549364,
            "testScoreStd": 0.007685290953714099,
            "trainScoreMean": 0.7348008414926039,
            "trainScoreStd": 0.0019324471894305588,
            "time": 10123,
            "fitTimeMean": 1505.6,
            "fitTimeStd": 524.659737353649,
            "scoreTimeMean": 519.0,
            "scoreTimeStd": 64.92457161968802,
            "best_iteration": null,
            "parameters": {
                "C": 0.1,
                "penalty": "l2"
            }
        },
        {
            "finishedAt": 1673496118845,
            "score": 0.7318126373947847,
            "testScoreGibMean": 0.7318126373947847,
            "testScoreMean": 0.7318126373947847,
            "testScoreStd": 0.007444730419492509,
            "trainScoreMean": 0.7335180732627397,
            "trainScoreStd": 0.0019109880847941725,
            "time": 9531,
            "fitTimeMean": 1400.0,
            "fitTimeStd": 219.55227168034494,
            "scoreTimeMean": 506.2,
            "scoreTimeStd": 40.592610164905636,
            "best_iteration": null,
            "parameters": {
                "C": 0.01,
                "penalty": "l2"
            }
        },
        {
            "finishedAt": 1673496128928,
            "score": 0.7323096058905213,
            "testScoreGibMean": 0.7323096058905213,
            "testScoreMean": 0.7323096058905213,
            "testScoreStd": 0.007590914320756446,
            "trainScoreMean": 0.7350751008699246,
            "trainScoreStd": 0.0019308092548576336,
            "time": 26376,
            "fitTimeMean": 4901.0,
            "fitTimeStd": 1160.555039625437,
            "scoreTimeMean": 374.2,
            "scoreTimeStd": 77.0542665917988,
            "best_iteration": null,
            "parameters": {
                "C": 10.0,
                "penalty": "l2"
            }
        },
        {
            "finishedAt": 1673496130594,
            "score": 0.7324887516049293,
            "testScoreGibMean": 0.7324887516049293,
            "testScoreMean": 0.7324887516049293,
            "testScoreStd": 0.0076088964254210825,
            "trainScoreMean": 0.7350342375593991,
            "trainScoreStd": 0.0019289842467745018,
            "time": 18878,
            "fitTimeMean": 3465.4,
            "fitTimeStd": 483.88453168085465,
            "scoreTimeMean": 310.2,
            "scoreTimeStd": 64.89807393135793,
            "best_iteration": null,
            "parameters": {
                "C": 1.0,
                "penalty": "l2"
            }
        },
        {
            "finishedAt": 1673496141869,
            "score": 0.7322553317810627,
            "testScoreGibMean": 0.7322553317810627,
            "testScoreMean": 0.7322553317810627,
            "testScoreStd": 0.007599055062083854,
            "trainScoreMean": 0.7350798790157708,
            "trainScoreStd": 0.0019314263158870402,
            "time": 34434,
            "fitTimeMean": 6554.0,
            "fitTimeStd": 494.48963588734597,
            "scoreTimeMean": 332.8,
            "scoreTimeStd": 38.20157064833853,
            "best_iteration": null,
            "parameters": {
                "C": 100.0,
                "penalty": "l2"
            }
        }
    ]
}