[
    {
        "test_score_gib": 0.7346055923871607,
        "train_score": 0.7341295212672797,
        "test_score": 0.7346055923871607,
        "num_samples": 15983,
        "fit_time": 945,
        "score_time": 468,
        "time": 1413,
        "parameters": {
            "C": 0.1,
            "penalty": "l2"
        },
        "best_iteration": null,
        "done_at": 1673496114289,
        "split_id": 0
    },
    {
        "test_score_gib": 0.7296207548029359,
        "train_score": 0.7358019386062014,
        "test_score": 0.7296207548029359,
        "num_samples": 15983,
        "fit_time": 1129,
        "score_time": 643,
        "time": 1772,
        "parameters": {
            "C": 0.1,
            "penalty": "l2"
        },
        "best_iteration": null,
        "done_at": 1673496114649,
        "split_id": 1
    },
    {
        "test_score_gib": 0.7286000565621557,
        "train_score": 0.735938058053702,
        "test_score": 0.7286000565621557,
        "num_samples": 15982,
        "fit_time": 1383,
        "score_time": 524,
        "time": 1907,
        "parameters": {
            "C": 0.1,
            "penalty": "l2"
        },
        "best_iteration": null,
        "done_at": 1673496114785,
        "split_id": 2
    },
    {
        "test_score_gib": 0.7464335325902889,
        "train_score": 0.7313424542543703,
        "test_score": 0.7464335325902889,
        "num_samples": 15982,
        "fit_time": 1621,
        "score_time": 484,
        "time": 2105,
        "parameters": {
            "C": 0.1,
            "penalty": "l2"
        },
        "best_iteration": null,
        "done_at": 1673496114984,
        "split_id": 3
    },
    {
        "test_score_gib": 0.7239358062514076,
        "train_score": 0.7367922146471972,
        "test_score": 0.7239358062514076,
        "num_samples": 15982,
        "fit_time": 2450,
        "score_time": 476,
        "time": 2926,
        "parameters": {
            "C": 0.1,
            "penalty": "l2"
        },
        "best_iteration": null,
        "done_at": 1673496117221,
        "split_id": 4
    },
    {
        "test_score_gib": 0.7333932008083184,
        "train_score": 0.7329092655772624,
        "test_score": 0.7333932008083184,
        "num_samples": 15983,
        "fit_time": 1299,
        "score_time": 549,
        "time": 1848,
        "parameters": {
            "C": 0.01,
            "penalty": "l2"
        },
        "best_iteration": null,
        "done_at": 1673496116618,
        "split_id": 0
    },
    {
        "test_score_gib": 0.7292036164596447,
        "train_score": 0.7344061756654158,
        "test_score": 0.7292036164596447,
        "num_samples": 15983,
        "fit_time": 1159,
        "score_time": 561,
        "time": 1720,
        "parameters": {
            "C": 0.01,
            "penalty": "l2"
        },
        "best_iteration": null,
        "done_at": 1673496116513,
        "split_id": 1
    },
    {
        "test_score_gib": 0.7276703913447867,
        "train_score": 0.7347243241573456,
        "test_score": 0.7276703913447867,
        "num_samples": 15982,
        "fit_time": 1231,
        "score_time": 483,
        "time": 1714,
        "parameters": {
            "C": 0.01,
            "penalty": "l2"
        },
        "best_iteration": null,
        "done_at": 1673496116704,
        "split_id": 2
    },
    {
        "test_score_gib": 0.745290555839226,
        "train_score": 0.7300788218955829,
        "test_score": 0.745290555839226,
        "num_samples": 15982,
        "fit_time": 1573,
        "score_time": 476,
        "time": 2049,
        "parameters": {
            "C": 0.01,
            "penalty": "l2"
        },
        "best_iteration": null,
        "done_at": 1673496118633,
        "split_id": 3
    },
    {
        "test_score_gib": 0.723505486872938,
        "train_score": 0.7354717615425115,
        "test_score": 0.723505486872938,
        "num_samples": 15982,
        "fit_time": 1738,
        "score_time": 462,
        "time": 2200,
        "parameters": {
            "C": 0.01,
            "penalty": "l2"
        },
        "best_iteration": null,
        "done_at": 1673496118845,
        "split_id": 4
    },
    {
        "test_score_gib": 0.7339536256997791,
        "train_score": 0.7344096113482512,
        "test_score": 0.7339536256997791,
        "num_samples": 15983,
        "fit_time": 4243,
        "score_time": 473,
        "time": 4716,
        "parameters": {
            "C": 10.0,
            "penalty": "l2"
        },
        "best_iteration": null,
        "done_at": 1673496121447,
        "split_id": 0
    },
    {
        "test_score_gib": 0.7293410580856332,
        "train_score": 0.7360826384604359,
        "test_score": 0.7293410580856332,
        "num_samples": 15983,
        "fit_time": 4545,
        "score_time": 305,
        "time": 4850,
        "parameters": {
            "C": 10.0,
            "penalty": "l2"
        },
        "best_iteration": null,
        "done_at": 1673496122077,
        "split_id": 1
    },
    {
        "test_score_gib": 0.7282986782679257,
        "train_score": 0.7361880392504486,
        "test_score": 0.7282986782679257,
        "num_samples": 15982,
        "fit_time": 4327,
        "score_time": 434,
        "time": 4761,
        "parameters": {
            "C": 10.0,
            "penalty": "l2"
        },
        "best_iteration": null,
        "done_at": 1673496123427,
        "split_id": 2
    },
    {
        "test_score_gib": 0.746074216768874,
        "train_score": 0.731619471843471,
        "test_score": 0.746074216768874,
        "num_samples": 15982,
        "fit_time": 4181,
        "score_time": 391,
        "time": 4572,
        "parameters": {
            "C": 10.0,
            "penalty": "l2"
        },
        "best_iteration": null,
        "done_at": 1673496123453,
        "split_id": 3
    },
    {
        "test_score_gib": 0.7238805335066301,
        "train_score": 0.7370757220449344,
        "test_score": 0.7238805335066301,
        "num_samples": 15982,
        "fit_time": 7209,
        "score_time": 268,
        "time": 7477,
        "parameters": {
            "C": 10.0,
            "penalty": "l2"
        },
        "best_iteration": null,
        "done_at": 1673496128928,
        "split_id": 4
    },
    {
        "test_score_gib": 0.7341648594683012,
        "train_score": 0.7343688022054559,
        "test_score": 0.7341648594683012,
        "num_samples": 15983,
        "fit_time": 3870,
        "score_time": 424,
        "time": 4294,
        "parameters": {
            "C": 1.0,
            "penalty": "l2"
        },
        "best_iteration": null,
        "done_at": 1673496126384,
        "split_id": 0
    },
    {
        "test_score_gib": 0.7295154602489421,
        "train_score": 0.736054505617328,
        "test_score": 0.7295154602489421,
        "num_samples": 15983,
        "fit_time": 3673,
        "score_time": 247,
        "time": 3920,
        "parameters": {
            "C": 1.0,
            "penalty": "l2"
        },
        "best_iteration": null,
        "done_at": 1673496127376,
        "split_id": 1
    },
    {
        "test_score_gib": 0.7286400712786314,
        "train_score": 0.7361399459003535,
        "test_score": 0.7286400712786314,
        "num_samples": 15982,
        "fit_time": 4006,
        "score_time": 303,
        "time": 4309,
        "parameters": {
            "C": 1.0,
            "penalty": "l2"
        },
        "best_iteration": null,
        "done_at": 1673496127768,
        "split_id": 2
    },
    {
        "test_score_gib": 0.7462371553189917,
        "train_score": 0.7315806941623957,
        "test_score": 0.7462371553189917,
        "num_samples": 15982,
        "fit_time": 2829,
        "score_time": 328,
        "time": 3157,
        "parameters": {
            "C": 1.0,
            "penalty": "l2"
        },
        "best_iteration": null,
        "done_at": 1673496129547,
        "split_id": 3
    },
    {
        "test_score_gib": 0.7238862928750595,
        "train_score": 0.7370272177094415,
        "test_score": 0.7238862928750595,
        "num_samples": 15982,
        "fit_time": 2949,
        "score_time": 249,
        "time": 3198,
        "parameters": {
            "C": 1.0,
            "penalty": "l2"
        },
        "best_iteration": null,
        "done_at": 1673496130594,
        "split_id": 4
    },
    {
        "test_score_gib": 0.7339146452261167,
        "train_score": 0.7344133666919603,
        "test_score": 0.7339146452261167,
        "num_samples": 15983,
        "fit_time": 6309,
        "score_time": 352,
        "time": 6661,
        "parameters": {
            "C": 100.0,
            "penalty": "l2"
        },
        "best_iteration": null,
        "done_at": 1673496134438,
        "split_id": 0
    },
    {
        "test_score_gib": 0.7292861330080807,
        "train_score": 0.7360845161322904,
        "test_score": 0.7292861330080807,
        "num_samples": 15983,
        "fit_time": 6315,
        "score_time": 351,
        "time": 6666,
        "parameters": {
            "C": 100.0,
            "penalty": "l2"
        },
        "best_iteration": null,
        "done_at": 1673496135609,
        "split_id": 1
    },
    {
        "test_score_gib": 0.72815069688358,
        "train_score": 0.7361951871729577,
        "test_score": 0.72815069688358,
        "num_samples": 15982,
        "fit_time": 7111,
        "score_time": 313,
        "time": 7424,
        "parameters": {
            "C": 100.0,
            "penalty": "l2"
        },
        "best_iteration": null,
        "done_at": 1673496137008,
        "split_id": 2
    },
    {
        "test_score_gib": 0.7460454629070885,
        "train_score": 0.7316238019641341,
        "test_score": 0.7460454629070885,
        "num_samples": 15982,
        "fit_time": 5888,
        "score_time": 379,
        "time": 6267,
        "parameters": {
            "C": 100.0,
            "penalty": "l2"
        },
        "best_iteration": null,
        "done_at": 1673496136888,
        "split_id": 3
    },
    {
        "test_score_gib": 0.7238798028404861,
        "train_score": 0.7370825019609107,
        "test_score": 0.7238798028404861,
        "num_samples": 15982,
        "fit_time": 7147,
        "score_time": 269,
        "time": 7416,
        "parameters": {
            "C": 100.0,
            "penalty": "l2"
        },
        "best_iteration": null,
        "done_at": 1673496141869,
        "split_id": 4
    }
]