{
    "modelInputNRows": 79912,
    "modelInputNCols": 75,
    "modelInputIsSparse": false,
    "modelInputMemory": 47947200,
    "usedGridSearch": true,
    "gridSize": 5,
    "gridBestScore": 0.7326391353549364,
    "gridCells": [
        {
            "params": {
                "C": 0.1,
                "penalty": "l2"
            },
            "score": 0.7326391353549364,
            "scoreStd": 0.007685290953714099,
            "fitTime": 1.5055999999999998,
            "fitTimeStd": 0.524659737353649,
            "scoreTime": 0.519,
            "scoreTimeStd": 0.06492457161968802
        },
        {
            "params": {
                "C": 0.01,
                "penalty": "l2"
            },
            "score": 0.7318126373947847,
            "scoreStd": 0.007444730419492509,
            "fitTime": 1.4,
            "fitTimeStd": 0.21955227168034494,
            "scoreTime": 0.5062,
            "scoreTimeStd": 0.04059261016490564
        },
        {
            "params": {
                "C": 10.0,
                "penalty": "l2"
            },
            "score": 0.7323096058905213,
            "scoreStd": 0.007590914320756446,
            "fitTime": 4.901,
            "fitTimeStd": 1.1605550396254372,
            "scoreTime": 0.3742,
            "scoreTimeStd": 0.07705426659179879
        },
        {
            "params": {
                "C": 1.0,
                "penalty": "l2"
            },
            "score": 0.7324887516049293,
            "scoreStd": 0.0076088964254210825,
            "fitTime": 3.4654000000000003,
            "fitTimeStd": 0.48388453168085466,
            "scoreTime": 0.3102,
            "scoreTimeStd": 0.06489807393135792
        },
        {
            "params": {
                "C": 100.0,
                "penalty": "l2"
            },
            "score": 0.7322553317810627,
            "scoreStd": 0.007599055062083854,
            "fitTime": 6.554,
            "fitTimeStd": 0.49448963588734596,
            "scoreTime": 0.3328,
            "scoreTimeStd": 0.03820157064833853
        }
    ],
    "lmCoefficients": {
        "variables": [
            "card_fico_score",
            "signature_provided",
            "purchase_dow",
            "card_age",
            "merchant_cardholder_distance",
            "purchase_weekend",
            "days_active",
            "purchase_amount",
            "dummy:item_category:D",
            "dummy:item_category:A",
            "dummy:item_category:B",
            "dummy:card_state:New York",
            "dummy:card_state:Pennsylvania",
            "dummy:card_state:Connecticut",
            "dummy:card_state:New Hampshire",
            "dummy:card_state:Massachusetts",
            "dummy:card_state:Maine",
            "dummy:card_state:Vermont",
            "dummy:card_state:Maryland",
            "dummy:card_state:New Jersey",
            "dummy:card_state:Delaware",
            "dummy:merchant_subsector_description:gas",
            "dummy:merchant_subsector_description:consumer electronics",
            "dummy:merchant_subsector_description:luxury goods",
            "dummy:merchant_subsector_description:internet",
            "dummy:merchant_subsector_description:insurance",
            "dummy:merchant_subsector_description:groceries",
            "dummy:merchant_subsector_description:restaurant/dining",
            "dummy:merchant_subsector_description:entertainment",
            "dummy:merchant_subsector_description:gym",
            "dummy:merchant_subsector_description:carpentry",
            "dummy:merchant_subsector_description:retail apparel",
            "dummy:merchant_subsector_description:beauty & personal care",
            "dummy:merchant_subsector_description:hotel",
            "dummy:merchant_subsector_description:biotechnology",
            "dummy:merchant_subsector_description:liquor",
            "dummy:merchant_subsector_description:health care services",
            "dummy:merchant_subsector_description:advertising services",
            "dummy:merchant_subsector_description:real estate investments",
            "dummy:merchant_subsector_description:semiconductors",
            "dummy:merchant_subsector_description:tobacco",
            "dummy:merchant_subsector_description:flights",
            "dummy:merchant_subsector_description:news & journalism",
            "dummy:merchant_subsector_description:pharmaceuticals",
            "dummy:merchant_subsector_description:real estate services",
            "dummy:merchant_subsector_description:misc entertainment",
            "dummy:merchant_subsector_description:dental",
            "dummy:merchant_subsector_description:magic cards",
            "dummy:merchant_subsector_description:financial services",
            "dummy:merchant_subsector_description:utilities",
            "dummy:merchant_subsector_description:office supplies",
            "dummy:merchant_subsector_description:phone bill",
            "dummy:merchant_subsector_description:health care technology",
            "dummy:merchant_subsector_description:adult industry",
            "dummy:merchant_subsector_description:professional photography",
            "dummy:merchant_subsector_description:astrological services",
            "dummy:merchant_subsector_description:automobiles",
            "dummy:merchant_subsector_description:education services",
            "dummy:merchant_subsector_description:N/A",
            "dummy:card_reward_program:cash_back",
            "dummy:card_reward_program:travel",
            "dummy:merchant_state:New York",
            "dummy:merchant_state:Massachusetts",
            "dummy:merchant_state:New Hampshire",
            "dummy:merchant_state:Pennsylvania",
            "dummy:merchant_state:Connecticut",
            "dummy:merchant_state:Maine",
            "dummy:merchant_state:Vermont",
            "dummy:merchant_state:Maryland",
            "dummy:merchant_state:New Jersey",
            "dummy:merchant_state:Delaware",
            "dummy:merchant_state:N/A"
        ],
        "coefs": [
            -0.009709790347519518,
            0.3967827783015613,
            0.026626096651448262,
            0.28217846323531376,
            -0.026290065437775345,
            0.018415712634539585,
            0.017082382646932997,
            -0.24747034319120803,
            0.5742460491673551,
            0.48627843496817486,
            -0.0009338230740930063,
            0.27169620279233403,
            0.25048308109157885,
            0.28247048803766034,
            0.22959698473747697,
            0.2801504679836542,
            -0.010731004079690009,
            -0.06429943203560366,
            0.4807322720707993,
            0.030851026750403302,
            -0.5292695238006375,
            -1.5651546742454172,
            -1.7080575001367635,
            -1.8849940516896138,
            -1.790964171423356,
            -1.7987117177497598,
            0.21537223133930672,
            1.3304090759803326,
            0.6438985865795911,
            -1.243398140655171,
            1.211903577058212,
            0.743194852307591,
            1.1770530900049931,
            0.169566701297783,
            0.3206920509592526,
            -0.1722745001678818,
            0.3410985252761751,
            0.41699405311984333,
            1.2119466317529275,
            -0.09636073952108298,
            0.4577814236699962,
            0.37033042536860017,
            0.4740374846786399,
            0.29479291201614916,
            -0.15065938420044842,
            0.6049477218932665,
            -1.030226689693662,
            0.5414204263895988,
            -0.033029616838711556,
            0.01569173714821717,
            0.2843302041433033,
            0.20002465201941405,
            0.20749012655110843,
            -0.053751547198912286,
            -0.01185013371634501,
            0.09692658272047461,
            -0.3814670556427123,
            0.1665055355082711,
            1.250794757957358,
            -0.02890358334888908,
            0.003405520979308381,
            0.07397978345635163,
            -0.14841005149708875,
            0.1605103142077398,
            0.047585790926204734,
            0.04778304970139589,
            -0.2946618750132938,
            -0.31840460943696114,
            -0.1465440162056672,
            0.11902227726947097,
            0.25888200349902213,
            1.250794757957358
        ],
        "interceptCoef": 0.9839882819974768,
        "interceptStderr": null,
        "interceptTstat": null,
        "interceptPvalue": null,
        "rescaledCoefs": [
            -5.7922950580021664e-05,
            1.0179190748253675,
            0.013833853112338673,
            0.013652184054010927,
            -0.00017140235504839083,
            0.04086465527416339,
            6.733726991443145e-05,
            -0.00041042357475726916,
            0.5742460491673551,
            0.48627843496817486,
            -0.0009338230740930063,
            0.27169620279233403,
            0.25048308109157885,
            0.28247048803766034,
            0.22959698473747697,
            0.2801504679836542,
            -0.010731004079690009,
            -0.06429943203560366,
            0.4807322720707993,
            0.030851026750403302,
            -0.5292695238006375,
            -1.5651546742454172,
            -1.7080575001367635,
            -1.8849940516896138,
            -1.790964171423356,
            -1.7987117177497598,
            0.21537223133930672,
            1.3304090759803326,
            0.6438985865795911,
            -1.243398140655171,
            1.211903577058212,
            0.743194852307591,
            1.1770530900049931,
            0.169566701297783,
            0.3206920509592526,
            -0.1722745001678818,
            0.3410985252761751,
            0.41699405311984333,
            1.2119466317529275,
            -0.09636073952108298,
            0.4577814236699962,
            0.37033042536860017,
            0.4740374846786399,
            0.29479291201614916,
            -0.15065938420044842,
            0.6049477218932665,
            -1.030226689693662,
            0.5414204263895988,
            -0.033029616838711556,
            0.01569173714821717,
            0.2843302041433033,
            0.20002465201941405,
            0.20749012655110843,
            -0.053751547198912286,
            -0.01185013371634501,
            0.09692658272047461,
            -0.3814670556427123,
            0.1665055355082711,
            1.250794757957358,
            -0.02890358334888908,
            0.003405520979308381,
            0.07397978345635163,
            -0.14841005149708875,
            0.1605103142077398,
            0.047585790926204734,
            0.04778304970139589,
            -0.2946618750132938,
            -0.31840460943696114,
            -0.1465440162056672,
            0.11902227726947097,
            0.25888200349902213,
            1.250794757957358
        ],
        "rescaledInterceptCoef": 0.23830445070467635
    },
    "probaAware": true
}