{
    "metrics": {},
    "processed_feature_names": [
        "card_fico_score",
        "signature_provided",
        "purchase_dow",
        "card_age",
        "merchant_cardholder_distance",
        "purchase_weekend",
        "days_active",
        "purchase_amount",
        "dummy:item_category:D",
        "dummy:item_category:A",
        "dummy:item_category:B",
        "dummy:item_category:N/A",
        "dummy:card_state:New York",
        "dummy:card_state:Pennsylvania",
        "dummy:card_state:Connecticut",
        "dummy:card_state:New Hampshire",
        "dummy:card_state:Massachusetts",
        "dummy:card_state:Maine",
        "dummy:card_state:Vermont",
        "dummy:card_state:Maryland",
        "dummy:card_state:New Jersey",
        "dummy:card_state:Delaware",
        "dummy:card_state:N/A",
        "dummy:merchant_subsector_description:gas",
        "dummy:merchant_subsector_description:consumer electronics",
        "dummy:merchant_subsector_description:luxury goods",
        "dummy:merchant_subsector_description:internet",
        "dummy:merchant_subsector_description:insurance",
        "dummy:merchant_subsector_description:groceries",
        "dummy:merchant_subsector_description:restaurant/dining",
        "dummy:merchant_subsector_description:entertainment",
        "dummy:merchant_subsector_description:gym",
        "dummy:merchant_subsector_description:carpentry",
        "dummy:merchant_subsector_description:retail apparel",
        "dummy:merchant_subsector_description:beauty & personal care",
        "dummy:merchant_subsector_description:hotel",
        "dummy:merchant_subsector_description:biotechnology",
        "dummy:merchant_subsector_description:liquor",
        "dummy:merchant_subsector_description:health care services",
        "dummy:merchant_subsector_description:advertising services",
        "dummy:merchant_subsector_description:real estate investments",
        "dummy:merchant_subsector_description:semiconductors",
        "dummy:merchant_subsector_description:tobacco",
        "dummy:merchant_subsector_description:flights",
        "dummy:merchant_subsector_description:news & journalism",
        "dummy:merchant_subsector_description:pharmaceuticals",
        "dummy:merchant_subsector_description:real estate services",
        "dummy:merchant_subsector_description:misc entertainment",
        "dummy:merchant_subsector_description:dental",
        "dummy:merchant_subsector_description:magic cards",
        "dummy:merchant_subsector_description:financial services",
        "dummy:merchant_subsector_description:utilities",
        "dummy:merchant_subsector_description:office supplies",
        "dummy:merchant_subsector_description:phone bill",
        "dummy:merchant_subsector_description:health care technology",
        "dummy:merchant_subsector_description:adult industry",
        "dummy:merchant_subsector_description:professional photography",
        "dummy:merchant_subsector_description:astrological services",
        "dummy:merchant_subsector_description:automobiles",
        "dummy:merchant_subsector_description:education services",
        "dummy:merchant_subsector_description:N/A",
        "dummy:card_reward_program:cash_back",
        "dummy:card_reward_program:travel",
        "dummy:card_reward_program:N/A",
        "dummy:merchant_state:New York",
        "dummy:merchant_state:Massachusetts",
        "dummy:merchant_state:New Hampshire",
        "dummy:merchant_state:Pennsylvania",
        "dummy:merchant_state:Connecticut",
        "dummy:merchant_state:Maine",
        "dummy:merchant_state:Vermont",
        "dummy:merchant_state:Maryland",
        "dummy:merchant_state:New Jersey",
        "dummy:merchant_state:Delaware",
        "dummy:merchant_state:N/A"
    ],
    "tiMetrics": {
        "auc": 0.7257682525996916,
        "logLoss": 0.607825482862858,
        "lift": 1.0841851264596394,
        "calibrationLoss": 0.3249991166386538
    },
    "probaPercentiles": [
        0.21117152698761604,
        0.2369482674308031,
        0.2530482493822269,
        0.2646831420317924,
        0.27388185225303824,
        0.2826821114058947,
        0.29036210955718844,
        0.29814216995517995,
        0.3055516668262674,
        0.3116938681518347,
        0.3176358386597007,
        0.3237112316124929,
        0.3296503276981875,
        0.33549639091440986,
        0.3420136077765605,
        0.3470954449183437,
        0.35283334370123776,
        0.3577422368761013,
        0.36322792684245486,
        0.3687036466563359,
        0.37403646498520315,
        0.37878072810593655,
        0.3838396912894395,
        0.38789088764607094,
        0.39225571808779797,
        0.3962698127486381,
        0.40090124290996754,
        0.40489346888952504,
        0.4090585581808828,
        0.41357788005079965,
        0.4181404798507523,
        0.4223139882960702,
        0.42683688805842207,
        0.4318855762104543,
        0.4363645636975646,
        0.4408744297124986,
        0.4448741799090532,
        0.4489459832345522,
        0.453498026294852,
        0.4584184630185293,
        0.46344376971234413,
        0.46792356638581145,
        0.47275309560731327,
        0.4779338424864603,
        0.48255337564190137,
        0.4874418549706598,
        0.49240656148028944,
        0.49735283313677897,
        0.5028613189778205,
        0.5085688296667485,
        0.5144914104403718,
        0.5204649171892871,
        0.5271221829494535,
        0.5327980929615461,
        0.5398049356744263,
        0.5470511030351279,
        0.5547300064277458,
        0.563260952404433,
        0.5720182257994293,
        0.5806669803265652,
        0.5901789580234832,
        0.5998821164868813,
        0.6103173318154363,
        0.62143976343631,
        0.6326659484906667,
        0.644099111631586,
        0.6557241415491525,
        0.667145457247675,
        0.6794781850068312,
        0.6937546637354897,
        0.7066194601924238,
        0.7215793619959701,
        0.7361635417396937,
        0.7524601236659958,
        0.7677895211373797,
        0.7820922272464659,
        0.7994546252271819,
        0.813389412881119,
        0.825966302927505,
        0.8381872666060711,
        0.8495880720793954,
        0.8614569405199684,
        0.8734915859988103,
        0.8825686331213902,
        0.8908192974018779,
        0.8982405456259679,
        0.9053965938998849,
        0.912300834820687,
        0.9198888914923709,
        0.9267034518474272,
        0.9335801545054925,
        0.9394536176600428,
        0.9453933768617474,
        0.9511643935169433,
        0.9566724753314306,
        0.9634953746628587,
        0.9698231637948495,
        0.9770517428880552,
        0.9830976028655827
    ],
    "perCutData": {
        "cut": [
            0,
            0.025,
            0.05,
            0.075,
            0.1,
            0.125,
            0.15,
            0.175,
            0.2,
            0.225,
            0.25,
            0.275,
            0.3,
            0.325,
            0.35,
            0.375,
            0.4,
            0.425,
            0.45,
            0.475,
            0.5,
            0.525,
            0.55,
            0.575,
            0.6,
            0.625,
            0.65,
            0.675,
            0.7,
            0.725,
            0.75,
            0.775,
            0.8,
            0.825,
            0.85,
            0.875,
            0.9,
            0.925,
            0.95,
            0.975
        ],
        "tp": [
            17984,
            17980,
            17972,
            17965,
            17962,
            17955,
            17947,
            17931,
            17893,
            17780,
            17577,
            17228,
            16720,
            16108,
            15394,
            14623,
            13695,
            12712,
            11715,
            10798,
            9897,
            9138,
            8455,
            7917,
            7431,
            6999,
            6574,
            6162,
            5812,
            5486,
            5177,
            4844,
            4555,
            4184,
            3766,
            3358,
            2744,
            2052,
            1235,
            461
        ],
        "tn": [
            0,
            2,
            4,
            7,
            10,
            17,
            22,
            28,
            52,
            93,
            158,
            272,
            398,
            568,
            725,
            899,
            1093,
            1268,
            1412,
            1540,
            1654,
            1746,
            1807,
            1860,
            1902,
            1931,
            1950,
            1969,
            1991,
            2008,
            2022,
            2034,
            2044,
            2052,
            2060,
            2069,
            2080,
            2089,
            2098,
            2104
        ],
        "fp": [
            2104,
            2102,
            2100,
            2097,
            2094,
            2087,
            2082,
            2076,
            2052,
            2011,
            1946,
            1832,
            1706,
            1536,
            1379,
            1205,
            1011,
            836,
            692,
            564,
            450,
            358,
            297,
            244,
            202,
            173,
            154,
            135,
            113,
            96,
            82,
            70,
            60,
            52,
            44,
            35,
            24,
            15,
            6,
            0
        ],
        "fn": [
            0,
            4,
            12,
            19,
            22,
            29,
            37,
            53,
            91,
            204,
            407,
            756,
            1264,
            1876,
            2590,
            3361,
            4289,
            5272,
            6269,
            7186,
            8087,
            8846,
            9529,
            10067,
            10553,
            10985,
            11410,
            11822,
            12172,
            12498,
            12807,
            13140,
            13429,
            13800,
            14218,
            14626,
            15240,
            15932,
            16749,
            17523
        ],
        "precision": [
            0.8952608522500995,
            0.8953291504830196,
            0.8953766440813073,
            0.8954740305054332,
            0.8955923414439569,
            0.8958686757808602,
            0.8960507264466524,
            0.8962363172889488,
            0.8971170719478566,
            0.898388156232631,
            0.9003226963069201,
            0.9038824763903462,
            0.9074134375339195,
            0.9129449104511449,
            0.9177845346688129,
            0.9238690927470306,
            0.9312525499796002,
            0.9382934750516682,
            0.9442250342548562,
            0.9503608519626826,
            0.9565091330820528,
            0.9622999157540016,
            0.9660648994515539,
            0.9701017032226443,
            0.9735359622690947,
            0.9758784160624652,
            0.9771105826397146,
            0.9785612196283945,
            0.9809282700421941,
            0.9828018631314941,
            0.9844076820688343,
            0.9857549857549858,
            0.9869989165763814,
            0.987724268177526,
            0.9884514435695538,
            0.9896846448570586,
            0.9913294797687862,
            0.9927431059506531,
            0.9951651893634166,
            1.0
        ],
        "recall": [
            1.0,
            0.9997775800711743,
            0.9993327402135231,
            0.9989435053380783,
            0.9987766903914591,
            0.9983874555160143,
            0.997942615658363,
            0.9970529359430605,
            0.994939946619217,
            0.9886565836298933,
            0.9773687722419929,
            0.9579626334519573,
            0.9297153024911032,
            0.895685053380783,
            0.8559830960854092,
            0.8131116548042705,
            0.761510231316726,
            0.7068505338078291,
            0.6514123665480427,
            0.6004225978647687,
            0.5503225088967971,
            0.5081183274021353,
            0.47014012455516013,
            0.4402246441281139,
            0.4132006227758007,
            0.38917927046263345,
            0.36554715302491103,
            0.3426379003558719,
            0.3231761565836299,
            0.30504893238434166,
            0.2878669928825623,
            0.2693505338078292,
            0.25328069395017794,
            0.2326512455516014,
            0.20940836298932383,
            0.1867215302491103,
            0.15258007117437722,
            0.11410142348754448,
            0.06867215302491103,
            0.025633896797153024
        ],
        "accuracy": [
            0.8952608522500995,
            0.8951612903225806,
            0.8948626045400239,
            0.894663480684986,
            0.894663480684986,
            0.894663480684986,
            0.8945141377937077,
            0.8940163281561131,
            0.8933193946634806,
            0.8897351652727997,
            0.8828653922739944,
            0.8711668657905217,
            0.8521505376344086,
            0.830147351652728,
            0.8024193548387096,
            0.772700119474313,
            0.7361608920748706,
            0.6959378733572282,
            0.6534747112704102,
            0.6141975308641975,
            0.5750199123855038,
            0.5418160095579451,
            0.5108522500995619,
            0.48670848267622463,
            0.4646057347670251,
            0.44454400637196334,
            0.42433293508562325,
            0.4047690163281561,
            0.38844086021505375,
            0.3730585424133811,
            0.3583731581043409,
            0.3423934687375548,
            0.3285045798486659,
            0.3104340900039825,
            0.29002389486260455,
            0.2701612903225806,
            0.24014336917562723,
            0.20614297092791717,
            0.16591995221027478,
            0.12768817204301075
        ],
        "f1": [
            0.9447362891363732,
            0.9446750380917355,
            0.9445028379230608,
            0.9443831151763653,
            0.9443743427970558,
            0.9443538631462683,
            0.9442559124510036,
            0.9439604116764497,
            0.9434996968019194,
            0.9413633355393779,
            0.9372650438584798,
            0.930137134218767,
            0.918429003021148,
            0.9042326260244752,
            0.8858071755329863,
            0.8649591860877796,
            0.8378709085347201,
            0.8062920208042623,
            0.7709519265572045,
            0.7359094936277517,
            0.6986693021778263,
            0.6650655021834061,
            0.6324805505685218,
            0.6056224899598394,
            0.5801616114299099,
            0.556447765940531,
            0.5320492068630625,
            0.5075573493678185,
            0.4861767535237777,
            0.4655860137486209,
            0.445467452566364,
            0.4230937199755438,
            0.40311518208770303,
            0.3765976597659766,
            0.3455997063411948,
            0.3141694344388829,
            0.26445643793369317,
            0.20467807091915619,
            0.12847854356306893,
            0.04998644619137978
        ],
        "mcc": [
            0.0,
            0.01290351433196811,
            0.013393187228499522,
            0.019338110061590096,
            0.027101119540182725,
            0.04143237292697079,
            0.04752610674245638,
            0.05006461379725346,
            0.07158945621792681,
            0.08336743271279304,
            0.09716917148289525,
            0.1212340634151673,
            0.13214154681349272,
            0.15516742188140922,
            0.16545263470310903,
            0.1800818959232389,
            0.19428910690456827,
            0.20226336192977037,
            0.2032233925924186,
            0.2053251126403003,
            0.20614368774389152,
            0.20729078241120452,
            0.20316668939747287,
            0.202169427511977,
            0.20011061974473313,
            0.1961807892193832,
            0.18968269023923165,
            0.1838173789487701,
            0.18094763502363714,
            0.1773386188892394,
            0.17336931830471555,
            0.16817391993251576,
            0.16361339153565024,
            0.15609053267302492,
            0.14723284979512816,
            0.13901153641633934,
            0.12541843298897118,
            0.10781446722171416,
            0.08371818474721253,
            0.05242074903600283
        ],
        "hammingLoss": [
            0.10473914774990044,
            0.10483870967741936,
            0.10513739545997611,
            0.10533651931501394,
            0.10533651931501394,
            0.10533651931501394,
            0.10548586220629232,
            0.10598367184388689,
            0.10668060533651931,
            0.11026483472720032,
            0.11713460772600558,
            0.12883313420947828,
            0.1478494623655914,
            0.169852648347272,
            0.1975806451612903,
            0.22729988052568698,
            0.26383910792512943,
            0.3040621266427718,
            0.3465252887295898,
            0.38580246913580246,
            0.42498008761449624,
            0.45818399044205493,
            0.4891477499004381,
            0.5132915173237754,
            0.535394265232975,
            0.5554559936280367,
            0.5756670649143767,
            0.5952309836718439,
            0.6115591397849462,
            0.6269414575866189,
            0.6416268418956591,
            0.6576065312624453,
            0.6714954201513341,
            0.6895659099960175,
            0.7099761051373955,
            0.7298387096774194,
            0.7598566308243727,
            0.7938570290720829,
            0.8340800477897252,
            0.8723118279569892
        ],
        "assertionsMetrics": [
            {
                "passingAssertionsRatio": 1.0,
                "perAssertion": [
                    {
                        "result": true,
                        "validRatio": 1.0,
                        "nbMatchingRows": 6176,
                        "nbDroppedRows": 0,
                        "name": "Assertion 1"
                    }
                ]
            },
            {
                "passingAssertionsRatio": 1.0,
                "perAssertion": [
                    {
                        "result": true,
                        "validRatio": 0.9996761658031088,
                        "nbMatchingRows": 6176,
                        "nbDroppedRows": 0,
                        "name": "Assertion 1"
                    }
                ]
            },
            {
                "passingAssertionsRatio": 1.0,
                "perAssertion": [
                    {
                        "result": true,
                        "validRatio": 0.9990284974093264,
                        "nbMatchingRows": 6176,
                        "nbDroppedRows": 0,
                        "name": "Assertion 1"
                    }
                ]
            },
            {
                "passingAssertionsRatio": 1.0,
                "perAssertion": [
                    {
                        "result": true,
                        "validRatio": 0.9987046632124352,
                        "nbMatchingRows": 6176,
                        "nbDroppedRows": 0,
                        "name": "Assertion 1"
                    }
                ]
            },
            {
                "passingAssertionsRatio": 1.0,
                "perAssertion": [
                    {
                        "result": true,
                        "validRatio": 0.9987046632124352,
                        "nbMatchingRows": 6176,
                        "nbDroppedRows": 0,
                        "name": "Assertion 1"
                    }
                ]
            },
            {
                "passingAssertionsRatio": 1.0,
                "perAssertion": [
                    {
                        "result": true,
                        "validRatio": 0.9980569948186528,
                        "nbMatchingRows": 6176,
                        "nbDroppedRows": 0,
                        "name": "Assertion 1"
                    }
                ]
            },
            {
                "passingAssertionsRatio": 1.0,
                "perAssertion": [
                    {
                        "result": true,
                        "validRatio": 0.9974093264248705,
                        "nbMatchingRows": 6176,
                        "nbDroppedRows": 0,
                        "name": "Assertion 1"
                    }
                ]
            },
            {
                "passingAssertionsRatio": 1.0,
                "perAssertion": [
                    {
                        "result": true,
                        "validRatio": 0.9969235751295337,
                        "nbMatchingRows": 6176,
                        "nbDroppedRows": 0,
                        "name": "Assertion 1"
                    }
                ]
            },
            {
                "passingAssertionsRatio": 1.0,
                "perAssertion": [
                    {
                        "result": true,
                        "validRatio": 0.9957901554404145,
                        "nbMatchingRows": 6176,
                        "nbDroppedRows": 0,
                        "name": "Assertion 1"
                    }
                ]
            },
            {
                "passingAssertionsRatio": 1.0,
                "perAssertion": [
                    {
                        "result": true,
                        "validRatio": 0.9909326424870466,
                        "nbMatchingRows": 6176,
                        "nbDroppedRows": 0,
                        "name": "Assertion 1"
                    }
                ]
            },
            {
                "passingAssertionsRatio": 1.0,
                "perAssertion": [
                    {
                        "result": true,
                        "validRatio": 0.9815414507772021,
                        "nbMatchingRows": 6176,
                        "nbDroppedRows": 0,
                        "name": "Assertion 1"
                    }
                ]
            },
            {
                "passingAssertionsRatio": 1.0,
                "perAssertion": [
                    {
                        "result": true,
                        "validRatio": 0.9632448186528497,
                        "nbMatchingRows": 6176,
                        "nbDroppedRows": 0,
                        "name": "Assertion 1"
                    }
                ]
            },
            {
                "passingAssertionsRatio": 1.0,
                "perAssertion": [
                    {
                        "result": true,
                        "validRatio": 0.9368523316062176,
                        "nbMatchingRows": 6176,
                        "nbDroppedRows": 0,
                        "name": "Assertion 1"
                    }
                ]
            },
            {
                "passingAssertionsRatio": 1.0,
                "perAssertion": [
                    {
                        "result": true,
                        "validRatio": 0.8965349740932642,
                        "nbMatchingRows": 6176,
                        "nbDroppedRows": 0,
                        "name": "Assertion 1"
                    }
                ]
            },
            {
                "passingAssertionsRatio": 1.0,
                "perAssertion": [
                    {
                        "result": true,
                        "validRatio": 0.8562176165803109,
                        "nbMatchingRows": 6176,
                        "nbDroppedRows": 0,
                        "name": "Assertion 1"
                    }
                ]
            },
            {
                "passingAssertionsRatio": 0.0,
                "perAssertion": [
                    {
                        "result": false,
                        "validRatio": 0.8120142487046632,
                        "nbMatchingRows": 6176,
                        "nbDroppedRows": 0,
                        "name": "Assertion 1"
                    }
                ]
            },
            {
                "passingAssertionsRatio": 0.0,
                "perAssertion": [
                    {
                        "result": false,
                        "validRatio": 0.7582577720207254,
                        "nbMatchingRows": 6176,
                        "nbDroppedRows": 0,
                        "name": "Assertion 1"
                    }
                ]
            },
            {
                "passingAssertionsRatio": 0.0,
                "perAssertion": [
                    {
                        "result": false,
                        "validRatio": 0.7038536269430051,
                        "nbMatchingRows": 6176,
                        "nbDroppedRows": 0,
                        "name": "Assertion 1"
                    }
                ]
            },
            {
                "passingAssertionsRatio": 0.0,
                "perAssertion": [
                    {
                        "result": false,
                        "validRatio": 0.6458873056994818,
                        "nbMatchingRows": 6176,
                        "nbDroppedRows": 0,
                        "name": "Assertion 1"
                    }
                ]
            },
            {
                "passingAssertionsRatio": 0.0,
                "perAssertion": [
                    {
                        "result": false,
                        "validRatio": 0.5906735751295337,
                        "nbMatchingRows": 6176,
                        "nbDroppedRows": 0,
                        "name": "Assertion 1"
                    }
                ]
            },
            {
                "passingAssertionsRatio": 0.0,
                "perAssertion": [
                    {
                        "result": false,
                        "validRatio": 0.5361075129533679,
                        "nbMatchingRows": 6176,
                        "nbDroppedRows": 0,
                        "name": "Assertion 1"
                    }
                ]
            },
            {
                "passingAssertionsRatio": 0.0,
                "perAssertion": [
                    {
                        "result": false,
                        "validRatio": 0.4893134715025907,
                        "nbMatchingRows": 6176,
                        "nbDroppedRows": 0,
                        "name": "Assertion 1"
                    }
                ]
            },
            {
                "passingAssertionsRatio": 0.0,
                "perAssertion": [
                    {
                        "result": false,
                        "validRatio": 0.4532059585492228,
                        "nbMatchingRows": 6176,
                        "nbDroppedRows": 0,
                        "name": "Assertion 1"
                    }
                ]
            },
            {
                "passingAssertionsRatio": 0.0,
                "perAssertion": [
                    {
                        "result": false,
                        "validRatio": 0.4269753886010363,
                        "nbMatchingRows": 6176,
                        "nbDroppedRows": 0,
                        "name": "Assertion 1"
                    }
                ]
            },
            {
                "passingAssertionsRatio": 0.0,
                "perAssertion": [
                    {
                        "result": false,
                        "validRatio": 0.39799222797927464,
                        "nbMatchingRows": 6176,
                        "nbDroppedRows": 0,
                        "name": "Assertion 1"
                    }
                ]
            },
            {
                "passingAssertionsRatio": 0.0,
                "perAssertion": [
                    {
                        "result": false,
                        "validRatio": 0.37289507772020725,
                        "nbMatchingRows": 6176,
                        "nbDroppedRows": 0,
                        "name": "Assertion 1"
                    }
                ]
            },
            {
                "passingAssertionsRatio": 0.0,
                "perAssertion": [
                    {
                        "result": false,
                        "validRatio": 0.34974093264248707,
                        "nbMatchingRows": 6176,
                        "nbDroppedRows": 0,
                        "name": "Assertion 1"
                    }
                ]
            },
            {
                "passingAssertionsRatio": 0.0,
                "perAssertion": [
                    {
                        "result": false,
                        "validRatio": 0.3238341968911917,
                        "nbMatchingRows": 6176,
                        "nbDroppedRows": 0,
                        "name": "Assertion 1"
                    }
                ]
            },
            {
                "passingAssertionsRatio": 0.0,
                "perAssertion": [
                    {
                        "result": false,
                        "validRatio": 0.30343264248704666,
                        "nbMatchingRows": 6176,
                        "nbDroppedRows": 0,
                        "name": "Assertion 1"
                    }
                ]
            },
            {
                "passingAssertionsRatio": 0.0,
                "perAssertion": [
                    {
                        "result": false,
                        "validRatio": 0.2864313471502591,
                        "nbMatchingRows": 6176,
                        "nbDroppedRows": 0,
                        "name": "Assertion 1"
                    }
                ]
            },
            {
                "passingAssertionsRatio": 0.0,
                "perAssertion": [
                    {
                        "result": false,
                        "validRatio": 0.2695919689119171,
                        "nbMatchingRows": 6176,
                        "nbDroppedRows": 0,
                        "name": "Assertion 1"
                    }
                ]
            },
            {
                "passingAssertionsRatio": 0.0,
                "perAssertion": [
                    {
                        "result": false,
                        "validRatio": 0.2511334196891192,
                        "nbMatchingRows": 6176,
                        "nbDroppedRows": 0,
                        "name": "Assertion 1"
                    }
                ]
            },
            {
                "passingAssertionsRatio": 0.0,
                "perAssertion": [
                    {
                        "result": false,
                        "validRatio": 0.23672279792746115,
                        "nbMatchingRows": 6176,
                        "nbDroppedRows": 0,
                        "name": "Assertion 1"
                    }
                ]
            },
            {
                "passingAssertionsRatio": 0.0,
                "perAssertion": [
                    {
                        "result": false,
                        "validRatio": 0.21648316062176165,
                        "nbMatchingRows": 6176,
                        "nbDroppedRows": 0,
                        "name": "Assertion 1"
                    }
                ]
            },
            {
                "passingAssertionsRatio": 0.0,
                "perAssertion": [
                    {
                        "result": false,
                        "validRatio": 0.19154792746113988,
                        "nbMatchingRows": 6176,
                        "nbDroppedRows": 0,
                        "name": "Assertion 1"
                    }
                ]
            },
            {
                "passingAssertionsRatio": 0.0,
                "perAssertion": [
                    {
                        "result": false,
                        "validRatio": 0.16806994818652848,
                        "nbMatchingRows": 6176,
                        "nbDroppedRows": 0,
                        "name": "Assertion 1"
                    }
                ]
            },
            {
                "passingAssertionsRatio": 0.0,
                "perAssertion": [
                    {
                        "result": false,
                        "validRatio": 0.13730569948186527,
                        "nbMatchingRows": 6176,
                        "nbDroppedRows": 0,
                        "name": "Assertion 1"
                    }
                ]
            },
            {
                "passingAssertionsRatio": 0.0,
                "perAssertion": [
                    {
                        "result": false,
                        "validRatio": 0.09812176165803109,
                        "nbMatchingRows": 6176,
                        "nbDroppedRows": 0,
                        "name": "Assertion 1"
                    }
                ]
            },
            {
                "passingAssertionsRatio": 0.0,
                "perAssertion": [
                    {
                        "result": false,
                        "validRatio": 0.05327072538860104,
                        "nbMatchingRows": 6176,
                        "nbDroppedRows": 0,
                        "name": "Assertion 1"
                    }
                ]
            },
            {
                "passingAssertionsRatio": 0.0,
                "perAssertion": [
                    {
                        "result": false,
                        "validRatio": 0.014248704663212436,
                        "nbMatchingRows": 6176,
                        "nbDroppedRows": 0,
                        "name": "Assertion 1"
                    }
                ]
            }
        ]
    },
    "optimalThreshold": 0,
    "usedThreshold": 0,
    "rocVizData": [
        [
            {
                "x": 0.0,
                "y": 0.0,
                "p": 1.997084409292412
            },
            {
                "x": 0.0014258555133079848,
                "y": 0.06683718861209964,
                "p": 0.9512213248542936
            },
            {
                "x": 0.006653992395437262,
                "y": 0.11410142348754448,
                "p": 0.9251710158842683
            },
            {
                "x": 0.01188212927756654,
                "y": 0.16030916370106763,
                "p": 0.8949569092227254
            },
            {
                "x": 0.019486692015209126,
                "y": 0.20290258007117437,
                "p": 0.8568123666295947
            },
            {
                "x": 0.026615969581749048,
                "y": 0.2459964412811388,
                "p": 0.8086176263467204
            },
            {
                "x": 0.03897338403041825,
                "y": 0.2905360320284697,
                "p": 0.7465988630861973
            },
            {
                "x": 0.054657794676806086,
                "y": 0.32506672597864766,
                "p": 0.6976294808241827
            },
            {
                "x": 0.07034220532319392,
                "y": 0.3606539145907473,
                "p": 0.6556172272108227
            },
            {
                "x": 0.08555133079847908,
                "y": 0.39579626334519574,
                "p": 0.6175529200432192
            },
            {
                "x": 0.10551330798479087,
                "y": 0.4261565836298932,
                "p": 0.5877935499803267
            },
            {
                "x": 0.12785171102661597,
                "y": 0.4557940391459075,
                "p": 0.5616588621113013
            },
            {
                "x": 0.15304182509505704,
                "y": 0.4809274911032028,
                "p": 0.5421520668347021
            },
            {
                "x": 0.1720532319391635,
                "y": 0.5123999110320284,
                "p": 0.5224202575695007
            },
            {
                "x": 0.19866920152091255,
                "y": 0.5358652135231317,
                "p": 0.5083184731902457
            },
            {
                "x": 0.22385931558935362,
                "y": 0.5611098754448398,
                "p": 0.49455133412260066
            },
            {
                "x": 0.251425855513308,
                "y": 0.5836854982206405,
                "p": 0.483106901404601
            },
            {
                "x": 0.27709125475285173,
                "y": 0.6081516903914591,
                "p": 0.47079025768205174
            },
            {
                "x": 0.30655893536121676,
                "y": 0.6290035587188612,
                "p": 0.4604201718088204
            },
            {
                "x": 0.33174904942965777,
                "y": 0.6539701957295374,
                "p": 0.4488687942758887
            },
            {
                "x": 0.3578897338403042,
                "y": 0.6781027580071174,
                "p": 0.43876601428492806
            },
            {
                "x": 0.3883079847908745,
                "y": 0.6978981316725978,
                "p": 0.42885818440403717
            },
            {
                "x": 0.4158745247148289,
                "y": 0.7210854092526691,
                "p": 0.41854829421468714
            },
            {
                "x": 0.44771863117870725,
                "y": 0.7396018683274022,
                "p": 0.4094515880347932
            },
            {
                "x": 0.4781368821292776,
                "y": 0.7592304270462633,
                "p": 0.4009754507919818
            },
            {
                "x": 0.5085551330798479,
                "y": 0.779192615658363,
                "p": 0.3917954124318142
            },
            {
                "x": 0.5413498098859315,
                "y": 0.7970974199288257,
                "p": 0.3837192702083002
            },
            {
                "x": 0.5746197718631179,
                "y": 0.814279359430605,
                "p": 0.37444316109127296
            },
            {
                "x": 0.6064638783269962,
                "y": 0.8325733985765125,
                "p": 0.36391924728143915
            },
            {
                "x": 0.6397338403041825,
                "y": 0.8495329181494662,
                "p": 0.35381924232011286
            },
            {
                "x": 0.6749049429657795,
                "y": 0.8647686832740213,
                "p": 0.34523619974284303
            },
            {
                "x": 0.7067490494296578,
                "y": 0.8830627224199288,
                "p": 0.3330978663164302
            },
            {
                "x": 0.7409695817490495,
                "y": 0.8997442170818505,
                "p": 0.32148346568891045
            },
            {
                "x": 0.7761406844106464,
                "y": 0.9145907473309609,
                "p": 0.3116193835879914
            },
            {
                "x": 0.8108365019011406,
                "y": 0.9299933274021353,
                "p": 0.2997225827543612
            },
            {
                "x": 0.8460076045627376,
                "y": 0.9450622775800712,
                "p": 0.2869749690117773
            },
            {
                "x": 0.8797528517110266,
                "y": 0.9613545373665481,
                "p": 0.2714029265898493
            },
            {
                "x": 0.9163498098859315,
                "y": 0.975200177935943,
                "p": 0.2540617582026452
            },
            {
                "x": 0.9548479087452472,
                "y": 0.9883229537366548,
                "p": 0.22650975247702965
            },
            {
                "x": 0.9947718631178707,
                "y": 0.9984986654804271,
                "p": 0.11116390100257348
            },
            {
                "x": 1.0,
                "y": 1.0,
                "p": 4.5276779438387717e-07
            }
        ]
    ],
    "liftVizData": {
        "bins": [
            {
                "bin_pos_prop": 0.9930313589,
                "bin_lift": 1.10920896,
                "cum_lift": 0.1109319395,
                "cum_size": 0.1000099562,
                "bin_min": 0.9267034518,
                "bin_max": 0.9970844093,
                "percentile_idx": 0
            },
            {
                "bin_pos_prop": 0.9830761573,
                "bin_lift": 1.0980890707,
                "cum_lift": 0.2207517794,
                "cum_size": 0.2000199124,
                "bin_min": 0.8381872666,
                "bin_max": 0.9267034518,
                "percentile_idx": 1
            },
            {
                "bin_pos_prop": 0.9651567944,
                "bin_lift": 1.0780732699,
                "cum_lift": 0.3285698399,
                "cum_size": 0.3000298686,
                "bin_min": 0.6937546637,
                "bin_max": 0.8381872666,
                "percentile_idx": 2
            },
            {
                "bin_pos_prop": 0.9412350598,
                "bin_lift": 1.0513528626,
                "cum_lift": 0.4336632562,
                "cum_size": 0.3999900438,
                "bin_min": 0.5806669803,
                "bin_max": 0.6937546637,
                "percentile_idx": 3
            },
            {
                "bin_pos_prop": 0.9104031857,
                "bin_lift": 1.0169138786,
                "cum_lift": 0.5353647687,
                "cum_size": 0.5,
                "bin_min": 0.5085688297,
                "bin_max": 0.5806669803,
                "percentile_idx": 4
            },
            {
                "bin_pos_prop": 0.8785465406,
                "bin_lift": 0.9813302328,
                "cum_lift": 0.6335075623,
                "cum_size": 0.6000099562,
                "bin_min": 0.458418463,
                "bin_max": 0.5085688297,
                "percentile_idx": 5
            },
            {
                "bin_pos_prop": 0.8720119522,
                "bin_lift": 0.9740311441,
                "cum_lift": 0.7308718861,
                "cum_size": 0.6999701314,
                "bin_min": 0.4135778801,
                "bin_max": 0.458418463,
                "percentile_idx": 6
            },
            {
                "bin_pos_prop": 0.8392234943,
                "bin_lift": 0.93740667,
                "cum_lift": 0.8246218861,
                "cum_size": 0.7999800876,
                "bin_min": 0.3687036467,
                "bin_max": 0.4135778801,
                "percentile_idx": 7
            },
            {
                "bin_pos_prop": 0.8043802887,
                "bin_lift": 0.8984870574,
                "cum_lift": 0.9144795374,
                "cum_size": 0.8999900438,
                "bin_min": 0.3116938682,
                "bin_max": 0.3687036467,
                "percentile_idx": 8
            },
            {
                "bin_pos_prop": 0.7655550025,
                "bin_lift": 0.855119489,
                "cum_lift": 1.0,
                "cum_size": 1.0,
                "bin_min": 4.528e-07,
                "bin_max": 0.3116938682,
                "percentile_idx": 9
            }
        ],
        "wizard": {
            "positives": 17984,
            "total": 20088
        }
    },
    "densityData": {
        "0": {
            "correct": [
                0.026853839647327706,
                0.04084134823246453,
                0.05824105121491336,
                0.07818324523599365,
                0.09925747024636092,
                0.11980830146780029,
                0.1383076192421418,
                0.15364986966334088,
                0.16526591758300174,
                0.1730595417823959,
                0.17726044514668907,
                0.178300194571778,
                0.17676234618827263,
                0.17339353897901166,
                0.16913179539410253,
                0.16510631593611694,
                0.16256615498587865,
                0.16270644022799957,
                0.16640560326029186,
                0.17396481845928516,
                0.18499776841884102,
                0.19858477060433685,
                0.21366607604399107,
                0.22948393326051506,
                0.2458182541496595,
                0.26286701013773517,
                0.2808438126080392,
                0.29955290909177845,
                0.31822863571613125,
                0.33577777058913555,
                0.35133620177856306,
                0.3648794805745496,
                0.3775989291750909,
                0.39187162681904575,
                0.4108350763704503,
                0.43772328243514563,
                0.4751729665094079,
                0.5246812602924323,
                0.5863401936654511,
                0.6589201170140994,
                0.740317816515585,
                0.828305452850417,
                0.9214080107368975,
                1.0196229702997393,
                1.124637361281818,
                1.2392846425847193,
                1.3662744785703653,
                1.5066451047442209,
                1.6586872443437624,
                1.8180014163596887,
                1.9788219855861853,
                2.1360420405351923,
                2.286937075566746,
                2.4316952465918,
                2.5724557976008504,
                2.711298282185211,
                2.8481323824156477,
                2.9794851270610727,
                3.098769943521137,
                3.1979479912584683,
                3.2698644371753782,
                3.310252234588392,
                3.318579300397779,
                3.297471668722047,
                3.2510895364698777,
                3.1832547347655775,
                3.0961505544718726,
                2.9900590317676863,
                2.864061036233997,
                2.717190820978284,
                2.5494501990799616,
                2.362359520246884,
                2.159087956518414,
                1.9443441570270912,
                1.7240664765475004,
                1.5047995621534636,
                1.2927589300044926,
                1.0929075840267792,
                0.9085365622715498,
                0.7415871791376051,
                0.5934258968976833,
                0.46543557571205535,
                0.3589396903533345,
                0.2745103737139913,
                0.21118862060491342,
                0.16620661665225425,
                0.13544934456424382,
                0.11442593311554944,
                0.09926101508140156,
                0.08728024251849269,
                0.0770455258882838,
                0.06798908345112169,
                0.05993937695486432,
                0.052785438187712135,
                0.046363257975217634,
                0.04049336977597105,
                0.03504378990105563,
                0.02994229967661991,
                0.02514728079347437,
                0.020628241065354994
            ],
            "incorrect": [
                0.6590401234398261,
                0.861238477498854,
                1.062640044787892,
                1.244102720048703,
                1.3896663178635327,
                1.4896716955981304,
                1.5417316082449082,
                1.5496226204522399,
                1.521001902846651,
                1.4650803421298852,
                1.3910065846813557,
                1.307077573214283,
                1.2204201921628395,
                1.1367324292234167,
                1.0599580353797138,
                0.9920912512335903,
                0.9333825212209427,
                0.882995765235238,
                0.8398564143584233,
                0.8032901256026119,
                0.7731909400902559,
                0.7497587105991282,
                0.733085628030743,
                0.7228979004299353,
                0.7185878820923522,
                0.7194522081444129,
                0.724936219730572,
                0.7347247884939184,
                0.7486488504175454,
                0.7664891460327005,
                0.7877948355408017,
                0.8118080958222135,
                0.837538281013904,
                0.8639802526506271,
                0.89041705609754,
                0.9166964941046347,
                0.9433618277323057,
                0.9715778729852355,
                1.0028985505957662,
                1.0389943521367326,
                1.0814388703349342,
                1.1315617957016855,
                1.190299033515535,
                1.2579846636811105,
                1.3341242257704067,
                1.417273453216317,
                1.505133899364392,
                1.5948669225512475,
                1.6835074708588482,
                1.7683201378086868,
                1.8469968933463692,
                1.9176888438834534,
                1.9789263930904546,
                2.029492493525001,
                2.0682934074241377,
                2.0942521819287636,
                2.1062538794768253,
                2.1031972312436746,
                2.0842170114867673,
                2.0490800021391684,
                1.9986197420398526,
                1.9349538100187464,
                1.8612543473963932,
                1.781054635985427,
                1.6973460628975168,
                1.61185610109581,
                1.5248047169878598,
                1.435193307829609,
                1.341454789481529,
                1.2422002159747463,
                1.1368341721184003,
                1.025905417871891,
                0.9111484762146794,
                0.7952408407166982,
                0.6813600098913462,
                0.5726728178649725,
                0.471901608470668,
                0.3810667541782791,
                0.30141867995088895,
                0.23349588031675803,
                0.17722437015247355,
                0.13201016453953657,
                0.0968285906117241,
                0.07033806812717948,
                0.05103023315717725,
                0.037396058203774694,
                0.02806888860654502,
                0.021911608234950884,
                0.01803721142017424,
                0.015774478924428577,
                0.014604510448441058,
                0.014098298210227022,
                0.013880633339637244,
                0.013631283478831862,
                0.013114182716934127,
                0.012209368004337171,
                0.010921419844198418,
                0.009353835359604738,
                0.0076600438295737795,
                0.005993464689117057
            ],
            "correctMedian": 0.6058055619165499,
            "incorrectMedian": 0.47015441716667355
        },
        "1": {
            "correct": [
                0.005993464689117057,
                0.0076600438295737925,
                0.009353835359604745,
                0.010921419844198437,
                0.01220936800433716,
                0.013114182716934139,
                0.013631283478831984,
                0.013880633339637282,
                0.01409829821022706,
                0.014604510448441162,
                0.015774478924428688,
                0.0180372114201744,
                0.02191160823495102,
                0.02806888860654512,
                0.03739605820377502,
                0.051030233157177744,
                0.07033806812717991,
                0.09682859061172727,
                0.13201016453953365,
                0.17722437015247544,
                0.23349588031675222,
                0.3014186799508852,
                0.38106675417828584,
                0.4719016084706755,
                0.5726728178649887,
                0.681360009891363,
                0.795240840716701,
                0.9111484762146762,
                1.0259054178718745,
                1.1368341721184083,
                1.2422002159746868,
                1.3414547894815863,
                1.4351933078296804,
                1.5248047169879546,
                1.61185610109577,
                1.6973460628974926,
                1.7810546359854205,
                1.8612543473963337,
                1.9349538100187156,
                1.998619742039881,
                2.049080002139015,
                2.0842170114867082,
                2.1031972312437497,
                2.106253879476788,
                2.094252181928823,
                2.0682934074240498,
                2.029492493524994,
                1.9789263930903491,
                1.9176888438834945,
                1.8469968933464511,
                1.7683201378086837,
                1.6835074708589857,
                1.5948669225513776,
                1.5051338993643946,
                1.4172734532162867,
                1.3341242257703452,
                1.2579846636810836,
                1.1902990335155137,
                1.1315617957016513,
                1.0814388703349092,
                1.0389943521367695,
                1.002898550595768,
                0.971577872985289,
                0.9433618277323125,
                0.9166964941046413,
                0.8904170560975605,
                0.8639802526506393,
                0.8375382810139322,
                0.8118080958221616,
                0.7877948355408213,
                0.7664891460326855,
                0.7486488504175586,
                0.7347247884939289,
                0.7249362197305205,
                0.7194522081444052,
                0.7185878820923637,
                0.7228979004299404,
                0.7330856280307638,
                0.7497587105991655,
                0.7731909400902915,
                0.8032901256026591,
                0.8398564143584084,
                0.8829957652352193,
                0.9333825212209343,
                0.992091251233578,
                1.0599580353797176,
                1.1367324292234207,
                1.2204201921628375,
                1.3070775732143456,
                1.3910065846812891,
                1.4650803421299086,
                1.5210019028466482,
                1.5496226204522674,
                1.5417316082449026,
                1.489671695598088,
                1.3896663178635376,
                1.244102720048703,
                1.062640044787862,
                0.861238477498834,
                0.6590401234398331
            ],
            "incorrect": [
                0.0206282410653549,
                0.025147280793474405,
                0.029942299676619752,
                0.03504378990105563,
                0.04049336977597091,
                0.046363257975217675,
                0.052785438187712044,
                0.059939376954864426,
                0.06798908345112169,
                0.0770455258882842,
                0.08728024251849291,
                0.09926101508140156,
                0.11442593311554913,
                0.13544934456424346,
                0.16620661665225497,
                0.21118862060491228,
                0.2745103737139913,
                0.35893969035333706,
                0.46543557571205374,
                0.5934258968976802,
                0.7415871791376091,
                0.9085365622715176,
                1.0929075840267792,
                1.2927589300044744,
                1.5047995621534715,
                1.7240664765474791,
                1.9443441570270947,
                2.1590879565184253,
                2.3623595202469256,
                2.5494501990799114,
                2.7171908209782982,
                2.8640610362339514,
                2.9900590317677236,
                3.0961505544718393,
                3.1832547347656113,
                3.25108953646982,
                3.2974716687220296,
                3.3185793003978024,
                3.310252234588415,
                3.2698644371754306,
                3.1979479912584283,
                3.0987699435210985,
                2.979485127061078,
                2.8481323824156073,
                2.7112982821852496,
                2.5724557976008504,
                2.43169524659183,
                2.286937075566746,
                2.136042040535158,
                1.9788219855861395,
                1.8180014163596725,
                1.6586872443437566,
                1.5066451047442289,
                1.366274478570387,
                1.2392846425847415,
                1.124637361281802,
                1.0196229702997337,
                0.9214080107369123,
                0.8283054528504288,
                0.7403178165155772,
                0.6589201170140958,
                0.5863401936654573,
                0.524681260292436,
                0.4751729665094053,
                0.43772328243515574,
                0.4108350763704532,
                0.3918716268190478,
                0.37759892917509563,
                0.36487948057454833,
                0.35133620177856245,
                0.3357777705891326,
                0.3182286357161335,
                0.29955290909177795,
                0.2808438126080399,
                0.26286701013773495,
                0.24581825414965863,
                0.22948393326051528,
                0.21366607604399146,
                0.19858477060433685,
                0.18499776841884152,
                0.17396481845928502,
                0.16640560326029097,
                0.16270644022799988,
                0.1625661549858785,
                0.1651063159361178,
                0.16913179539410222,
                0.1733935389790115,
                0.17676234618827233,
                0.17830019457177815,
                0.17726044514668923,
                0.17305954178239621,
                0.165265917583001,
                0.15364986966334046,
                0.13830761924214166,
                0.11980830146779986,
                0.09925747024636074,
                0.07818324523599338,
                0.05824105121491321,
                0.0408413482324645,
                0.026853839647327682
            ],
            "correctMedian": 0.5298455828333264,
            "incorrectMedian": 0.3941944380834501
        }
    },
    "calibrationData": [
        {
            "y": 0,
            "x": 0,
            "n": 0
        },
        {
            "y": 0.6875,
            "x": 0.049148232094026634,
            "n": 32.0
        },
        {
            "y": 0.6216216216216216,
            "x": 0.16930222253524135,
            "n": 111.0
        },
        {
            "y": 0.7722185648452929,
            "x": 0.2643626815223198,
            "n": 1519.0
        },
        {
            "y": 0.8131720430107527,
            "x": 0.3538547282961773,
            "n": 3720.0
        },
        {
            "y": 0.8713007570543703,
            "x": 0.4484459877521071,
            "n": 4359.0
        },
        {
            "y": 0.9086219602063376,
            "x": 0.544626886001498,
            "n": 2714.0
        },
        {
            "y": 0.9478922716627635,
            "x": 0.647805656993044,
            "n": 1708.0
        },
        {
            "y": 0.9595419847328245,
            "x": 0.7486233051761964,
            "n": 1310.0
        },
        {
            "y": 0.9805089334055225,
            "x": 0.855113431334737,
            "n": 1847.0
        },
        {
            "y": 0.9913294797687862,
            "x": 0.945704271503043,
            "n": 2768.0
        },
        {
            "y": 1,
            "x": 1,
            "n": 0
        }
    ],
    "probaDistribData": {
        "bins": [
            0.0,
            0.1,
            0.2,
            0.3,
            0.4,
            0.5,
            0.6,
            0.7,
            0.8,
            0.9,
            1.0
        ],
        "probaDistribs": [
            [
                10.0,
                42.0,
                346.0,
                695.0,
                561.0,
                248.0,
                89.0,
                53.0,
                36.0,
                24.0
            ],
            [
                22.0,
                69.0,
                1173.0,
                3025.0,
                3798.0,
                2466.0,
                1619.0,
                1257.0,
                1811.0,
                2744.0
            ]
        ]
    },
    "globalMetrics": {
        "testWeight": 20088,
        "targetAvg": [
            0.8952608522500995
        ],
        "targetStd": [
            0.3062246345659368
        ],
        "predictionAvg": [
            1.0
        ],
        "predictionStd": [
            0.0
        ]
    }
}