{
  "state": "DONE",
  "preSearchDescription": {
    "gridLength": 5,
    "searchStrategy": "GRID",
    "importantParams": [
      {
        "name": "penalty",
        "vals": [
          "l2"
        ]
      },
      {
        "name": "C",
        "vals": [
          "0.01",
          "0.1",
          "1.0",
          "10.0",
          "100.0"
        ]
      }
    ]
  },
  "postSearchDescription": {
    "importantParams": [
      {
        "name": "C",
        "val": "0.1"
      },
      {
        "name": "penalty",
        "val": "l2"
      }
    ]
  },
  "resumed": false,
  "timeOrderingEnabled": false,
  "sampleWeightsEnabled": false,
  "modelId": "m1",
  "progress": {
    "top_level_todo": [],
    "stack": [],
    "top_level_done": [
      {
        "name": "Loading train set",
        "time": 952
      },
      {
        "name": "Loading test set",
        "time": 270
      },
      {
        "name": "Collecting statistics",
        "time": 126
      },
      {
        "name": "Preprocessing train set",
        "time": 275
      },
      {
        "name": "Preprocessing test set",
        "time": 83
      },
      {
        "name": "Hyperparameter searching",
        "time": 29489
      },
      {
        "name": "Fitting model",
        "time": 2037
      },
      {
        "name": "Saving model",
        "time": 3
      },
      {
        "name": "Scoring model",
        "time": 13204
      }
    ]
  },
  "startTime": 1673496111045,
  "endTime": 1673496158631,
  "preprocessingTime": 1708,
  "trainingTime": 45878,
  "hyperparamsSearchTime": 29489
}