{
  "description": "",
  "name": "Logistic Regression (First try)",
  "starred": false,
  "clusterMetas": {},
  "customMeta": {
    "kv": {}
  },
  "tags": [],
  "activeClassifierThreshold": 0.0,
  "labels": [
    {
      "key": "trainDataset:dataset-name",
      "value": "transactions_known"
    },
    {
      "key": "testDataset:dataset-name",
      "value": "transactions_known"
    },
    {
      "key": "model:algorithm",
      "value": "LOGISTIC_REGRESSION"
    },
    {
      "key": "model:date",
      "value": "2023-01-12 04:02:38"
    }
  ]
}