{
    "perTimeseriesMetrics": {
        "__single_timeseries_identifier": {
            "mse": 21.076923076923077,
            "mase": 0.4087945063188874,
            "mape": 0.2923605240912934,
            "smape": 0.2604240899345687,
            "mae": 3.5384615384615383,
            "msis": 4.087945063188875
        }
    },
    "aggregatedMetrics": {
        "mse": 21.076923076923077,
        "mape": 0.2923605240912934,
        "mase": 0.4087945063188875,
        "smape": 0.2604240899345687,
        "mae": 3.5384615384615383,
        "msis": 4.087945063188875,
        "rmse": 4.590961018885161,
        "nd": 0.16487455197132617,
        "meanAbsoluteQuantileLoss": 46.0,
        "meanWeightedQuantileLoss": 0.16487455197132617
    }
}