{
    "startedAt": 1698286735535,
    "gridSize": 3,
    "nThreads": 1,
    "nSplits": 3,
    "metric": "MAPE",
    "timeout": null,
    "gridPoints": [
        {
            "finishedAt": 1698286735595,
            "score": 0.38331298331298336,
            "testScoreGibMean": -0.38331298331298336,
            "testScoreMean": 0.38331298331298336,
            "testScoreStd": 0.1032139029382373,
            "trainScoreMean": null,
            "trainScoreStd": null,
            "time": 52,
            "fitTimeMean": 0.0,
            "fitTimeStd": 0.0,
            "scoreTimeMean": 17.333333333333332,
            "scoreTimeStd": 0.9428090415820634,
            "parameters": {
                "season_length": 52
            }
        },
        {
            "finishedAt": 1698286735642,
            "score": 2.9130240130240135,
            "testScoreGibMean": -2.9130240130240135,
            "testScoreMean": 2.9130240130240135,
            "testScoreStd": 3.6022268672972793,
            "trainScoreMean": null,
            "trainScoreStd": null,
            "time": 40,
            "fitTimeMean": 0.0,
            "fitTimeStd": 0.0,
            "scoreTimeMean": 13.333333333333334,
            "scoreTimeStd": 1.247219128924647,
            "parameters": {
                "season_length": 3
            }
        },
        {
            "finishedAt": 1698286735698,
            "score": 1.0759768009768012,
            "testScoreGibMean": -1.0759768009768012,
            "testScoreMean": 1.0759768009768012,
            "testScoreStd": 1.2395307222511107,
            "trainScoreMean": null,
            "trainScoreStd": null,
            "time": 49,
            "fitTimeMean": 0.0,
            "fitTimeStd": 0.0,
            "scoreTimeMean": 16.333333333333332,
            "scoreTimeStd": 2.0548046676563256,
            "parameters": {
                "season_length": 13
            }
        }
    ]
}