[
    {
        "test_score_gib": -0.2561660561660562,
        "train_score": null,
        "test_score": 0.2561660561660562,
        "num_samples": 1,
        "fit_time": 0,
        "score_time": 18,
        "time": 18,
        "parameters": {
            "season_length": 52
        },
        "done_at": 1698286735556,
        "split_id": 0
    },
    {
        "test_score_gib": -0.3847985347985348,
        "train_score": null,
        "test_score": 0.3847985347985348,
        "num_samples": 1,
        "fit_time": 0,
        "score_time": 18,
        "time": 18,
        "parameters": {
            "season_length": 52
        },
        "done_at": 1698286735577,
        "split_id": 1
    },
    {
        "test_score_gib": -0.508974358974359,
        "train_score": null,
        "test_score": 0.508974358974359,
        "num_samples": 1,
        "fit_time": 0,
        "score_time": 16,
        "time": 16,
        "parameters": {
            "season_length": 52
        },
        "done_at": 1698286735595,
        "split_id": 2
    },
    {
        "test_score_gib": -8.006837606837607,
        "train_score": null,
        "test_score": 8.006837606837607,
        "num_samples": 1,
        "fit_time": 0,
        "score_time": 12,
        "time": 12,
        "parameters": {
            "season_length": 3
        },
        "done_at": 1698286735611,
        "split_id": 0
    },
    {
        "test_score_gib": -0.304029304029304,
        "train_score": null,
        "test_score": 0.304029304029304,
        "num_samples": 1,
        "fit_time": 0,
        "score_time": 13,
        "time": 13,
        "parameters": {
            "season_length": 3
        },
        "done_at": 1698286735625,
        "split_id": 1
    },
    {
        "test_score_gib": -0.4282051282051282,
        "train_score": null,
        "test_score": 0.4282051282051282,
        "num_samples": 1,
        "fit_time": 0,
        "score_time": 15,
        "time": 15,
        "parameters": {
            "season_length": 3
        },
        "done_at": 1698286735642,
        "split_id": 2
    },
    {
        "test_score_gib": -2.828937728937729,
        "train_score": null,
        "test_score": 2.828937728937729,
        "num_samples": 1,
        "fit_time": 0,
        "score_time": 14,
        "time": 14,
        "parameters": {
            "season_length": 13
        },
        "done_at": 1698286735659,
        "split_id": 0
    },
    {
        "test_score_gib": -0.20027472527472528,
        "train_score": null,
        "test_score": 0.20027472527472528,
        "num_samples": 1,
        "fit_time": 0,
        "score_time": 19,
        "time": 19,
        "parameters": {
            "season_length": 13
        },
        "done_at": 1698286735680,
        "split_id": 1
    },
    {
        "test_score_gib": -0.19871794871794873,
        "train_score": null,
        "test_score": 0.19871794871794873,
        "num_samples": 1,
        "fit_time": 0,
        "score_time": 16,
        "time": 16,
        "parameters": {
            "season_length": 13
        },
        "done_at": 1698286735698,
        "split_id": 2
    }
]