{
    "perTimeseriesMetrics": {
        "__single_timeseries_identifier": {
            "mse": 7.69025019769277,
            "mase": 0.2659840307536158,
            "mape": 0.368858142644634,
            "smape": 0.3143241160181365,
            "mae": 2.2941122652499364,
            "msis": 2.000802250222882
        }
    },
    "aggregatedMetrics": {
        "mse": 7.69025019769277,
        "mape": 0.368858142644634,
        "mase": 0.2659840307536158,
        "smape": 0.3143241160181365,
        "mae": 2.2941122652499364,
        "msis": 2.000802250222882,
        "rmse": 2.773130036203274,
        "nd": 0.3467844121889439,
        "meanAbsoluteQuantileLoss": 26.81260636609374,
        "meanWeightedQuantileLoss": 0.311774492628997
    }
}