{
    "perTimeseriesMetrics": {
        "__single_timeseries_identifier": {
            "mse": 37.84615384615386,
            "mase": 0.5883303048657383,
            "mape": 0.27363247386964057,
            "smape": 0.3527854500858108,
            "mae": 4.769230769230773,
            "msis": 5.883303048657375
        }
    },
    "aggregatedMetrics": {
        "mse": 37.84615384615386,
        "mape": 0.27363247386964057,
        "mase": 0.5883303048657383,
        "smape": 0.3527854500858108,
        "mae": 4.769230769230773,
        "msis": 5.883303048657376,
        "rmse": 6.151922776348372,
        "nd": 0.21160409556314008,
        "meanAbsoluteQuantileLoss": 62.0,
        "meanWeightedQuantileLoss": 0.21160409556313994
    }
}