{
    "startedAt": 1670856749074,
    "gridSize": 5,
    "nThreads": 4,
    "nSplits": 5,
    "metric": "ROC_AUC",
    "timeout": null,
    "gridPoints": [
        {
            "finishedAt": 1670856749152,
            "score": 0.742609475456751,
            "testScoreGibMean": 0.742609475456751,
            "testScoreMean": 0.742609475456751,
            "testScoreStd": 0.012489437928383255,
            "trainScoreMean": 0.7674889055732391,
            "trainScoreStd": 0.001571389140905138,
            "time": 208,
            "fitTimeMean": 8.8,
            "fitTimeStd": 1.6,
            "scoreTimeMean": 32.8,
            "scoreTimeStd": 14.4138821973818,
            "parameters": {
                "C": 0.1,
                "penalty": "l2"
            }
        },
        {
            "finishedAt": 1670856749199,
            "score": 0.7312966334181112,
            "testScoreGibMean": 0.7312966334181112,
            "testScoreMean": 0.7312966334181112,
            "testScoreStd": 0.013426735677884606,
            "trainScoreMean": 0.750540953887529,
            "trainScoreStd": 0.0018510549101468173,
            "time": 203,
            "fitTimeMean": 12.4,
            "fitTimeStd": 4.882622246293481,
            "scoreTimeMean": 28.2,
            "scoreTimeStd": 14.551975810864997,
            "parameters": {
                "C": 0.01,
                "penalty": "l2"
            }
        },
        {
            "finishedAt": 1670856749259,
            "score": 0.75040055694041,
            "testScoreGibMean": 0.75040055694041,
            "testScoreMean": 0.75040055694041,
            "testScoreStd": 0.0038078203986060483,
            "trainScoreMean": 0.7775158946903201,
            "trainScoreStd": 0.00244076849454224,
            "time": 187,
            "fitTimeMean": 11.4,
            "fitTimeStd": 2.0591260281974,
            "scoreTimeMean": 26.0,
            "scoreTimeStd": 7.402702209328699,
            "parameters": {
                "C": 10.0,
                "penalty": "l2"
            }
        },
        {
            "finishedAt": 1670856749339,
            "score": 0.7503843523358928,
            "testScoreGibMean": 0.7503843523358928,
            "testScoreMean": 0.7503843523358928,
            "testScoreStd": 0.0036626629923241674,
            "trainScoreMean": 0.7770265064618791,
            "trainScoreStd": 0.0027248652052747247,
            "time": 245,
            "fitTimeMean": 13.4,
            "fitTimeStd": 3.8262252939417984,
            "scoreTimeMean": 35.6,
            "scoreTimeStd": 20.95328136593407,
            "parameters": {
                "C": 1.0,
                "penalty": "l2"
            }
        },
        {
            "finishedAt": 1670856749390,
            "score": 0.7507152114048288,
            "testScoreGibMean": 0.7507152114048288,
            "testScoreMean": 0.7507152114048288,
            "testScoreStd": 0.004184443526722996,
            "trainScoreMean": 0.7774114956813939,
            "trainScoreStd": 0.0024291596233580316,
            "time": 208,
            "fitTimeMean": 20.8,
            "fitTimeStd": 9.368030742904295,
            "scoreTimeMean": 20.8,
            "scoreTimeStd": 9.431860898041277,
            "parameters": {
                "C": 100.0,
                "penalty": "l2"
            }
        }
    ]
}