[
    {
        "test_score_gib": 0.7627943485086343,
        "train_score": 0.7698898288412356,
        "test_score": 0.7627943485086343,
        "num_samples": 261,
        "fit_time": 7,
        "score_time": 14,
        "time": 21,
        "parameters": {
            "C": 0.1,
            "penalty": "l2"
        },
        "done_at": 1670856749098,
        "split_id": 0
    },
    {
        "test_score_gib": 0.7328885400313973,
        "train_score": 0.7653305134762936,
        "test_score": 0.7328885400313973,
        "num_samples": 261,
        "fit_time": 7,
        "score_time": 34,
        "time": 41,
        "parameters": {
            "C": 0.1,
            "penalty": "l2"
        },
        "done_at": 1670856749119,
        "split_id": 1
    },
    {
        "test_score_gib": 0.751569858712716,
        "train_score": 0.7685077710013771,
        "test_score": 0.751569858712716,
        "num_samples": 261,
        "fit_time": 9,
        "score_time": 21,
        "time": 30,
        "parameters": {
            "C": 0.1,
            "penalty": "l2"
        },
        "done_at": 1670856749111,
        "split_id": 2
    },
    {
        "test_score_gib": 0.7347534516765286,
        "train_score": 0.7666715787405444,
        "test_score": 0.7347534516765286,
        "num_samples": 260,
        "fit_time": 11,
        "score_time": 55,
        "time": 66,
        "parameters": {
            "C": 0.1,
            "penalty": "l2"
        },
        "done_at": 1670856749149,
        "split_id": 3
    },
    {
        "test_score_gib": 0.7309664694280079,
        "train_score": 0.7670399842813636,
        "test_score": 0.7309664694280079,
        "num_samples": 260,
        "fit_time": 10,
        "score_time": 40,
        "time": 50,
        "parameters": {
            "C": 0.1,
            "penalty": "l2"
        },
        "done_at": 1670856749152,
        "split_id": 4
    },
    {
        "test_score_gib": 0.7503924646781789,
        "train_score": 0.7515443635648239,
        "test_score": 0.7503924646781789,
        "num_samples": 261,
        "fit_time": 6,
        "score_time": 19,
        "time": 25,
        "parameters": {
            "C": 0.01,
            "penalty": "l2"
        },
        "done_at": 1670856749138,
        "split_id": 0
    },
    {
        "test_score_gib": 0.7339874411302982,
        "train_score": 0.749557348022821,
        "test_score": 0.7339874411302982,
        "num_samples": 261,
        "fit_time": 9,
        "score_time": 51,
        "time": 60,
        "parameters": {
            "C": 0.01,
            "penalty": "l2"
        },
        "done_at": 1670856749184,
        "split_id": 1
    },
    {
        "test_score_gib": 0.73861852433281,
        "train_score": 0.7488097580169192,
        "test_score": 0.73861852433281,
        "num_samples": 261,
        "fit_time": 17,
        "score_time": 38,
        "time": 55,
        "parameters": {
            "C": 0.01,
            "penalty": "l2"
        },
        "done_at": 1670856749199,
        "split_id": 2
    },
    {
        "test_score_gib": 0.7216568047337278,
        "train_score": 0.7490863542587682,
        "test_score": 0.7216568047337278,
        "num_samples": 260,
        "fit_time": 19,
        "score_time": 23,
        "time": 42,
        "parameters": {
            "C": 0.01,
            "penalty": "l2"
        },
        "done_at": 1670856749193,
        "split_id": 3
    },
    {
        "test_score_gib": 0.7117159763313611,
        "train_score": 0.7537135278514588,
        "test_score": 0.7117159763313611,
        "num_samples": 260,
        "fit_time": 11,
        "score_time": 10,
        "time": 21,
        "parameters": {
            "C": 0.01,
            "penalty": "l2"
        },
        "done_at": 1670856749177,
        "split_id": 4
    },
    {
        "test_score_gib": 0.7529827315541602,
        "train_score": 0.7808085776116467,
        "test_score": 0.7529827315541602,
        "num_samples": 261,
        "fit_time": 10,
        "score_time": 24,
        "time": 34,
        "parameters": {
            "C": 10.0,
            "penalty": "l2"
        },
        "done_at": 1670856749215,
        "split_id": 0
    },
    {
        "test_score_gib": 0.7507849293563579,
        "train_score": 0.7742327365728902,
        "test_score": 0.7507849293563579,
        "num_samples": 261,
        "fit_time": 11,
        "score_time": 25,
        "time": 36,
        "parameters": {
            "C": 10.0,
            "penalty": "l2"
        },
        "done_at": 1670856749222,
        "split_id": 1
    },
    {
        "test_score_gib": 0.7496860282574569,
        "train_score": 0.7793920912846745,
        "test_score": 0.7496860282574569,
        "num_samples": 261,
        "fit_time": 9,
        "score_time": 26,
        "time": 35,
        "parameters": {
            "C": 10.0,
            "penalty": "l2"
        },
        "done_at": 1670856749229,
        "split_id": 2
    },
    {
        "test_score_gib": 0.7436686390532544,
        "train_score": 0.7777581294822674,
        "test_score": 0.7436686390532544,
        "num_samples": 260,
        "fit_time": 15,
        "score_time": 39,
        "time": 54,
        "parameters": {
            "C": 10.0,
            "penalty": "l2"
        },
        "done_at": 1670856749259,
        "split_id": 3
    },
    {
        "test_score_gib": 0.7548717948717949,
        "train_score": 0.7753806857255133,
        "test_score": 0.7548717948717949,
        "num_samples": 260,
        "fit_time": 12,
        "score_time": 16,
        "time": 28,
        "parameters": {
            "C": 10.0,
            "penalty": "l2"
        },
        "done_at": 1670856749244,
        "split_id": 4
    },
    {
        "test_score_gib": 0.7562794348508635,
        "train_score": 0.7805724965571513,
        "test_score": 0.7562794348508635,
        "num_samples": 261,
        "fit_time": 12,
        "score_time": 22,
        "time": 34,
        "parameters": {
            "C": 1.0,
            "penalty": "l2"
        },
        "done_at": 1670856749268,
        "split_id": 0
    },
    {
        "test_score_gib": 0.7474097331240188,
        "train_score": 0.7731900452488688,
        "test_score": 0.7474097331240188,
        "num_samples": 261,
        "fit_time": 11,
        "score_time": 24,
        "time": 35,
        "parameters": {
            "C": 1.0,
            "penalty": "l2"
        },
        "done_at": 1670856749272,
        "split_id": 1
    },
    {
        "test_score_gib": 0.7515698587127159,
        "train_score": 0.7794265197717882,
        "test_score": 0.7515698587127159,
        "num_samples": 261,
        "fit_time": 12,
        "score_time": 76,
        "time": 88,
        "parameters": {
            "C": 1.0,
            "penalty": "l2"
        },
        "done_at": 1670856749339,
        "split_id": 2
    },
    {
        "test_score_gib": 0.7457199211045364,
        "train_score": 0.7769132527753217,
        "test_score": 0.7457199211045364,
        "num_samples": 260,
        "fit_time": 21,
        "score_time": 20,
        "time": 41,
        "parameters": {
            "C": 1.0,
            "penalty": "l2"
        },
        "done_at": 1670856749310,
        "split_id": 3
    },
    {
        "test_score_gib": 0.7509270216962525,
        "train_score": 0.7750221043324492,
        "test_score": 0.7509270216962525,
        "num_samples": 260,
        "fit_time": 11,
        "score_time": 36,
        "time": 47,
        "parameters": {
            "C": 1.0,
            "penalty": "l2"
        },
        "done_at": 1670856749318,
        "split_id": 4
    },
    {
        "test_score_gib": 0.752668759811617,
        "train_score": 0.7807298839268149,
        "test_score": 0.752668759811617,
        "num_samples": 261,
        "fit_time": 10,
        "score_time": 15,
        "time": 25,
        "parameters": {
            "C": 100.0,
            "penalty": "l2"
        },
        "done_at": 1670856749303,
        "split_id": 0
    },
    {
        "test_score_gib": 0.7521978021978023,
        "train_score": 0.7741146960456423,
        "test_score": 0.7521978021978023,
        "num_samples": 261,
        "fit_time": 29,
        "score_time": 39,
        "time": 68,
        "parameters": {
            "C": 100.0,
            "penalty": "l2"
        },
        "done_at": 1670856749374,
        "split_id": 1
    },
    {
        "test_score_gib": 0.7493720565149137,
        "train_score": 0.7790969899665552,
        "test_score": 0.7493720565149137,
        "num_samples": 261,
        "fit_time": 19,
        "score_time": 15,
        "time": 34,
        "parameters": {
            "C": 100.0,
            "penalty": "l2"
        },
        "done_at": 1670856749346,
        "split_id": 2
    },
    {
        "test_score_gib": 0.743431952662722,
        "train_score": 0.7778367226643089,
        "test_score": 0.743431952662722,
        "num_samples": 260,
        "fit_time": 34,
        "score_time": 14,
        "time": 48,
        "parameters": {
            "C": 100.0,
            "penalty": "l2"
        },
        "done_at": 1670856749369,
        "split_id": 3
    },
    {
        "test_score_gib": 0.755897435897436,
        "train_score": 0.7752726201002064,
        "test_score": 0.755897435897436,
        "num_samples": 260,
        "fit_time": 12,
        "score_time": 21,
        "time": 33,
        "parameters": {
            "C": 100.0,
            "penalty": "l2"
        },
        "done_at": 1670856749390,
        "split_id": 4
    }
]