{
  "starred": false,
  "clusterMetas": {},
  "customMeta": {
    "kv": {}
  },
  "tags": [],
  "activeClassifierThreshold": 0.5,
  "description": "",
  "name": "Logistic Regression (s1)",
  "labels": [
    {
      "key": "trainDataset:dataset-name",
      "value": "training"
    },
    {
      "key": "testDataset:dataset-name",
      "value": "training"
    },
    {
      "key": "evaluationDataset:dataset-name",
      "value": "training"
    },
    {
      "key": "model:algorithm",
      "value": "LOGISTIC_REGRESSION"
    },
    {
      "key": "model:name",
      "value": "Logistic Regression (s1)"
    },
    {
      "key": "model:date",
      "value": "2022-12-12T14:52:30.772+0000"
    },
    {
      "key": "evaluation:date",
      "value": "2022-12-12T14:52:30.772+0000"
    }
  ]
}