{
  "params": {
    "ttPolicy": "SPLIT_SINGLE_DATASET",
    "ssdSplitMode": "RANDOM",
    "splitBeforePrepare": true,
    "ssdDatasetSmartName": "TIMESERIES1.training",
    "ssdSelection": {
      "useMemTable": false,
      "filter": {
        "distinct": false,
        "enabled": false
      },
      "partitionSelectionMethod": "ALL",
      "latestPartitionsN": 1,
      "ordering": {
        "enabled": false,
        "rules": []
      },
      "samplingMethod": "HEAD_SEQUENTIAL",
      "maxRecords": 100000,
      "targetRatio": 0.02,
      "withinFirstN": -1,
      "maxReadUncompressedBytes": -1
    },
    "ssdTrainingRatio": 0.8,
    "ssdStratified": false,
    "ssdSeed": 1337,
    "testOnLargerValues": true,
    "streamAll": false,
    "kfold": false,
    "nFolds": 5,
    "instanceIdRefresher": 0,
    "subSamplingSeed": 1337
  },
  "generationDate": 1671051195152,
  "format": "csv1",
  "schema": {
    "columns": [
      {"name":"Asset","type":"string"},
      {"name":"failure_bin","type":"bigint"},
      {"name":"age_intial","type":"bigint"},
      {"name":"age_last_known","type":"bigint"},
      {"name":"time_in_service","type":"bigint"},
      {"name":"distance_initial","type":"double"},
      {"name":"distance_last_known","type":"double"},
      {"name":"distance","type":"double"},
      {"name":"times_measured","type":"bigint"},
      {"name":"R044_Quantity_sum","type":"bigint"},
      {"name":"R064_Quantity_sum","type":"bigint"},
      {"name":"R119_Quantity_sum","type":"bigint"},
      {"name":"R193_Quantity_sum","type":"bigint"},
      {"name":"R364_Quantity_sum","type":"bigint"},
      {"name":"R396_Quantity_sum","type":"bigint"},
      {"name":"R417_Quantity_sum","type":"bigint"},
      {"name":"R446_Quantity_sum","type":"bigint"},
      {"name":"R565_Quantity_sum","type":"bigint"},
      {"name":"R575_Quantity_sum","type":"bigint"},
      {"name":"R606_Quantity_sum","type":"bigint"},
      {"name":"R707_Quantity_sum","type":"bigint"},
      {"name":"R782_Quantity_sum","type":"bigint"},
      {"name":"R783_Quantity_sum","type":"bigint"}
    ],
    "userModified": false
  },
  "trainPath": "/data/dataiku/dss_data/saved_models/TIMESERIES1/dVuIIHtL/versions/1671051195138/split/train.csv.gz",
  "testPath": "/data/dataiku/dss_data/saved_models/TIMESERIES1/dVuIIHtL/versions/1671051195138/split/test.csv.gz",
  "trainRows": 1303,
  "testRows": 321,
  "fullRows": 0
}