{
    "startedAt": 1671051197286,
    "gridSize": 2,
    "nThreads": 4,
    "nSplits": 5,
    "metric": "ROC_AUC",
    "timeout": null,
    "gridPoints": [
        {
            "finishedAt": 1671051198761,
            "score": 0.7865721859911095,
            "testScoreGibMean": 0.7865721859911095,
            "testScoreMean": 0.7865721859911095,
            "testScoreStd": 0.021089827948882086,
            "trainScoreMean": 0.9484181105598558,
            "trainScoreStd": 0.004036130525491438,
            "time": 4110,
            "fitTimeMean": 622.8,
            "fitTimeStd": 34.99371372118141,
            "scoreTimeMean": 199.2,
            "scoreTimeStd": 90.56136041381004,
            "parameters": {
                "max_depth": 6,
                "max_features": "auto",
                "min_samples_leaf": 1,
                "n_estimators": 100,
                "min_samples_split": 3
            }
        },
        {
            "finishedAt": 1671051199277,
            "score": 0.7851763008763337,
            "testScoreGibMean": 0.7851763008763337,
            "testScoreMean": 0.7851763008763337,
            "testScoreStd": 0.015386465762455217,
            "trainScoreMean": 0.9999548878271648,
            "trainScoreStd": 7.611948893708568e-05,
            "time": 3202,
            "fitTimeMean": 457.6,
            "fitTimeStd": 110.91005364708828,
            "scoreTimeMean": 182.8,
            "scoreTimeStd": 99.5899593332581,
            "parameters": {
                "max_depth": 14,
                "max_features": "auto",
                "min_samples_leaf": 1,
                "n_estimators": 100,
                "min_samples_split": 3
            }
        }
    ]
}