[
    {
        "test_score_gib": 0.8033751962323391,
        "train_score": 0.9480523313004132,
        "test_score": 0.8033751962323391,
        "num_samples": 261,
        "fit_time": 653,
        "score_time": 38,
        "time": 691,
        "parameters": {
            "max_depth": 6,
            "max_features": "auto",
            "min_samples_leaf": 1,
            "n_estimators": 100,
            "min_samples_split": 3
        },
        "done_at": 1671051197980,
        "split_id": 0
    },
    {
        "test_score_gib": 0.7952904238618524,
        "train_score": 0.9507131615187882,
        "test_score": 0.7952904238618524,
        "num_samples": 261,
        "fit_time": 621,
        "score_time": 172,
        "time": 793,
        "parameters": {
            "max_depth": 6,
            "max_features": "auto",
            "min_samples_leaf": 1,
            "n_estimators": 100,
            "min_samples_split": 3
        },
        "done_at": 1671051198130,
        "split_id": 1
    },
    {
        "test_score_gib": 0.7983516483516484,
        "train_score": 0.9417224080267558,
        "test_score": 0.7983516483516484,
        "num_samples": 261,
        "fit_time": 640,
        "score_time": 287,
        "time": 927,
        "parameters": {
            "max_depth": 6,
            "max_features": "auto",
            "min_samples_leaf": 1,
            "n_estimators": 100,
            "min_samples_split": 3
        },
        "done_at": 1671051198267,
        "split_id": 2
    },
    {
        "test_score_gib": 0.7905325443786982,
        "train_score": 0.9539542194714609,
        "test_score": 0.7905325443786982,
        "num_samples": 260,
        "fit_time": 644,
        "score_time": 277,
        "time": 921,
        "parameters": {
            "max_depth": 6,
            "max_features": "auto",
            "min_samples_leaf": 1,
            "n_estimators": 100,
            "min_samples_split": 3
        },
        "done_at": 1671051198260,
        "split_id": 3
    },
    {
        "test_score_gib": 0.7451676528599607,
        "train_score": 0.9476667649081443,
        "test_score": 0.7451676528599607,
        "num_samples": 260,
        "fit_time": 556,
        "score_time": 222,
        "time": 778,
        "parameters": {
            "max_depth": 6,
            "max_features": "auto",
            "min_samples_leaf": 1,
            "n_estimators": 100,
            "min_samples_split": 3
        },
        "done_at": 1671051198761,
        "split_id": 4
    },
    {
        "test_score_gib": 0.7930141287284145,
        "train_score": 0.9999754082234901,
        "test_score": 0.7930141287284145,
        "num_samples": 261,
        "fit_time": 580,
        "score_time": 247,
        "time": 827,
        "parameters": {
            "max_depth": 14,
            "max_features": "auto",
            "min_samples_leaf": 1,
            "n_estimators": 100,
            "min_samples_split": 3
        },
        "done_at": 1671051198959,
        "split_id": 0
    },
    {
        "test_score_gib": 0.7905023547880691,
        "train_score": 1.0,
        "test_score": 0.7905023547880691,
        "num_samples": 261,
        "fit_time": 497,
        "score_time": 280,
        "time": 777,
        "parameters": {
            "max_depth": 14,
            "max_features": "auto",
            "min_samples_leaf": 1,
            "n_estimators": 100,
            "min_samples_split": 3
        },
        "done_at": 1671051199041,
        "split_id": 1
    },
    {
        "test_score_gib": 0.7930926216640503,
        "train_score": 1.0,
        "test_score": 0.7930926216640503,
        "num_samples": 261,
        "fit_time": 509,
        "score_time": 264,
        "time": 773,
        "parameters": {
            "max_depth": 14,
            "max_features": "auto",
            "min_samples_leaf": 1,
            "n_estimators": 100,
            "min_samples_split": 3
        },
        "done_at": 1671051199042,
        "split_id": 2
    },
    {
        "test_score_gib": 0.7947140039447731,
        "train_score": 0.9999950879261224,
        "test_score": 0.7947140039447731,
        "num_samples": 260,
        "fit_time": 450,
        "score_time": 61,
        "time": 511,
        "parameters": {
            "max_depth": 14,
            "max_features": "auto",
            "min_samples_leaf": 1,
            "n_estimators": 100,
            "min_samples_split": 3
        },
        "done_at": 1671051199274,
        "split_id": 3
    },
    {
        "test_score_gib": 0.7544773175542405,
        "train_score": 0.9998035170448963,
        "test_score": 0.7544773175542405,
        "num_samples": 260,
        "fit_time": 252,
        "score_time": 62,
        "time": 314,
        "parameters": {
            "max_depth": 14,
            "max_features": "auto",
            "min_samples_leaf": 1,
            "n_estimators": 100,
            "min_samples_split": 3
        },
        "done_at": 1671051199277,
        "split_id": 4
    }
]