{
  "state": "DONE",
  "postSearchDescription": {
    "importantParams": [
      {
        "name": "trees",
        "val": "100"
      },
      {
        "name": "depth",
        "val": "6"
      },
      {
        "name": "min_samples",
        "val": "1"
      }
    ]
  },
  "resumed": false,
  "timeOrderingEnabled": false,
  "sampleWeightsEnabled": false,
  "progress": {
    "top_level_todo": [],
    "stack": [],
    "top_level_done": [
      {
        "name": "Loading train set",
        "time": 19
      },
      {
        "name": "Loading test set",
        "time": 11
      },
      {
        "name": "Collecting preprocessing data",
        "time": 20
      },
      {
        "name": "Preprocessing train set",
        "time": 55
      },
      {
        "name": "Preprocessing test set",
        "time": 38
      },
      {
        "name": "Hyperparameter searching",
        "time": 2060
      },
      {
        "name": "Fitting model",
        "time": 348
      },
      {
        "name": "Saving model",
        "time": 45
      },
      {
        "name": "Scoring model",
        "time": 801
      },
      {
        "name": "Preparing explainability",
        "time": 210
      }
    ]
  },
  "startTime": 1671051197120,
  "endTime": 1671051200730,
  "preprocessingTime": 0,
  "trainingTime": 3610,
  "hyperparamsSearchTime": 2060,
  "pythonVersion": "3.6.8"
}