{
  "starred": false,
  "clusterMetas": {},
  "customMeta": {
    "kv": {}
  },
  "tags": [],
  "activeClassifierThreshold": 0.5,
  "name": "Random forest (Analysis_Test1) - v3",
  "labels": [
    {
      "key": "trainDataset:dataset-name",
      "value": "training"
    },
    {
      "key": "model:name",
      "value": "Random forest (Analysis_Test1) - v3"
    },
    {
      "key": "testDataset:dataset-name",
      "value": "training"
    },
    {
      "key": "model:algorithm",
      "value": "RANDOM_FOREST_CLASSIFICATION"
    },
    {
      "key": "model:date",
      "value": "2022-12-14T20:53:20.730+0000"
    },
    {
      "key": "evaluationDataset:dataset-name",
      "value": "training"
    },
    {
      "key": "evaluation:date",
      "value": "2022-12-14T20:53:20.730+0000"
    }
  ]
}