{
    "perTimeseriesMetrics": {
        "__single_timeseries_identifier": {
            "mse": 2371.0960314735426,
            "mase": 4.952867658072614,
            "mape": 8.531301162117106,
            "smape": 1.5601198701582648,
            "mae": 45.82144030971371,
            "msis": 27.533360304431408
        }
    },
    "aggregatedMetrics": {
        "mse": 2371.0960314735426,
        "mape": 8.531301162117106,
        "mase": 4.952867658072614,
        "smape": 1.5601198701582648,
        "mae": 45.82144030971371,
        "msis": 27.533360304431408,
        "rmse": 48.69390137864846,
        "nd": 7.736087325016601,
        "meanAbsoluteQuantileLoss": 492.36237141278406,
        "meanWeightedQuantileLoss": 6.394316511854338
    }
}