{
  "pages": [
    {
      "id": "LtRKuww",
      "grid": {
        "tiles": []
      },
      "showTitle": false
    }
  ],
  "owner": "jjorgenson",
  "listed": true,
  "name": "HolidayShoppingBlog\u0027s default dashboard",
  "showGrid": true,
  "versionTag": {
    "versionNumber": 0,
    "lastModifiedBy": {
      "login": "jjorgenson"
    },
    "lastModifiedOn": 1697123153427,
    "extendedProperties": {}
  },
  "creationTag": {
    "versionNumber": 0,
    "lastModifiedBy": {
      "login": "jjorgenson"
    },
    "lastModifiedOn": 1697123153427,
    "extendedProperties": {}
  },
  "tags": [],
  "customFields": {},
  "checklists": {
    "checklists": []
  }
}