{
    "perTimeseriesMetrics": {
        "__single_timeseries_identifier": {
            "mse": 689.8377561499708,
            "mase": 1.67908822934341,
            "mape": 0.4291130953950492,
            "smape": 0.648311425192511,
            "mae": 14.533926037108866,
            "msis": 10.37237212786276
        }
    },
    "aggregatedMetrics": {
        "mse": 689.8377561499708,
        "mape": 0.4291130953950492,
        "mase": 1.67908822934341,
        "smape": 0.648311425192511,
        "mae": 14.533926037108866,
        "msis": 10.372372127862763,
        "rmse": 26.264762632659956,
        "nd": 0.6772080232344633,
        "meanAbsoluteQuantileLoss": 165.67986081016113,
        "meanWeightedQuantileLoss": 0.5938346265597173
    }
}