{
  "type": "grouping",
  "neverRecomputeExistingPartitions": false,
  "optionalDependencies": false,
  "customMeta": {
    "kv": {}
  },
  "redispatchPartitioning": false,
  "maxRunningActivities": 0,
  "variables": {},
  "dkuProperties": [],
  "inputs": {
    "main": {
      "items": [
        {
          "ref": "transactions_reward_value",
          "deps": []
        }
      ]
    }
  },
  "outputs": {
    "main": {
      "items": [
        {
          "ref": "transactions_reward_value_by_card_id",
          "appendMode": false
        }
      ]
    }
  },
  "labels": [],
  "versionTag": {
    "versionNumber": 1,
    "lastModifiedBy": {
      "login": "dataiku-admin"
    },
    "lastModifiedOn": 1673497165009
  },
  "creationTag": {
    "versionNumber": 0,
    "lastModifiedBy": {
      "login": "dataiku-admin"
    },
    "lastModifiedOn": 1673497135549
  },
  "tags": [],
  "customFields": {},
  "checklists": {
    "checklists": []
  }
}