{
  "type": "shaker",
  "neverRecomputeExistingPartitions": false,
  "optionalDependencies": false,
  "params": {
    "engineParams": {
      "spark": {
        "readParams": {
          "mode": "AUTO",
          "autoModeRepartitionInto": 10,
          "map": {
            "spreadspoke_scores": {
              "repartition": 10
            },
            "spreadspoke_scores_thru_2022-23_wk15": {
              "repartition": 10
            },
            "spreadspoke_scores_thru_2022_23_divisional_rd": {
              "repartition": 10
            },
            "spreadspoke_scores_thru_2022_23_divisional_rd_corrected": {
              "repartition": 10
            },
            "spreadspoke_scores_pre_SB57": {
              "repartition": 10
            }
          }
        },
        "useGlobalMetastore": false,
        "useNativeProcessors": true,
        "sparkConfig": {
          "inheritConf": "default",
          "conf": []
        },
        "executionEngine": "SPARK_SUBMIT",
        "pipelineAllowStart": true,
        "pipelineAllowMerge": true,
        "skipPrerunValidate": false
      },
      "hive": {
        "inheritConf": "default",
        "hiveconf": [],
        "executionEngine": "HIVESERVER2",
        "addDkuUdf": false,
        "skipPrerunValidate": false
      },
      "impala": {
        "forceStreamMode": true
      },
      "hadoopConfigKeys": [],
      "sqlPipelineParams": {
        "pipelineAllowStart": true,
        "pipelineAllowMerge": true
      },
      "maxThreads": 8
    }
  },
  "customMeta": {
    "kv": {}
  },
  "redispatchPartitioning": false,
  "maxRunningActivities": 0,
  "variables": {},
  "dkuProperties": [],
  "inputs": {
    "main": {
      "items": [
        {
          "ref": "spreadspoke_scores",
          "deps": []
        }
      ]
    }
  },
  "outputs": {
    "main": {
      "items": [
        {
          "ref": "nfl_scores",
          "appendMode": false
        }
      ]
    }
  },
  "labels": [],
  "versionTag": {
    "versionNumber": 6,
    "lastModifiedBy": {
      "login": "jjorgenson"
    },
    "lastModifiedOn": 1675455464645
  },
  "creationTag": {
    "versionNumber": 0,
    "lastModifiedBy": {
      "login": "jjorgenson"
    },
    "lastModifiedOn": 1675186976200
  },
  "shortDesc": "Parses date information from Kaggle file so it\u0027s usable in Elo model",
  "tags": [],
  "customFields": {},
  "checklists": {
    "checklists": []
  }
}