{
  "type": "python",
  "neverRecomputeExistingPartitions": false,
  "optionalDependencies": false,
  "params": {
    "envSelection": {
      "envMode": "EXPLICIT_ENV",
      "envName": "elo"
    },
    "containerSelection": {
      "containerMode": "INHERIT"
    },
    "skipPrerunValidate": false
  },
  "customMeta": {
    "kv": {}
  },
  "redispatchPartitioning": false,
  "maxRunningActivities": 0,
  "variables": {},
  "dkuProperties": [],
  "inputs": {
    "main": {
      "items": [
        {
          "ref": "nfl_scores",
          "deps": []
        }
      ]
    }
  },
  "outputs": {
    "main": {
      "items": [
        {
          "ref": "elo_results",
          "appendMode": false
        },
        {
          "ref": "upcoming_game_probabilities",
          "appendMode": false
        }
      ]
    }
  },
  "labels": [],
  "versionTag": {
    "versionNumber": 109,
    "lastModifiedBy": {
      "login": "jjorgenson"
    },
    "lastModifiedOn": 1675457609211
  },
  "creationTag": {
    "versionNumber": 0,
    "lastModifiedBy": {
      "login": "jjorgenson"
    },
    "lastModifiedOn": 1675186976198
  },
  "shortDesc": "Python notebook the performs Elo scoring and outputs Elo ratings for each team along with a forecast for who is predicted to win future games",
  "tags": [],
  "customFields": {},
  "checklists": {
    "checklists": []
  }
}