{
    "perTimeseriesMetrics": {
        "__single_timeseries_identifier": {
            "mse": 9.0,
            "mase": 0.21934299122628037,
            "mape": 0.3847985347985348,
            "smape": 0.2741425241425241,
            "mae": 1.9230769230769231,
            "msis": 2.193429912262804
        }
    },
    "aggregatedMetrics": {
        "mse": 9.0,
        "mape": 0.3847985347985348,
        "mase": 0.21934299122628037,
        "smape": 0.2741425241425241,
        "mae": 1.9230769230769231,
        "msis": 2.193429912262804,
        "rmse": 3.0,
        "nd": 0.3424657534246575,
        "meanAbsoluteQuantileLoss": 25.0,
        "meanWeightedQuantileLoss": 0.3424657534246575
    }
}