[
    {
        "test_score_gib": -4.6885564750233275,
        "train_score": null,
        "test_score": 4.6885564750233275,
        "num_samples": 1,
        "fit_time": 28,
        "score_time": 48,
        "time": 76,
        "parameters": {
            "low_pass_deg": "1",
            "low_pass_jump": 1,
            "period": 4,
            "seasonal": 7,
            "seasonal_deg": "1",
            "seasonal_jump": 1,
            "trend_deg": "1",
            "trend_jump": 1
        },
        "done_at": 1697559242848,
        "split_id": 0
    },
    {
        "test_score_gib": -0.2658848952385967,
        "train_score": null,
        "test_score": 0.2658848952385967,
        "num_samples": 1,
        "fit_time": 30,
        "score_time": 53,
        "time": 83,
        "parameters": {
            "low_pass_deg": "1",
            "low_pass_jump": 1,
            "period": 4,
            "seasonal": 7,
            "seasonal_deg": "1",
            "seasonal_jump": 1,
            "trend_deg": "1",
            "trend_jump": 1
        },
        "done_at": 1697559242932,
        "split_id": 1
    },
    {
        "test_score_gib": -0.14425623697878934,
        "train_score": null,
        "test_score": 0.14425623697878934,
        "num_samples": 1,
        "fit_time": 31,
        "score_time": 68,
        "time": 99,
        "parameters": {
            "low_pass_deg": "1",
            "low_pass_jump": 1,
            "period": 4,
            "seasonal": 7,
            "seasonal_deg": "1",
            "seasonal_jump": 1,
            "trend_deg": "1",
            "trend_jump": 1
        },
        "done_at": 1697559243033,
        "split_id": 2
    },
    {
        "test_score_gib": -3.6412504220073876,
        "train_score": null,
        "test_score": 3.6412504220073876,
        "num_samples": 1,
        "fit_time": 31,
        "score_time": 54,
        "time": 85,
        "parameters": {
            "low_pass_deg": "1",
            "low_pass_jump": 1,
            "period": 13,
            "seasonal": 7,
            "seasonal_deg": "1",
            "seasonal_jump": 1,
            "trend_deg": "1",
            "trend_jump": 1
        },
        "done_at": 1697559243122,
        "split_id": 0
    },
    {
        "test_score_gib": -1.9576032778230545,
        "train_score": null,
        "test_score": 1.9576032778230545,
        "num_samples": 1,
        "fit_time": 40,
        "score_time": 71,
        "time": 111,
        "parameters": {
            "low_pass_deg": "1",
            "low_pass_jump": 1,
            "period": 13,
            "seasonal": 7,
            "seasonal_deg": "1",
            "seasonal_jump": 1,
            "trend_deg": "1",
            "trend_jump": 1
        },
        "done_at": 1697559243235,
        "split_id": 1
    },
    {
        "test_score_gib": -0.9124307325326628,
        "train_score": null,
        "test_score": 0.9124307325326628,
        "num_samples": 1,
        "fit_time": 43,
        "score_time": 53,
        "time": 96,
        "parameters": {
            "low_pass_deg": "1",
            "low_pass_jump": 1,
            "period": 13,
            "seasonal": 7,
            "seasonal_deg": "1",
            "seasonal_jump": 1,
            "trend_deg": "1",
            "trend_jump": 1
        },
        "done_at": 1697559243333,
        "split_id": 2
    },
    {
        "test_score_gib": -0.15744980537906755,
        "train_score": null,
        "test_score": 0.15744980537906755,
        "num_samples": 1,
        "fit_time": 42,
        "score_time": 65,
        "time": 107,
        "parameters": {
            "low_pass_deg": "1",
            "low_pass_jump": 1,
            "period": 52,
            "seasonal": 7,
            "seasonal_deg": "1",
            "seasonal_jump": 1,
            "trend_deg": "1",
            "trend_jump": 1
        },
        "done_at": 1697559243443,
        "split_id": 0
    },
    {
        "test_score_gib": -0.2338913784545957,
        "train_score": null,
        "test_score": 0.2338913784545957,
        "num_samples": 1,
        "fit_time": 42,
        "score_time": 62,
        "time": 104,
        "parameters": {
            "low_pass_deg": "1",
            "low_pass_jump": 1,
            "period": 52,
            "seasonal": 7,
            "seasonal_deg": "1",
            "seasonal_jump": 1,
            "trend_deg": "1",
            "trend_jump": 1
        },
        "done_at": 1697559243550,
        "split_id": 1
    },
    {
        "test_score_gib": -0.2168298252313844,
        "train_score": null,
        "test_score": 0.2168298252313844,
        "num_samples": 1,
        "fit_time": 39,
        "score_time": 63,
        "time": 102,
        "parameters": {
            "low_pass_deg": "1",
            "low_pass_jump": 1,
            "period": 52,
            "seasonal": 7,
            "seasonal_deg": "1",
            "seasonal_jump": 1,
            "trend_deg": "1",
            "trend_jump": 1
        },
        "done_at": 1697559243653,
        "split_id": 2
    }
]