{
    "startedAt": 1697559242768,
    "gridSize": 3,
    "nThreads": 1,
    "nSplits": 3,
    "metric": "MASE",
    "timeout": null,
    "gridPoints": [
        {
            "finishedAt": 1697559243033,
            "score": 1.6995658690802378,
            "testScoreGibMean": -1.6995658690802378,
            "testScoreMean": 1.6995658690802378,
            "testScoreStd": 2.1141187312037055,
            "trainScoreMean": null,
            "trainScoreStd": null,
            "time": 258,
            "fitTimeMean": 29.666666666666668,
            "fitTimeStd": 1.247219128924647,
            "scoreTimeMean": 56.333333333333336,
            "scoreTimeStd": 8.498365855987975,
            "parameters": {
                "low_pass_deg": "1",
                "low_pass_jump": 1,
                "period": 4,
                "seasonal": 7,
                "seasonal_deg": "1",
                "seasonal_jump": 1,
                "trend_deg": "1",
                "trend_jump": 1
            }
        },
        {
            "finishedAt": 1697559243333,
            "score": 2.170428144121035,
            "testScoreGibMean": -2.170428144121035,
            "testScoreMean": 2.170428144121035,
            "testScoreStd": 1.124154509606308,
            "trainScoreMean": null,
            "trainScoreStd": null,
            "time": 292,
            "fitTimeMean": 38.0,
            "fitTimeStd": 5.0990195135927845,
            "scoreTimeMean": 59.333333333333336,
            "scoreTimeStd": 8.259674462242579,
            "parameters": {
                "low_pass_deg": "1",
                "low_pass_jump": 1,
                "period": 13,
                "seasonal": 7,
                "seasonal_deg": "1",
                "seasonal_jump": 1,
                "trend_deg": "1",
                "trend_jump": 1
            }
        },
        {
            "finishedAt": 1697559243653,
            "score": 0.2027236696883492,
            "testScoreGibMean": -0.2027236696883492,
            "testScoreMean": 0.2027236696883492,
            "testScoreStd": 0.032762440301037345,
            "trainScoreMean": null,
            "trainScoreStd": null,
            "time": 313,
            "fitTimeMean": 41.0,
            "fitTimeStd": 1.4142135623730951,
            "scoreTimeMean": 63.333333333333336,
            "scoreTimeStd": 1.247219128924647,
            "parameters": {
                "low_pass_deg": "1",
                "low_pass_jump": 1,
                "period": 52,
                "seasonal": 7,
                "seasonal_deg": "1",
                "seasonal_jump": 1,
                "trend_deg": "1",
                "trend_jump": 1
            }
        }
    ]
}