{
    "usedGridSearch": true,
    "gridSize": 3,
    "gridBestScore": 0.2027236696883492,
    "gridCells": [
        {
            "params": {
                "low_pass_deg": "1",
                "low_pass_jump": 1,
                "period": 4,
                "seasonal": 7,
                "seasonal_deg": "1",
                "seasonal_jump": 1,
                "trend_deg": "1",
                "trend_jump": 1
            },
            "score": 1.6995658690802378,
            "scoreStd": 2.1141187312037055,
            "fitTime": 0.029666666666666668,
            "fitTimeStd": 0.001247219128924647,
            "scoreTime": 0.05633333333333333,
            "scoreTimeStd": 0.008498365855987976
        },
        {
            "params": {
                "low_pass_deg": "1",
                "low_pass_jump": 1,
                "period": 13,
                "seasonal": 7,
                "seasonal_deg": "1",
                "seasonal_jump": 1,
                "trend_deg": "1",
                "trend_jump": 1
            },
            "score": 2.170428144121035,
            "scoreStd": 1.124154509606308,
            "fitTime": 0.038,
            "fitTimeStd": 0.005099019513592784,
            "scoreTime": 0.059333333333333335,
            "scoreTimeStd": 0.008259674462242579
        },
        {
            "params": {
                "low_pass_deg": "1",
                "low_pass_jump": 1,
                "period": 52,
                "seasonal": 7,
                "seasonal_deg": "1",
                "seasonal_jump": 1,
                "trend_deg": "1",
                "trend_jump": 1
            },
            "score": 0.2027236696883492,
            "scoreStd": 0.032762440301037345,
            "fitTime": 0.041,
            "fitTimeStd": 0.0014142135623730952,
            "scoreTime": 0.06333333333333334,
            "scoreTimeStd": 0.001247219128924647
        }
    ],
    "modelInputNRows": 211,
    "modelInputNCols": 8,
    "modelInputIsSparse": false,
    "modelInputMemory": 13504,
    "totalNbOfTimeseries": 1,
    "minTimeseriesSizeForScoring": 52,
    "maxUsedTimestepsForScoring": 52
}