{
  "state": "DONE",
  "preSearchDescription": {
    "gridLength": 3,
    "searchStrategy": "GRID",
    "importantParams": [
      {
        "name": "Season length",
        "vals": [
          "4",
          "13",
          "52"
        ]
      },
      {
        "name": "Seasonal smoother length",
        "vals": [
          "7"
        ]
      },
      {
        "name": "Degree of seasonal LOESS",
        "vals": [
          "1"
        ]
      },
      {
        "name": "Degree of trend LOESS",
        "vals": [
          "1"
        ]
      },
      {
        "name": "Degree of low pass LOESS",
        "vals": [
          "1"
        ]
      },
      {
        "name": "Seasonal jump",
        "vals": [
          "1"
        ]
      },
      {
        "name": "Trend jump",
        "vals": [
          "1"
        ]
      },
      {
        "name": "Low pass jump",
        "vals": [
          "1"
        ]
      }
    ]
  },
  "postSearchDescription": {
    "importantParams": [
      {
        "name": "Season length",
        "val": "52"
      },
      {
        "name": "Seasonal smoother length",
        "val": "7"
      },
      {
        "name": "Degree of seasonal LOESS",
        "val": "1"
      },
      {
        "name": "Degree of trend LOESS",
        "val": "1"
      },
      {
        "name": "Degree of low pass LOESS",
        "val": "1"
      },
      {
        "name": "Seasonal jump",
        "val": "1"
      },
      {
        "name": "Trend jump",
        "val": "1"
      },
      {
        "name": "Low pass jump",
        "val": "1"
      }
    ]
  },
  "resumed": false,
  "timeOrderingEnabled": false,
  "sampleWeightsEnabled": false,
  "modelId": "m1",
  "progress": {
    "top_level_todo": [],
    "stack": [],
    "top_level_done": [
      {
        "name": "Loading source dataset",
        "time": 18
      },
      {
        "name": "Time series resampling",
        "time": 29
      },
      {
        "name": "Preparing splits",
        "time": 0
      },
      {
        "name": "Collecting statistics",
        "time": 6
      },
      {
        "name": "Preprocessing full set",
        "time": 8
      },
      {
        "name": "Hyperparameter searching",
        "time": 1005
      },
      {
        "name": "Fitting folds",
        "time": 926
      },
      {
        "name": "Fitting model on full data",
        "time": 52
      },
      {
        "name": "Saving model",
        "time": 11
      },
      {
        "name": "Saving data",
        "time": 70
      }
    ]
  },
  "startTime": 1697559242482,
  "endTime": 1697559244848,
  "preprocessingTime": 284,
  "trainingTime": 2082,
  "hyperparamsSearchTime": 1005,
  "pythonVersion": "3.7.17"
}