[
    {
        "test_score_gib": -7.475152625152625,
        "train_score": null,
        "test_score": 7.475152625152625,
        "num_samples": 1,
        "fit_time": 0,
        "score_time": 11,
        "time": 11,
        "parameters": {
            "season_length": 4
        },
        "done_at": 1697577063894,
        "split_id": 0
    },
    {
        "test_score_gib": -0.2532967032967033,
        "train_score": null,
        "test_score": 0.2532967032967033,
        "num_samples": 1,
        "fit_time": 0,
        "score_time": 10,
        "time": 10,
        "parameters": {
            "season_length": 4
        },
        "done_at": 1697577063906,
        "split_id": 1
    },
    {
        "test_score_gib": -0.3128205128205128,
        "train_score": null,
        "test_score": 0.3128205128205128,
        "num_samples": 1,
        "fit_time": 0,
        "score_time": 11,
        "time": 11,
        "parameters": {
            "season_length": 4
        },
        "done_at": 1697577063918,
        "split_id": 2
    },
    {
        "test_score_gib": -0.2561660561660562,
        "train_score": null,
        "test_score": 0.2561660561660562,
        "num_samples": 1,
        "fit_time": 0,
        "score_time": 11,
        "time": 11,
        "parameters": {
            "season_length": 52
        },
        "done_at": 1697577063931,
        "split_id": 0
    },
    {
        "test_score_gib": -0.3847985347985348,
        "train_score": null,
        "test_score": 0.3847985347985348,
        "num_samples": 1,
        "fit_time": 1,
        "score_time": 10,
        "time": 11,
        "parameters": {
            "season_length": 52
        },
        "done_at": 1697577063944,
        "split_id": 1
    },
    {
        "test_score_gib": -0.508974358974359,
        "train_score": null,
        "test_score": 0.508974358974359,
        "num_samples": 1,
        "fit_time": 0,
        "score_time": 11,
        "time": 11,
        "parameters": {
            "season_length": 52
        },
        "done_at": 1697577063956,
        "split_id": 2
    }
]