{
    "startedAt": 1697577063879,
    "gridSize": 2,
    "nThreads": 1,
    "nSplits": 3,
    "metric": "MAPE",
    "timeout": null,
    "gridPoints": [
        {
            "finishedAt": 1697577063918,
            "score": 2.6804232804232804,
            "testScoreGibMean": -2.6804232804232804,
            "testScoreMean": 2.6804232804232804,
            "testScoreStd": 3.3904727190449,
            "trainScoreMean": null,
            "trainScoreStd": null,
            "time": 32,
            "fitTimeMean": 0.0,
            "fitTimeStd": 0.0,
            "scoreTimeMean": 10.666666666666666,
            "scoreTimeStd": 0.4714045207910317,
            "parameters": {
                "season_length": 4
            }
        },
        {
            "finishedAt": 1697577063956,
            "score": 0.38331298331298336,
            "testScoreGibMean": -0.38331298331298336,
            "testScoreMean": 0.38331298331298336,
            "testScoreStd": 0.1032139029382373,
            "trainScoreMean": null,
            "trainScoreStd": null,
            "time": 33,
            "fitTimeMean": 0.3333333333333333,
            "fitTimeStd": 0.4714045207910317,
            "scoreTimeMean": 10.666666666666666,
            "scoreTimeStd": 0.4714045207910317,
            "parameters": {
                "season_length": 52
            }
        }
    ]
}