{
    "usedGridSearch": true,
    "gridSize": 2,
    "gridBestScore": 0.38331298331298336,
    "gridCells": [
        {
            "params": {
                "season_length": 4
            },
            "score": 2.6804232804232804,
            "scoreStd": 3.3904727190449,
            "fitTime": 0.0,
            "fitTimeStd": 0.0,
            "scoreTime": 0.010666666666666666,
            "scoreTimeStd": 0.0004714045207910317
        },
        {
            "params": {
                "season_length": 52
            },
            "score": 0.38331298331298336,
            "scoreStd": 0.1032139029382373,
            "fitTime": 0.0003333333333333333,
            "fitTimeStd": 0.0004714045207910317,
            "scoreTime": 0.010666666666666666,
            "scoreTimeStd": 0.0004714045207910317
        }
    ],
    "modelInputNRows": 219,
    "modelInputNCols": 8,
    "modelInputIsSparse": false,
    "modelInputMemory": 14016,
    "totalNbOfTimeseries": 1,
    "minTimeseriesSizeForScoring": 52,
    "maxUsedTimestepsForScoring": 52
}