{
  "algorithm": "SEASONAL_NAIVE",
  "seasonal_naive_timeseries_grid": {
    "season_length": {
      "gridMode": "EXPLICIT",
      "randomMode": "RANGE",
      "limit": {
        "min": 1
      },
      "values": [
        4,
        52
      ],
      "range": {
        "min": 1,
        "max": 7,
        "nbValues": 3,
        "scaling": "LINEAR"
      }
    },
    "enabled": true
  },
  "max_ensemble_nodes_serialized": 0,
  "metrics": {
    "customMetrics": [],
    "evaluationMetric": "MAPE",
    "customEvaluationMetricGIB": true,
    "customEvaluationMetricNeedsProba": false,
    "costMatrixWeights": {
      "tpGain": 1.0,
      "tnGain": 0.0,
      "fpGain": -0.3,
      "fnGain": 0.0
    },
    "liftPoint": 0.4,
    "netUpliftPoint": 0.5
  },
  "autoOptimizeThreshold": true,
  "forcedClassifierThreshold": 0.0,
  "gridLength": 2,
  "grid_search_params": {
    "mode": "TIME_SERIES_KFOLD",
    "splitRatio": 0.8,
    "shuffleIterations": 1,
    "nFolds": 3,
    "cvSeed": 1337,
    "stratified": true,
    "grouped": false,
    "strategy": "GRID",
    "bayesianOptimizer": "SCIKIT_OPTIMIZE",
    "randomized": true,
    "seed": 1337,
    "nIter": 0,
    "nIterRandom": 3,
    "timeout": 0,
    "nJobs": 1,
    "distributed": false,
    "nContainers": 4,
    "foldOffset": false
  },
  "pluginAlgoCustomGridSearch": false,
  "computeLearningCurves": false,
  "skipExpensiveReports": false,
  "propensityModeling": {
    "enabled": false,
    "calibrateProbabilities": false,
    "calibrationDataRatio": 0.1
  }
}