{
  "state": "DONE",
  "preSearchDescription": {
    "gridLength": 2,
    "searchStrategy": "GRID",
    "importantParams": [
      {
        "name": "Season length",
        "vals": [
          "4",
          "52"
        ]
      }
    ]
  },
  "postSearchDescription": {
    "importantParams": [
      {
        "name": "Season length",
        "val": "52"
      }
    ]
  },
  "resumed": false,
  "timeOrderingEnabled": false,
  "sampleWeightsEnabled": false,
  "modelId": "m1",
  "progress": {
    "top_level_todo": [],
    "stack": [],
    "top_level_done": [
      {
        "name": "Loading source dataset",
        "time": 15
      },
      {
        "name": "Time series resampling",
        "time": 20
      },
      {
        "name": "Preparing splits",
        "time": 0
      },
      {
        "name": "Hyperparameter searching",
        "time": 1004
      },
      {
        "name": "Fitting folds",
        "time": 86
      },
      {
        "name": "Fitting model on full data",
        "time": 0
      },
      {
        "name": "Saving model",
        "time": 3
      },
      {
        "name": "Saving data",
        "time": 64
      }
    ]
  },
  "startTime": 1697577062742,
  "endTime": 1697577065042,
  "preprocessingTime": 1135,
  "trainingTime": 1164,
  "hyperparamsSearchTime": 1004,
  "pythonVersion": "3.7.17"
}