{
    "startedAt": 1670857225518,
    "gridSize": 5,
    "nThreads": 4,
    "nSplits": 5,
    "metric": "ROC_AUC",
    "timeout": null,
    "gridPoints": [
        {
            "finishedAt": 1670857225604,
            "score": 0.742609475456751,
            "testScoreGibMean": 0.742609475456751,
            "testScoreMean": 0.742609475456751,
            "testScoreStd": 0.012489437928383255,
            "trainScoreMean": 0.7674889055732391,
            "trainScoreStd": 0.001571389140905138,
            "time": 227,
            "fitTimeMean": 9.4,
            "fitTimeStd": 1.2,
            "scoreTimeMean": 36.0,
            "scoreTimeStd": 11.419281938896159,
            "parameters": {
                "C": 0.1,
                "penalty": "l2"
            }
        },
        {
            "finishedAt": 1670857225678,
            "score": 0.7312966334181112,
            "testScoreGibMean": 0.7312966334181112,
            "testScoreMean": 0.7312966334181112,
            "testScoreStd": 0.013426735677884606,
            "trainScoreMean": 0.750540953887529,
            "trainScoreStd": 0.0018510549101468173,
            "time": 189,
            "fitTimeMean": 8.4,
            "fitTimeStd": 5.2,
            "scoreTimeMean": 29.4,
            "scoreTimeStd": 13.169662106523463,
            "parameters": {
                "C": 0.01,
                "penalty": "l2"
            }
        },
        {
            "finishedAt": 1670857225736,
            "score": 0.75040055694041,
            "testScoreGibMean": 0.75040055694041,
            "testScoreMean": 0.75040055694041,
            "testScoreStd": 0.0038078203986060483,
            "trainScoreMean": 0.7775158946903201,
            "trainScoreStd": 0.00244076849454224,
            "time": 241,
            "fitTimeMean": 14.4,
            "fitTimeStd": 6.019966777316964,
            "scoreTimeMean": 33.8,
            "scoreTimeStd": 15.157836257197133,
            "parameters": {
                "C": 10.0,
                "penalty": "l2"
            }
        },
        {
            "finishedAt": 1670857225795,
            "score": 0.7503843523358928,
            "testScoreGibMean": 0.7503843523358928,
            "testScoreMean": 0.7503843523358928,
            "testScoreStd": 0.0036626629923241674,
            "trainScoreMean": 0.7770265064618791,
            "trainScoreStd": 0.0027248652052747247,
            "time": 157,
            "fitTimeMean": 15.2,
            "fitTimeStd": 4.1182520563948,
            "scoreTimeMean": 16.2,
            "scoreTimeStd": 5.192301994298868,
            "parameters": {
                "C": 1.0,
                "penalty": "l2"
            }
        },
        {
            "finishedAt": 1670857225855,
            "score": 0.7507152114048288,
            "testScoreGibMean": 0.7507152114048288,
            "testScoreMean": 0.7507152114048288,
            "testScoreStd": 0.004184443526722996,
            "trainScoreMean": 0.7774114956813939,
            "trainScoreStd": 0.0024291596233580316,
            "time": 217,
            "fitTimeMean": 11.8,
            "fitTimeStd": 1.32664991614216,
            "scoreTimeMean": 31.6,
            "scoreTimeStd": 15.4220621189256,
            "parameters": {
                "C": 100.0,
                "penalty": "l2"
            }
        }
    ]
}