{
    "modelInputNRows": 1303,
    "modelInputNCols": 20,
    "modelInputIsSparse": false,
    "modelInputMemory": 208480,
    "usedGridSearch": true,
    "gridSize": 5,
    "gridBestScore": 0.7507152114048288,
    "gridCells": [
        {
            "params": {
                "C": 0.1,
                "penalty": "l2"
            },
            "score": 0.742609475456751,
            "scoreStd": 0.012489437928383255,
            "fitTime": 0.0094,
            "fitTimeStd": 0.0012,
            "scoreTime": 0.036,
            "scoreTimeStd": 0.011419281938896159
        },
        {
            "params": {
                "C": 0.01,
                "penalty": "l2"
            },
            "score": 0.7312966334181112,
            "scoreStd": 0.013426735677884606,
            "fitTime": 0.008400000000000001,
            "fitTimeStd": 0.0052,
            "scoreTime": 0.0294,
            "scoreTimeStd": 0.013169662106523462
        },
        {
            "params": {
                "C": 10.0,
                "penalty": "l2"
            },
            "score": 0.75040055694041,
            "scoreStd": 0.0038078203986060483,
            "fitTime": 0.0144,
            "fitTimeStd": 0.006019966777316964,
            "scoreTime": 0.0338,
            "scoreTimeStd": 0.015157836257197133
        },
        {
            "params": {
                "C": 1.0,
                "penalty": "l2"
            },
            "score": 0.7503843523358928,
            "scoreStd": 0.0036626629923241674,
            "fitTime": 0.0152,
            "fitTimeStd": 0.0041182520563948,
            "scoreTime": 0.0162,
            "scoreTimeStd": 0.005192301994298868
        },
        {
            "params": {
                "C": 100.0,
                "penalty": "l2"
            },
            "score": 0.7507152114048288,
            "scoreStd": 0.004184443526722996,
            "fitTime": 0.011800000000000001,
            "fitTimeStd": 0.00132664991614216,
            "scoreTime": 0.0316,
            "scoreTimeStd": 0.0154220621189256
        }
    ],
    "lmCoefficients": {
        "variables": [
            "R606_Quantity_sum",
            "distance",
            "R119_Quantity_sum",
            "R396_Quantity_sum",
            "R417_Quantity_sum",
            "R575_Quantity_sum",
            "R446_Quantity_sum",
            "R044_Quantity_sum",
            "R193_Quantity_sum",
            "R565_Quantity_sum",
            "age_intial",
            "time_in_service",
            "R707_Quantity_sum",
            "R364_Quantity_sum",
            "R783_Quantity_sum",
            "distance_last_known",
            "R064_Quantity_sum",
            "age_last_known",
            "times_measured",
            "distance_initial"
        ],
        "coefs": [
            -0.10882816628153309,
            2.7105065253076583,
            -0.0491688254843318,
            -0.21129859219193073,
            -0.15755213446150143,
            -0.4396351540988404,
            -0.7784128509161518,
            -0.18041500211588965,
            0.2241024837133723,
            -0.06537203343235487,
            0.7269141488689331,
            -0.10685064920762839,
            0.0149777673536593,
            0.0713402000631961,
            -0.23567158466139784,
            1.6391881574985312,
            0.15691214482457436,
            0.25975476194181085,
            0.4086075824630899,
            -1.6238472770614831
        ],
        "interceptStderr": null,
        "interceptTstat": null,
        "interceptPvalue": null,
        "interceptCoef": -0.41368968011103857,
        "rescaledCoefs": [
            -0.013611687134312952,
            0.000598236172570063,
            -0.000696552639812897,
            -0.0786315935358327,
            -0.0027859063660191233,
            -0.1047398154180636,
            -0.02952332674357534,
            -0.04323506825819009,
            0.0026607530814384854,
            -0.00031020559619999495,
            0.004943603388406776,
            -0.00037112543496724894,
            5.113775737879389e-05,
            0.0027855194291062056,
            -0.02388444920556824,
            0.0006357777988231112,
            0.07169711414069468,
            0.0008863609327525052,
            0.07656043004704705,
            -0.00032737470999879485
        ],
        "rescaledInterceptCoef": -13.144558972123368
    },
    "probaAware": true
}