{
  "state": "DONE",
  "preSearchDescription": {
    "gridLength": 5,
    "searchStrategy": "GRID",
    "importantParams": [
      {
        "name": "penalty",
        "vals": [
          "l2"
        ]
      },
      {
        "name": "C",
        "vals": [
          "0.01",
          "0.1",
          "1.0",
          "10.0",
          "100.0"
        ]
      }
    ]
  },
  "postSearchDescription": {
    "importantParams": [
      {
        "name": "C",
        "val": "100.0"
      },
      {
        "name": "penalty",
        "val": "l2"
      }
    ]
  },
  "resumed": false,
  "timeOrderingEnabled": false,
  "sampleWeightsEnabled": false,
  "modelId": "m1",
  "progress": {
    "top_level_todo": [],
    "stack": [],
    "top_level_done": [
      {
        "name": "Loading train set",
        "time": 17
      },
      {
        "name": "Loading test set",
        "time": 7
      },
      {
        "name": "Collecting statistics",
        "time": 19
      },
      {
        "name": "Preprocessing train set",
        "time": 45
      },
      {
        "name": "Preprocessing test set",
        "time": 30
      },
      {
        "name": "Hyperparameter searching",
        "time": 1018
      },
      {
        "name": "Fitting model",
        "time": 9
      },
      {
        "name": "Saving model",
        "time": 2
      },
      {
        "name": "Scoring model",
        "time": 248
      },
      {
        "name": "Preparing explainability",
        "time": 503
      }
    ]
  },
  "startTime": 1670857225387,
  "endTime": 1670857227289,
  "preprocessingTime": 119,
  "trainingTime": 1783,
  "hyperparamsSearchTime": 1018,
  "pythonVersion": "3.6.8"
}