{
    "perTimeseriesMetrics": {
        "__single_timeseries_identifier": {
            "mse": 3.0772461538461546,
            "mase": 0.12358512358512357,
            "mape": 0.16446886446886447,
            "smape": 0.1807004960851115,
            "mae": 1.2415384615384615,
            "msis": 0.988680988680989
        }
    },
    "aggregatedMetrics": {
        "mse": 3.0772461538461546,
        "mape": 0.16446886446886447,
        "mase": 0.12358512358512355,
        "smape": 0.1807004960851115,
        "mae": 1.2415384615384615,
        "msis": 0.988680988680989,
        "rmse": 1.7542081272888217,
        "nd": 0.1875,
        "meanAbsoluteQuantileLoss": 14.622222222222222,
        "meanWeightedQuantileLoss": 0.18277777777777776
    }
}