{
  "type": "step_based",
  "name": "Compute",
  "active": false,
  "creationTag": {
    "versionNumber": 2,
    "lastModifiedBy": {
      "login": "jjorgenson"
    },
    "lastModifiedOn": 1675308896016
  },
  "versionTag": {
    "versionNumber": 3,
    "lastModifiedBy": {
      "login": "jjorgenson"
    },
    "lastModifiedOn": 1675460370167
  },
  "checklists": {
    "checklists": []
  },
  "delayedTriggersBehavior": {
    "delayWhileRunning": true,
    "squashDelayedTriggers": true,
    "suppressTriggersWhileRunning": true
  },
  "tags": [],
  "triggers": [],
  "reporters": [],
  "params": {
    "steps": [
      {
        "id": "build_2_true_d_elo_results",
        "type": "build_flowitem",
        "name": "Step #1",
        "runConditionType": "RUN_IF_STATUS_MATCH",
        "runConditionStatuses": [
          "SUCCESS",
          "WARNING"
        ],
        "runConditionExpression": "",
        "resetScenarioStatus": false,
        "delayBetweenRetries": 10,
        "maxRetriesOnFail": 0,
        "params": {
          "builds": [],
          "jobType": "RECURSIVE_FORCED_BUILD",
          "refreshHiveMetastore": true,
          "handleWarningsAs": "WARNING",
          "proceedOnFailure": false
        }
      }
    ]
  },
  "automationLocal": false,
  "customFields": {}
}