[
    {
        "test_score_gib": -0.3646039904083551,
        "train_score": null,
        "test_score": 0.3646039904083551,
        "num_samples": 1,
        "fit_time": 3582,
        "score_time": 20,
        "time": 3602,
        "parameters": {
            "batch_normalization": "true",
            "distr_output": "StudentTOutput",
            "learning_rate": 0.001,
            "mean_scaling": "true"
        },
        "done_at": 1697578765434,
        "split_id": 0
    },
    {
        "test_score_gib": -0.36293689696726505,
        "train_score": null,
        "test_score": 0.36293689696726505,
        "num_samples": 1,
        "fit_time": 3422,
        "score_time": 15,
        "time": 3437,
        "parameters": {
            "batch_normalization": "true",
            "distr_output": "StudentTOutput",
            "learning_rate": 0.001,
            "mean_scaling": "true"
        },
        "done_at": 1697578768875,
        "split_id": 1
    },
    {
        "test_score_gib": -0.6103000329673217,
        "train_score": null,
        "test_score": 0.6103000329673217,
        "num_samples": 1,
        "fit_time": 2727,
        "score_time": 16,
        "time": 2743,
        "parameters": {
            "batch_normalization": "true",
            "distr_output": "StudentTOutput",
            "learning_rate": 0.001,
            "mean_scaling": "true"
        },
        "done_at": 1697578771619,
        "split_id": 2
    },
    {
        "test_score_gib": -0.4122336277078876,
        "train_score": null,
        "test_score": 0.4122336277078876,
        "num_samples": 1,
        "fit_time": 2801,
        "score_time": 16,
        "time": 2817,
        "parameters": {
            "batch_normalization": "true",
            "distr_output": "StudentTOutput",
            "learning_rate": 0.01,
            "mean_scaling": "true"
        },
        "done_at": 1697578774439,
        "split_id": 0
    },
    {
        "test_score_gib": -0.4358629342040118,
        "train_score": null,
        "test_score": 0.4358629342040118,
        "num_samples": 1,
        "fit_time": 2628,
        "score_time": 16,
        "time": 2644,
        "parameters": {
            "batch_normalization": "true",
            "distr_output": "StudentTOutput",
            "learning_rate": 0.01,
            "mean_scaling": "true"
        },
        "done_at": 1697578777084,
        "split_id": 1
    },
    {
        "test_score_gib": -0.47995785099246124,
        "train_score": null,
        "test_score": 0.47995785099246124,
        "num_samples": 1,
        "fit_time": 2628,
        "score_time": 16,
        "time": 2644,
        "parameters": {
            "batch_normalization": "true",
            "distr_output": "StudentTOutput",
            "learning_rate": 0.01,
            "mean_scaling": "true"
        },
        "done_at": 1697578779730,
        "split_id": 2
    }
]