{
    "startedAt": 1697578761825,
    "gridSize": 2,
    "nThreads": 1,
    "nSplits": 3,
    "metric": "MAPE",
    "timeout": null,
    "gridPoints": [
        {
            "finishedAt": 1697578771619,
            "score": 0.4459469734476473,
            "testScoreGibMean": -0.4459469734476473,
            "testScoreMean": 0.4459469734476473,
            "testScoreStd": 0.11621715573369124,
            "trainScoreMean": null,
            "trainScoreStd": null,
            "time": 9782,
            "fitTimeMean": 3243.6666666666665,
            "fitTimeStd": 371.1319022785415,
            "scoreTimeMean": 17.0,
            "scoreTimeStd": 2.160246899469287,
            "parameters": {
                "batch_normalization": "true",
                "distr_output": "StudentTOutput",
                "learning_rate": 0.001,
                "mean_scaling": "true"
            }
        },
        {
            "finishedAt": 1697578779730,
            "score": 0.44268480430145357,
            "testScoreGibMean": -0.44268480430145357,
            "testScoreMean": 0.44268480430145357,
            "testScoreStd": 0.02806594660906671,
            "trainScoreMean": null,
            "trainScoreStd": null,
            "time": 8105,
            "fitTimeMean": 2685.6666666666665,
            "fitTimeStd": 81.55298209684848,
            "scoreTimeMean": 16.0,
            "scoreTimeStd": 0.0,
            "parameters": {
                "batch_normalization": "true",
                "distr_output": "StudentTOutput",
                "learning_rate": 0.01,
                "mean_scaling": "true"
            }
        }
    ]
}