{
    "usedGridSearch": true,
    "gridSize": 2,
    "gridBestScore": 0.44268480430145357,
    "gridCells": [
        {
            "params": {
                "batch_normalization": "true",
                "distr_output": "StudentTOutput",
                "learning_rate": 0.001,
                "mean_scaling": "true"
            },
            "score": 0.4459469734476473,
            "scoreStd": 0.11621715573369124,
            "fitTime": 3.2436666666666665,
            "fitTimeStd": 0.3711319022785415,
            "scoreTime": 0.017,
            "scoreTimeStd": 0.002160246899469287
        },
        {
            "params": {
                "batch_normalization": "true",
                "distr_output": "StudentTOutput",
                "learning_rate": 0.01,
                "mean_scaling": "true"
            },
            "score": 0.44268480430145357,
            "scoreStd": 0.02806594660906671,
            "fitTime": 2.6856666666666666,
            "fitTimeStd": 0.08155298209684848,
            "scoreTime": 0.016,
            "scoreTimeStd": 0.0
        }
    ],
    "modelInputNRows": 219,
    "modelInputNCols": 8,
    "modelInputIsSparse": false,
    "modelInputMemory": 14016,
    "totalNbOfTimeseries": 1,
    "minTimeseriesSizeForScoring": 26,
    "maxUsedTimestepsForScoring": 26
}