{
  "state": "DONE",
  "preSearchDescription": {
    "gridLength": 2,
    "searchStrategy": "GRID",
    "importantParams": [
      {
        "name": "Learning rate",
        "vals": [
          "0.001",
          "0.01"
        ]
      },
      {
        "name": "Output distribution",
        "vals": [
          "StudentTOutput"
        ]
      },
      {
        "name": "Batch normalization",
        "vals": [
          "true"
        ]
      },
      {
        "name": "Mean scaling",
        "vals": [
          "true"
        ]
      },
      {
        "name": "Hidden layer sizes",
        "val": "[40, 40]"
      }
    ]
  },
  "postSearchDescription": {
    "importantParams": [
      {
        "name": "Learning rate",
        "val": "0.01"
      },
      {
        "name": "Output distribution",
        "val": "StudentTOutput"
      },
      {
        "name": "Batch normalization",
        "val": "true"
      },
      {
        "name": "Mean scaling",
        "val": "true"
      },
      {
        "name": "Hidden layer sizes",
        "val": "[40, 40]"
      },
      {
        "name": "Epochs",
        "val": "10"
      }
    ]
  },
  "resumed": false,
  "timeOrderingEnabled": false,
  "sampleWeightsEnabled": false,
  "modelId": "m1",
  "progress": {
    "top_level_todo": [],
    "stack": [],
    "top_level_done": [
      {
        "name": "Loading source dataset",
        "time": 17
      },
      {
        "name": "Time series resampling",
        "time": 23
      },
      {
        "name": "Preparing splits",
        "time": 1
      },
      {
        "name": "Hyperparameter searching",
        "time": 18036
      },
      {
        "name": "Fitting folds",
        "time": 13146
      },
      {
        "name": "Fitting model on full data",
        "time": 2558
      },
      {
        "name": "Saving model",
        "time": 19
      },
      {
        "name": "Saving data",
        "time": 60
      }
    ]
  },
  "startTime": 1697578760397,
  "endTime": 1697578795654,
  "preprocessingTime": 1425,
  "trainingTime": 33832,
  "hyperparamsSearchTime": 18036,
  "pythonVersion": "3.7.17"
}