{
    "__full_timeseries_df": {
        "per_feature": {
            "WeekStartMMDD": {
                "stats": {}
            },
            "WeekEnd_Parse": {
                "stats": {}
            },
            "ChristmasStory_popularity": {
                "stats": {}
            },
            "ChristmasWeek": {
                "stats": {
                    "min": 1.0,
                    "average": 1.0,
                    "median": 1.0,
                    "max": 1.0,
                    "p99": 1.0,
                    "std": 0.0
                },
                "missing_impute_with_value": 0.0
            },
            "Week_Start_parsed": {
                "stats": {}
            },
            "DieHard_popularity": {
                "stats": {}
            },
            "Week_Start_parsed_year": {
                "stats": {}
            },
            "WeekEndMMDD": {
                "stats": {}
            }
        },
        "feature_order": [
            "WeekStartMMDD",
            "WeekEnd_Parse",
            "ChristmasStory_popularity",
            "ChristmasWeek",
            "Week_Start_parsed",
            "DieHard_popularity",
            "Week_Start_parsed_year",
            "WeekEndMMDD"
        ]
    }
}