{
  "params": {
    "ttPolicy": "SPLIT_SINGLE_DATASET",
    "ssdSplitMode": "RANDOM",
    "splitBeforePrepare": true,
    "ssdSelection": {
      "useMemTable": false,
      "filter": {
        "distinct": false,
        "enabled": false
      },
      "partitionSelectionMethod": "ALL",
      "latestPartitionsN": 1,
      "ordering": {
        "enabled": false,
        "rules": []
      },
      "samplingMethod": "COLUMN_ORDERED",
      "maxRecords": 100000,
      "targetRatio": 0.02,
      "column": "Week_Start_parsed",
      "ascending": false,
      "withinFirstN": -1,
      "maxReadUncompressedBytes": -1,
      "seed": 1337
    },
    "ssdTrainingRatio": 0.8,
    "ssdStratified": false,
    "ssdGrouped": false,
    "ssdSeed": 1337,
    "ssdColumn": "Week_Start_parsed",
    "testOnLargerValues": true,
    "streamAll": true,
    "kfold": true,
    "nFolds": 6,
    "instanceIdRefresher": 0,
    "subSamplingSeed": 1337
  },
  "generationDate": 1697577060793,
  "policyId": "type\u003dSPLIT_SINGLE_DATASET,streamAll\u003dtrue,kfold\u003dtrue,folds\u003d6,splitBeforePrepare\u003dtrue,ds\u003dTrain,sel\u003d(method\u003dcolumn-ordered,column\u003dWeek_Start_parsed,ascending\u003dfalse,records\u003d100000),r\u003d0.8,s\u003d1337",
  "instanceId": "0e375492fd68b5e93878284b0d635016-0",
  "format": "csv1",
  "schema": {
    "columns": [
      {"name":"Week_Start_parsed","type":"date"},
      {"name":"Week_Start_parsed_year","type":"bigint"},
      {"name":"WeekStartMMDD","type":"bigint"},
      {"name":"WeekEnd_Parse","type":"date"},
      {"name":"WeekEndMMDD","type":"bigint"},
      {"name":"ChristmasWeek","type":"bigint"},
      {"name":"ChristmasStory_popularity","type":"bigint"},
      {"name":"DieHard_popularity","type":"bigint"}
    ],
    "userModified": false
  },
  "fullPath": "full-0e375492fd68b5e93878284b0d635016-0.csv.gz",
  "trainRows": 0,
  "testRows": 0,
  "fullRows": 219
}