{
  "type": "Filesystem",
  "managed": true,
  "featureGroup": false,
  "formatType": "csv",
  "checklists": {
    "checklists": []
  },
  "checks": [],
  "customMeta": {
    "kv": {}
  },
  "flowOptions": {
    "virtualizable": false,
    "rebuildBehavior": "NORMAL",
    "crossProjectBuildBehavior": "DEFAULT"
  },
  "readWriteOptions": {
    "preserveOrder": false,
    "writeBuckets": 1,
    "forceSingleOutputFile": false,
    "defaultReadOrdering": {
      "enabled": false,
      "rules": []
    }
  },
  "formatParams": {
    "style": "excel",
    "charset": "utf8",
    "separator": "\t",
    "quoteChar": "\"",
    "escapeChar": "\\",
    "dateSerializationFormat": "ISO",
    "arrayMapFormat": "json",
    "hiveSeparators": [
      "\u0002",
      "\u0003",
      "\u0004",
      "\u0005",
      "\u0006",
      "\u0007",
      "\b"
    ],
    "skipRowsBeforeHeader": 0,
    "parseHeaderRow": false,
    "skipRowsAfterHeader": 0,
    "probableNumberOfRecords": 0,
    "normalizeBooleans": false,
    "normalizeDoubles": true,
    "readAdditionalColumnsBehavior": "INSERT_IN_DATA_WARNING",
    "readMissingColumnsBehavior": "DISCARD_SILENT",
    "readDataTypeMismatchBehavior": "DISCARD_WARNING",
    "writeDataTypeMismatchBehavior": "DISCARD_WARNING",
    "fileReadFailureBehavior": "FAIL",
    "compress": "gz"
  },
  "partitioning": {
    "ignoreNonMatchingFile": false,
    "considerMissingRequestedPartitionsAsEmpty": false,
    "dimensions": []
  },
  "versionTag": {
    "versionNumber": 3,
    "lastModifiedBy": {
      "login": "trevor"
    },
    "lastModifiedOn": 1671050738888
  },
  "creationTag": {
    "versionNumber": 0,
    "lastModifiedBy": {
      "login": "trevor"
    },
    "lastModifiedOn": 1670853097970
  },
  "tags": [],
  "params": {
    "connection": "filesystem_managed",
    "path": "${projectKey}/maintenance_by_Asset",
    "notReadyIfEmpty": false,
    "filesSelectionRules": {
      "mode": "ALL",
      "excludeRules": [],
      "includeRules": [],
      "explicitFiles": []
    }
  },
  "schema": {
    "columns": [
      {"name":"Asset","type":"string"},
      {"name":"R044_Quantity_sum","type":"int"},
      {"name":"R064_Quantity_sum","type":"int"},
      {"name":"R119_Quantity_sum","type":"int"},
      {"name":"R193_Quantity_sum","type":"int"},
      {"name":"R364_Quantity_sum","type":"int"},
      {"name":"R396_Quantity_sum","type":"int"},
      {"name":"R417_Quantity_sum","type":"int"},
      {"name":"R446_Quantity_sum","type":"int"},
      {"name":"R565_Quantity_sum","type":"int"},
      {"name":"R575_Quantity_sum","type":"int"},
      {"name":"R606_Quantity_sum","type":"int"},
      {"name":"R707_Quantity_sum","type":"int"},
      {"name":"R782_Quantity_sum","type":"int"},
      {"name":"R783_Quantity_sum","type":"int"}
    ],
    "userModified": true,
    "metadata": {
      "engineType": "DSS",
      "pivotElementsModalities": [
        {
          "pivotElement": {
            "keyColumns": [
              "Reason"
            ],
            "valueLimit": "NO_LIMIT",
            "topnLimit": 20,
            "minOccLimit": 0,
            "explicitValues": [],
            "globalCount": false,
            "valueColumns": [
              {
                "column": "Quantity",
                "type": "int",
                "min": false,
                "max": false,
                "count": false,
                "countDistinct": false,
                "sum": true,
                "concat": false,
                "stddev": false,
                "avg": false,
                "sum2": false,
                "first": false,
                "last": false,
                "concatDistinct": false,
                "firstLastNotNull": false
              }
            ]
          },
          "pivotedModalities": [
            {
              "keyValues": [
                "R044"
              ],
              "name": "R044",
              "valueColumns": [
                {
                  "source": "Quantity",
                  "pivoted": "R044_Quantity"
                }
              ]
            },
            {
              "keyValues": [
                "R064"
              ],
              "name": "R064",
              "valueColumns": [
                {
                  "source": "Quantity",
                  "pivoted": "R064_Quantity"
                }
              ]
            },
            {
              "keyValues": [
                "R119"
              ],
              "name": "R119",
              "valueColumns": [
                {
                  "source": "Quantity",
                  "pivoted": "R119_Quantity"
                }
              ]
            },
            {
              "keyValues": [
                "R193"
              ],
              "name": "R193",
              "valueColumns": [
                {
                  "source": "Quantity",
                  "pivoted": "R193_Quantity"
                }
              ]
            },
            {
              "keyValues": [
                "R364"
              ],
              "name": "R364",
              "valueColumns": [
                {
                  "source": "Quantity",
                  "pivoted": "R364_Quantity"
                }
              ]
            },
            {
              "keyValues": [
                "R396"
              ],
              "name": "R396",
              "valueColumns": [
                {
                  "source": "Quantity",
                  "pivoted": "R396_Quantity"
                }
              ]
            },
            {
              "keyValues": [
                "R417"
              ],
              "name": "R417",
              "valueColumns": [
                {
                  "source": "Quantity",
                  "pivoted": "R417_Quantity"
                }
              ]
            },
            {
              "keyValues": [
                "R446"
              ],
              "name": "R446",
              "valueColumns": [
                {
                  "source": "Quantity",
                  "pivoted": "R446_Quantity"
                }
              ]
            },
            {
              "keyValues": [
                "R565"
              ],
              "name": "R565",
              "valueColumns": [
                {
                  "source": "Quantity",
                  "pivoted": "R565_Quantity"
                }
              ]
            },
            {
              "keyValues": [
                "R575"
              ],
              "name": "R575",
              "valueColumns": [
                {
                  "source": "Quantity",
                  "pivoted": "R575_Quantity"
                }
              ]
            },
            {
              "keyValues": [
                "R606"
              ],
              "name": "R606",
              "valueColumns": [
                {
                  "source": "Quantity",
                  "pivoted": "R606_Quantity"
                }
              ]
            },
            {
              "keyValues": [
                "R707"
              ],
              "name": "R707",
              "valueColumns": [
                {
                  "source": "Quantity",
                  "pivoted": "R707_Quantity"
                }
              ]
            },
            {
              "keyValues": [
                "R782"
              ],
              "name": "R782",
              "valueColumns": [
                {
                  "source": "Quantity",
                  "pivoted": "R782_Quantity"
                }
              ]
            },
            {
              "keyValues": [
                "R783"
              ],
              "name": "R783",
              "valueColumns": [
                {
                  "source": "Quantity",
                  "pivoted": "R783_Quantity"
                }
              ]
            }
          ]
        }
      ]
    }
  },
  "dkuProperties": [],
  "metrics": {
    "probes": [
      {
        "type": "basic",
        "enabled": true,
        "computeOnBuildMode": "PARTITION",
        "meta": {
          "name": "Basic data",
          "level": 0
        },
        "configuration": {}
      },
      {
        "type": "records",
        "enabled": true,
        "computeOnBuildMode": "NO",
        "meta": {
          "name": "Record count",
          "level": 0
        },
        "configuration": {}
      }
    ],
    "engineConfig": {
      "padRunsWithMetrics": false,
      "hive": {
        "active": true,
        "extraConf": []
      },
      "basic": {},
      "dss": {
        "active": true,
        "selection": {
          "useMemTable": false,
          "filter": {
            "distinct": false,
            "enabled": false
          },
          "partitionSelectionMethod": "ALL",
          "latestPartitionsN": 1,
          "ordering": {
            "enabled": false,
            "rules": []
          },
          "samplingMethod": "FULL",
          "maxRecords": -1,
          "targetRatio": 0.02,
          "withinFirstN": -1,
          "maxReadUncompressedBytes": -1
        }
      },
      "sql": {
        "active": true
      },
      "impala": {
        "active": true
      },
      "spark": {
        "active": true,
        "extraConf": []
      },
      "python": {}
    },
    "displayedState": {
      "columns": [],
      "metrics": [
        "basic:COUNT_COLUMNS",
        "basic:COUNT_FILES",
        "basic:SIZE",
        "records:COUNT_RECORDS"
      ]
    }
  },
  "metricsChecks": {
    "runOnBuild": false,
    "checks": [],
    "displayedState": {
      "checks": []
    }
  },
  "customFields": {}
}