{
    "perTimeseriesMetrics": {
        "__single_timeseries_identifier": {
            "mse": 156.07692307692307,
            "mase": 0.787645823090332,
            "mape": 0.3641140039908785,
            "smape": 0.31326588540413514,
            "mae": 6.846153846153846,
            "msis": 7.8764582309033235
        }
    },
    "aggregatedMetrics": {
        "mse": 156.07692307692307,
        "mape": 0.3641140039908785,
        "mase": 0.787645823090332,
        "smape": 0.31326588540413514,
        "mae": 6.846153846153846,
        "msis": 7.8764582309033235,
        "rmse": 12.493075004854612,
        "nd": 0.3423076923076923,
        "meanAbsoluteQuantileLoss": 89.0,
        "meanWeightedQuantileLoss": 0.3423076923076923
    }
}