{
    "perTimeseriesMetrics": {
        "__single_timeseries_identifier": {
            "mse": 592.1370230769231,
            "mase": 1.7686237099991327,
            "mape": 0.565443882568505,
            "smape": 0.7463499057522145,
            "mae": 15.613076923076921,
            "msis": 15.85508628913364
        }
    },
    "aggregatedMetrics": {
        "mse": 592.1370230769231,
        "mape": 0.565443882568505,
        "mase": 1.7686237099991327,
        "smape": 0.7463499057522145,
        "mae": 15.613076923076921,
        "msis": 15.85508628913364,
        "rmse": 24.333865765162,
        "nd": 0.7615384615384615,
        "meanAbsoluteQuantileLoss": 187.95555555555555,
        "meanWeightedQuantileLoss": 0.7229059829059828
    }
}