{
    "startedAt": 1697577066509,
    "gridSize": 3,
    "nThreads": 1,
    "nSplits": 3,
    "metric": "MAPE",
    "timeout": null,
    "gridPoints": [
        {
            "finishedAt": 1697577066605,
            "score": 0.25308302808302807,
            "testScoreGibMean": -0.25308302808302807,
            "testScoreMean": 0.25308302808302807,
            "testScoreStd": 0.05787499098228493,
            "trainScoreMean": null,
            "trainScoreStd": null,
            "time": 90,
            "fitTimeMean": 0.3333333333333333,
            "fitTimeStd": 0.4714045207910317,
            "scoreTimeMean": 29.666666666666668,
            "scoreTimeStd": 0.9428090415820634,
            "parameters": {
                "exp_kernel_weights": 0.5,
                "feature_scale": 1000.0,
                "kernel_type": "exponential"
            }
        },
        {
            "finishedAt": 1697577066703,
            "score": 0.288980463980464,
            "testScoreGibMean": -0.288980463980464,
            "testScoreMean": 0.288980463980464,
            "testScoreStd": 0.06713390442437776,
            "trainScoreMean": null,
            "trainScoreStd": null,
            "time": 91,
            "fitTimeMean": 0.0,
            "fitTimeStd": 0.0,
            "scoreTimeMean": 30.333333333333332,
            "scoreTimeStd": 0.4714045207910317,
            "parameters": {
                "exp_kernel_weights": 1.0,
                "feature_scale": 1000.0,
                "kernel_type": "exponential"
            }
        },
        {
            "finishedAt": 1697577066798,
            "score": 0.30457875457875455,
            "testScoreGibMean": -0.30457875457875455,
            "testScoreMean": 0.30457875457875455,
            "testScoreStd": 0.044537013314479505,
            "trainScoreMean": null,
            "trainScoreStd": null,
            "time": 89,
            "fitTimeMean": 0.0,
            "fitTimeStd": 0.0,
            "scoreTimeMean": 29.666666666666668,
            "scoreTimeStd": 0.4714045207910317,
            "parameters": {
                "exp_kernel_weights": 2.0,
                "feature_scale": 1000.0,
                "kernel_type": "exponential"
            }
        }
    ]
}