[
    {
        "test_score_gib": -0.23223443223443227,
        "train_score": null,
        "test_score": 0.23223443223443227,
        "num_samples": 1,
        "fit_time": 1,
        "score_time": 29,
        "time": 30,
        "parameters": {
            "exp_kernel_weights": 0.5,
            "feature_scale": 1000.0,
            "kernel_type": "exponential"
        },
        "done_at": 1697577066541,
        "split_id": 0
    },
    {
        "test_score_gib": -0.19496336996336996,
        "train_score": null,
        "test_score": 0.19496336996336996,
        "num_samples": 1,
        "fit_time": 0,
        "score_time": 29,
        "time": 29,
        "parameters": {
            "exp_kernel_weights": 0.5,
            "feature_scale": 1000.0,
            "kernel_type": "exponential"
        },
        "done_at": 1697577066572,
        "split_id": 1
    },
    {
        "test_score_gib": -0.33205128205128204,
        "train_score": null,
        "test_score": 0.33205128205128204,
        "num_samples": 1,
        "fit_time": 0,
        "score_time": 31,
        "time": 31,
        "parameters": {
            "exp_kernel_weights": 0.5,
            "feature_scale": 1000.0,
            "kernel_type": "exponential"
        },
        "done_at": 1697577066605,
        "split_id": 2
    },
    {
        "test_score_gib": -0.32454212454212455,
        "train_score": null,
        "test_score": 0.32454212454212455,
        "num_samples": 1,
        "fit_time": 0,
        "score_time": 30,
        "time": 30,
        "parameters": {
            "exp_kernel_weights": 1.0,
            "feature_scale": 1000.0,
            "kernel_type": "exponential"
        },
        "done_at": 1697577066639,
        "split_id": 0
    },
    {
        "test_score_gib": -0.19496336996336996,
        "train_score": null,
        "test_score": 0.19496336996336996,
        "num_samples": 1,
        "fit_time": 0,
        "score_time": 30,
        "time": 30,
        "parameters": {
            "exp_kernel_weights": 1.0,
            "feature_scale": 1000.0,
            "kernel_type": "exponential"
        },
        "done_at": 1697577066670,
        "split_id": 1
    },
    {
        "test_score_gib": -0.3474358974358974,
        "train_score": null,
        "test_score": 0.3474358974358974,
        "num_samples": 1,
        "fit_time": 0,
        "score_time": 31,
        "time": 31,
        "parameters": {
            "exp_kernel_weights": 1.0,
            "feature_scale": 1000.0,
            "kernel_type": "exponential"
        },
        "done_at": 1697577066703,
        "split_id": 2
    },
    {
        "test_score_gib": -0.3399267399267399,
        "train_score": null,
        "test_score": 0.3399267399267399,
        "num_samples": 1,
        "fit_time": 0,
        "score_time": 29,
        "time": 29,
        "parameters": {
            "exp_kernel_weights": 2.0,
            "feature_scale": 1000.0,
            "kernel_type": "exponential"
        },
        "done_at": 1697577066734,
        "split_id": 0
    },
    {
        "test_score_gib": -0.24175824175824176,
        "train_score": null,
        "test_score": 0.24175824175824176,
        "num_samples": 1,
        "fit_time": 0,
        "score_time": 30,
        "time": 30,
        "parameters": {
            "exp_kernel_weights": 2.0,
            "feature_scale": 1000.0,
            "kernel_type": "exponential"
        },
        "done_at": 1697577066765,
        "split_id": 1
    },
    {
        "test_score_gib": -0.33205128205128204,
        "train_score": null,
        "test_score": 0.33205128205128204,
        "num_samples": 1,
        "fit_time": 0,
        "score_time": 30,
        "time": 30,
        "parameters": {
            "exp_kernel_weights": 2.0,
            "feature_scale": 1000.0,
            "kernel_type": "exponential"
        },
        "done_at": 1697577066798,
        "split_id": 2
    }
]