{
    "usedGridSearch": true,
    "gridSize": 3,
    "gridBestScore": 0.25308302808302807,
    "gridCells": [
        {
            "params": {
                "exp_kernel_weights": 0.5,
                "feature_scale": 1000.0,
                "kernel_type": "exponential"
            },
            "score": 0.25308302808302807,
            "scoreStd": 0.05787499098228493,
            "fitTime": 0.0003333333333333333,
            "fitTimeStd": 0.0004714045207910317,
            "scoreTime": 0.029666666666666668,
            "scoreTimeStd": 0.0009428090415820634
        },
        {
            "params": {
                "exp_kernel_weights": 1.0,
                "feature_scale": 1000.0,
                "kernel_type": "exponential"
            },
            "score": 0.288980463980464,
            "scoreStd": 0.06713390442437776,
            "fitTime": 0.0,
            "fitTimeStd": 0.0,
            "scoreTime": 0.030333333333333334,
            "scoreTimeStd": 0.0004714045207910317
        },
        {
            "params": {
                "exp_kernel_weights": 2.0,
                "feature_scale": 1000.0,
                "kernel_type": "exponential"
            },
            "score": 0.30457875457875455,
            "scoreStd": 0.044537013314479505,
            "fitTime": 0.0,
            "fitTimeStd": 0.0,
            "scoreTime": 0.029666666666666668,
            "scoreTimeStd": 0.0004714045207910317
        }
    ],
    "modelInputNRows": 219,
    "modelInputNCols": 8,
    "modelInputIsSparse": false,
    "modelInputMemory": 14016,
    "totalNbOfTimeseries": 1,
    "minTimeseriesSizeForScoring": 13,
    "maxUsedTimestepsForScoring": 1100
}