{
  "algorithm": "GLUONTS_NPTS_FORECASTER",
  "gluonts_npts_timeseries_grid": {
    "context_length": {
      "gridMode": "EXPLICIT",
      "randomMode": "RANGE",
      "limit": {
        "min": 1
      },
      "values": [
        1100
      ],
      "range": {
        "min": 10,
        "max": 20,
        "nbValues": 3,
        "scaling": "LINEAR"
      }
    },
    "kernel_type": {
      "values": {
        "exponential": {
          "enabled": true
        },
        "uniform": {
          "enabled": false
        }
      }
    },
    "exp_kernel_weights": {
      "gridMode": "EXPLICIT",
      "randomMode": "RANGE",
      "limit": {
        "min": 1.0E-23
      },
      "values": [
        0.5,
        1.0,
        2.0
      ],
      "range": {
        "min": 0.1,
        "max": 10.0,
        "nbValues": 3,
        "scaling": "LINEAR"
      }
    },
    "feature_scale": {
      "gridMode": "EXPLICIT",
      "randomMode": "RANGE",
      "limit": {
        "min": 1.0E-23
      },
      "values": [
        1000.0
      ],
      "range": {
        "min": 0.1,
        "max": 10000.0,
        "nbValues": 3,
        "scaling": "LINEAR"
      }
    },
    "full_context": true,
    "use_seasonal_model": true,
    "use_default_time_features": true,
    "seed": 1337,
    "enabled": true
  },
  "max_ensemble_nodes_serialized": 0,
  "metrics": {
    "customMetrics": [],
    "evaluationMetric": "MAPE",
    "customEvaluationMetricGIB": true,
    "customEvaluationMetricNeedsProba": false,
    "costMatrixWeights": {
      "tpGain": 1.0,
      "tnGain": 0.0,
      "fpGain": -0.3,
      "fnGain": 0.0
    },
    "liftPoint": 0.4,
    "netUpliftPoint": 0.5
  },
  "autoOptimizeThreshold": true,
  "forcedClassifierThreshold": 0.0,
  "gridLength": 3,
  "grid_search_params": {
    "mode": "TIME_SERIES_KFOLD",
    "splitRatio": 0.8,
    "shuffleIterations": 1,
    "nFolds": 3,
    "cvSeed": 1337,
    "stratified": true,
    "grouped": false,
    "strategy": "GRID",
    "bayesianOptimizer": "SCIKIT_OPTIMIZE",
    "randomized": true,
    "seed": 1337,
    "nIter": 0,
    "nIterRandom": 3,
    "timeout": 0,
    "nJobs": 1,
    "distributed": false,
    "nContainers": 4,
    "foldOffset": false
  },
  "pluginAlgoCustomGridSearch": false,
  "computeLearningCurves": false,
  "skipExpensiveReports": false,
  "propensityModeling": {
    "enabled": false,
    "calibrateProbabilities": false,
    "calibrationDataRatio": 0.1
  }
}