{
    "perTimeseriesMetrics": {
        "__single_timeseries_identifier": {
            "mse": 3.3076923076923075,
            "mase": 0.15575376366261082,
            "mape": 0.2561660561660562,
            "smape": 0.24671439671439666,
            "mae": 1.4615384615384615,
            "msis": 1.5575376366261084
        }
    },
    "aggregatedMetrics": {
        "mse": 3.3076923076923075,
        "mape": 0.2561660561660562,
        "mase": 0.1557537636626108,
        "smape": 0.24671439671439666,
        "mae": 1.4615384615384615,
        "msis": 1.5575376366261084,
        "rmse": 1.8187062180825984,
        "nd": 0.24675324675324675,
        "meanAbsoluteQuantileLoss": 19.0,
        "meanWeightedQuantileLoss": 0.24675324675324675
    }
}