{
    "perTimeseriesMetrics": {
        "__single_timeseries_identifier": {
            "mse": 7.769230769230769,
            "mase": 0.2408026755852843,
            "mape": 0.2804778554778554,
            "smape": 0.30493940448691575,
            "mae": 2.076923076923077,
            "msis": 2.4080267558528434
        }
    },
    "aggregatedMetrics": {
        "mse": 7.769230769230769,
        "mape": 0.2804778554778554,
        "mase": 0.2408026755852843,
        "smape": 0.30493940448691575,
        "mae": 2.076923076923077,
        "msis": 2.4080267558528434,
        "rmse": 2.7873339895374523,
        "nd": 0.313953488372093,
        "meanAbsoluteQuantileLoss": 27.0,
        "meanWeightedQuantileLoss": 0.313953488372093
    }
}