{
  "name": "NFL forecasting",
  "color": "#087ABF",
  "items": [
    {
      "objectId": "compute_elo_results_7",
      "objectType": "RECIPE"
    },
    {
      "objectId": "compute_nfl_scores_7",
      "objectType": "RECIPE"
    },
    {
      "objectId": "spreadspoke_scores",
      "objectType": "DATASET"
    },
    {
      "objectId": "nfl_scores",
      "objectType": "DATASET"
    },
    {
      "objectId": "elo_results",
      "objectType": "DATASET"
    },
    {
      "objectId": "upcoming_game_probabilities",
      "objectType": "DATASET"
    }
  ],
  "shared": [],
  "tags": [],
  "customFields": {},
  "checklists": {
    "checklists": []
  }
}