[
    {
        "test_score_gib": 0.8033751962323391,
        "train_score": 0.9480523313004132,
        "test_score": 0.8033751962323391,
        "num_samples": 261,
        "fit_time": 711,
        "score_time": 175,
        "time": 886,
        "parameters": {
            "max_depth": 6,
            "max_features": "auto",
            "min_samples_leaf": 1,
            "n_estimators": 100,
            "min_samples_split": 3
        },
        "done_at": 1671051178871,
        "split_id": 0
    },
    {
        "test_score_gib": 0.7952904238618524,
        "train_score": 0.9507131615187882,
        "test_score": 0.7952904238618524,
        "num_samples": 261,
        "fit_time": 635,
        "score_time": 28,
        "time": 663,
        "parameters": {
            "max_depth": 6,
            "max_features": "auto",
            "min_samples_leaf": 1,
            "n_estimators": 100,
            "min_samples_split": 3
        },
        "done_at": 1671051178650,
        "split_id": 1
    },
    {
        "test_score_gib": 0.7983516483516484,
        "train_score": 0.9417224080267558,
        "test_score": 0.7983516483516484,
        "num_samples": 261,
        "fit_time": 686,
        "score_time": 240,
        "time": 926,
        "parameters": {
            "max_depth": 6,
            "max_features": "auto",
            "min_samples_leaf": 1,
            "n_estimators": 100,
            "min_samples_split": 3
        },
        "done_at": 1671051178935,
        "split_id": 2
    },
    {
        "test_score_gib": 0.7905325443786982,
        "train_score": 0.9539542194714609,
        "test_score": 0.7905325443786982,
        "num_samples": 260,
        "fit_time": 644,
        "score_time": 254,
        "time": 898,
        "parameters": {
            "max_depth": 6,
            "max_features": "auto",
            "min_samples_leaf": 1,
            "n_estimators": 100,
            "min_samples_split": 3
        },
        "done_at": 1671051178932,
        "split_id": 3
    },
    {
        "test_score_gib": 0.7451676528599607,
        "train_score": 0.9476667649081443,
        "test_score": 0.7451676528599607,
        "num_samples": 260,
        "fit_time": 560,
        "score_time": 230,
        "time": 790,
        "parameters": {
            "max_depth": 6,
            "max_features": "auto",
            "min_samples_leaf": 1,
            "n_estimators": 100,
            "min_samples_split": 3
        },
        "done_at": 1671051179441,
        "split_id": 4
    },
    {
        "test_score_gib": 0.7930141287284145,
        "train_score": 0.9999754082234901,
        "test_score": 0.7930141287284145,
        "num_samples": 261,
        "fit_time": 560,
        "score_time": 171,
        "time": 731,
        "parameters": {
            "max_depth": 14,
            "max_features": "auto",
            "min_samples_leaf": 1,
            "n_estimators": 100,
            "min_samples_split": 3
        },
        "done_at": 1671051179604,
        "split_id": 0
    },
    {
        "test_score_gib": 0.7905023547880691,
        "train_score": 1.0,
        "test_score": 0.7905023547880691,
        "num_samples": 261,
        "fit_time": 599,
        "score_time": 244,
        "time": 843,
        "parameters": {
            "max_depth": 14,
            "max_features": "auto",
            "min_samples_leaf": 1,
            "n_estimators": 100,
            "min_samples_split": 3
        },
        "done_at": 1671051179778,
        "split_id": 1
    },
    {
        "test_score_gib": 0.7930926216640503,
        "train_score": 1.0,
        "test_score": 0.7930926216640503,
        "num_samples": 261,
        "fit_time": 597,
        "score_time": 256,
        "time": 853,
        "parameters": {
            "max_depth": 14,
            "max_features": "auto",
            "min_samples_leaf": 1,
            "n_estimators": 100,
            "min_samples_split": 3
        },
        "done_at": 1671051179792,
        "split_id": 2
    },
    {
        "test_score_gib": 0.7947140039447731,
        "train_score": 0.9999950879261224,
        "test_score": 0.7947140039447731,
        "num_samples": 260,
        "fit_time": 445,
        "score_time": 29,
        "time": 474,
        "parameters": {
            "max_depth": 14,
            "max_features": "auto",
            "min_samples_leaf": 1,
            "n_estimators": 100,
            "min_samples_split": 3
        },
        "done_at": 1671051179917,
        "split_id": 3
    },
    {
        "test_score_gib": 0.7544773175542405,
        "train_score": 0.9998035170448963,
        "test_score": 0.7544773175542405,
        "num_samples": 260,
        "fit_time": 253,
        "score_time": 29,
        "time": 282,
        "parameters": {
            "max_depth": 14,
            "max_features": "auto",
            "min_samples_leaf": 1,
            "n_estimators": 100,
            "min_samples_split": 3
        },
        "done_at": 1671051179888,
        "split_id": 4
    }
]