{
    "startedAt": 1671051177981,
    "gridSize": 2,
    "nThreads": 4,
    "nSplits": 5,
    "metric": "ROC_AUC",
    "timeout": null,
    "gridPoints": [
        {
            "finishedAt": 1671051179441,
            "score": 0.7865721859911095,
            "testScoreGibMean": 0.7865721859911095,
            "testScoreMean": 0.7865721859911095,
            "testScoreStd": 0.021089827948882086,
            "trainScoreMean": 0.9484181105598558,
            "trainScoreStd": 0.004036130525491438,
            "time": 4163,
            "fitTimeMean": 647.2,
            "fitTimeStd": 51.65036301905341,
            "scoreTimeMean": 185.4,
            "scoreTimeStd": 83.13747650728881,
            "parameters": {
                "max_depth": 6,
                "max_features": "auto",
                "min_samples_leaf": 1,
                "n_estimators": 100,
                "min_samples_split": 3
            }
        },
        {
            "finishedAt": 1671051179917,
            "score": 0.7851763008763337,
            "testScoreGibMean": 0.7851763008763337,
            "testScoreMean": 0.7851763008763337,
            "testScoreStd": 0.015386465762455217,
            "trainScoreMean": 0.9999548878271648,
            "trainScoreStd": 7.611948893708568e-05,
            "time": 3183,
            "fitTimeMean": 490.8,
            "fitTimeStd": 131.4692359451442,
            "scoreTimeMean": 145.8,
            "scoreTimeStd": 99.70636890389702,
            "parameters": {
                "max_depth": 14,
                "max_features": "auto",
                "min_samples_leaf": 1,
                "n_estimators": 100,
                "min_samples_split": 3
            }
        }
    ]
}