{
    "modelInputNRows": 1303,
    "modelInputNCols": 20,
    "modelInputIsSparse": false,
    "modelInputMemory": 208480,
    "usedGridSearch": true,
    "gridSize": 2,
    "gridBestScore": 0.7865721859911095,
    "gridCells": [
        {
            "params": {
                "max_depth": 6,
                "max_features": "auto",
                "min_samples_leaf": 1,
                "n_estimators": 100,
                "min_samples_split": 3
            },
            "score": 0.7865721859911095,
            "scoreStd": 0.021089827948882086,
            "fitTime": 0.6472,
            "fitTimeStd": 0.05165036301905341,
            "scoreTime": 0.1854,
            "scoreTimeStd": 0.08313747650728881
        },
        {
            "params": {
                "max_depth": 14,
                "max_features": "auto",
                "min_samples_leaf": 1,
                "n_estimators": 100,
                "min_samples_split": 3
            },
            "score": 0.7851763008763337,
            "scoreStd": 0.015386465762455217,
            "fitTime": 0.4908,
            "fitTimeStd": 0.1314692359451442,
            "scoreTime": 0.1458,
            "scoreTimeStd": 0.09970636890389702
        }
    ],
    "rawImportance": {
        "variables": [
            "R606_Quantity_sum",
            "distance",
            "R119_Quantity_sum",
            "R417_Quantity_sum",
            "R575_Quantity_sum",
            "R446_Quantity_sum",
            "R044_Quantity_sum",
            "R193_Quantity_sum",
            "R565_Quantity_sum",
            "age_intial",
            "time_in_service",
            "R707_Quantity_sum",
            "R364_Quantity_sum",
            "R783_Quantity_sum",
            "distance_last_known",
            "age_last_known",
            "times_measured",
            "distance_initial"
        ],
        "importances": [
            0.0041229830310732405,
            0.134327202469156,
            0.016680408198989125,
            0.018558222777878604,
            0.006142828154770191,
            0.061207358449696735,
            0.010080351584135663,
            0.17929694424976247,
            0.02943684946094831,
            0.05484274495904403,
            0.05266404981029539,
            0.06451148996249831,
            0.025197479108608024,
            0.022862217112525448,
            0.12998885586809467,
            0.05944581975943233,
            0.056004085922837364,
            0.07463010912025415
        ]
    },
    "probaAware": true
}