{
  "state": "DONE",
  "postSearchDescription": {
    "importantParams": [
      {
        "name": "trees",
        "val": "100"
      },
      {
        "name": "depth",
        "val": "6"
      },
      {
        "name": "min_samples",
        "val": "1"
      }
    ]
  },
  "resumed": false,
  "timeOrderingEnabled": false,
  "sampleWeightsEnabled": false,
  "progress": {
    "top_level_todo": [],
    "stack": [],
    "top_level_done": [
      {
        "name": "Loading train set",
        "time": 16
      },
      {
        "name": "Loading test set",
        "time": 9
      },
      {
        "name": "Collecting preprocessing data",
        "time": 29
      },
      {
        "name": "Preprocessing train set",
        "time": 55
      },
      {
        "name": "Preprocessing test set",
        "time": 28
      },
      {
        "name": "Hyperparameter searching",
        "time": 2036
      },
      {
        "name": "Fitting model",
        "time": 357
      },
      {
        "name": "Saving model",
        "time": 45
      },
      {
        "name": "Scoring model",
        "time": 810
      },
      {
        "name": "Preparing explainability",
        "time": 213
      }
    ]
  },
  "startTime": 1671051177824,
  "endTime": 1671051181423,
  "preprocessingTime": 0,
  "trainingTime": 3599,
  "hyperparamsSearchTime": 2036,
  "pythonVersion": "3.6.8"
}