{
    "card_fico_score": {
        "distribution": [
            0.10371533228676086,
            0.10695970695970695,
            0.10512820512820513,
            0.1043432757718472,
            0.10617477760334904,
            0.10460491889063317,
            0.10413396127681843,
            0.10669806384092098,
            0.1043432757718472,
            0.05389848246991104
        ],
        "scale": [
            342.5,
            389.0,
            442.0,
            500.0,
            564.5,
            633.0,
            694.5,
            748.5,
            800.0,
            837.5
        ]
    },
    "item_category": {
        "distribution": [
            0.322978892871366,
            0.2911190760653126,
            0.19324970131421745,
            0.19265232974910393
        ],
        "scale": [
            "D",
            "A",
            "C",
            "B"
        ]
    },
    "card_state": {
        "distribution": [
            0.34025598884406594,
            0.17216992878131382,
            0.15927088002390558,
            0.15185019174261669,
            0.15180038846556104,
            0.012849245480352609,
            0.003984262164450421,
            0.003984262164450421,
            0.0031376064545047067,
            0.0006972458787788237
        ],
        "scale": [
            "New York",
            "Pennsylvania",
            "Connecticut",
            "New Hampshire",
            "Massachusetts",
            "Maine",
            "Vermont",
            "Maryland",
            "New Jersey",
            "Delaware"
        ]
    },
    "signature_provided": {
        "distribution": [
            0.8114794902429311,
            0.1885205097570689
        ],
        "scale": [
            0.0,
            1.0
        ]
    },
    "purchase_dow": {
        "distribution": [
            0.16736360015929908,
            0.15486857825567504,
            0.14974113898845082,
            0.14665471923536438,
            0.1363500597371565,
            0.1330147351652728,
            0.11200716845878136
        ],
        "scale": [
            6.0,
            4.0,
            5.0,
            3.0,
            2.0,
            1.0,
            7.0
        ]
    },
    "card_age": {
        "distribution": [
            0.09872283448346894,
            0.10536615511381192,
            0.11504789370686991,
            0.09583891234936656,
            0.1130909465444433,
            0.10356370377999793,
            0.1048511690184365,
            0.10696261200947574,
            0.10371819960861056,
            0.05283757338551859
        ],
        "scale": [
            22.0,
            26.0,
            30.5,
            35.5,
            41.0,
            47.5,
            55.0,
            64.5,
            78.5,
            93.5
        ]
    },
    "merchant_cardholder_distance": {
        "distribution": [
            0.10376420082718182,
            0.1033977278676509,
            0.10371184754724884,
            0.10371184754724884,
            0.10334537458771792,
            0.10386890738704779,
            0.10360714098738286,
            0.10360714098738286,
            0.10365949426731584,
            0.051777393853724936,
            0.015548924140097377
        ],
        "scale": [
            27.486200000000007,
            58.5412,
            67.935,
            88.2122,
            111.0722,
            138.4334,
            243.68740000000003,
            359.0036,
            431.24480000000005,
            611.7902,
            "__DKU_N/A__"
        ]
    },
    "purchase_weekend": {
        "distribution": [
            0.7206292313819196,
            0.27937076861808047
        ],
        "scale": [
            0.0,
            1.0
        ]
    },
    "days_active": {
        "distribution": [
            0.10675449602676704,
            0.1025198661647846,
            0.10549979088247595,
            0.10549979088247595,
            0.10607486407360937,
            0.1059703053115851,
            0.10414052697616061,
            0.10544751150146382,
            0.10544751150146382,
            0.05264533667921372
        ],
        "scale": [
            37.0,
            67.5,
            100.5,
            138.0,
            180.5,
            230.5,
            296.0,
            397.0,
            615.0,
            1417.5
        ]
    },
    "merchant_subsector_description": {
        "distribution": [
            0.18707763309708256,
            0.17224328333608044,
            0.16334267347947914,
            0.1588923685511785,
            0.10757650678534146,
            0.04851381792209219,
            0.04851381792209219,
            0.04736003516290314,
            0.0460414262952585,
            0.020438437448491838
        ],
        "scale": [
            "gas",
            "consumer electronics",
            "internet",
            "luxury goods",
            "insurance",
            "restaurant/dining",
            "groceries",
            "entertainment",
            "gym",
            "carpentry"
        ]
    },
    "purchase_amount": {
        "distribution": [
            0.10947115886095754,
            0.08928757692708876,
            0.11114008553249191,
            0.11280901220402628,
            0.10582038176697611,
            0.09507666631897362,
            0.11447793887556065,
            0.10477730259726713,
            0.10477730259726713,
            0.05236257431939084
        ],
        "scale": [
            17.622600000000002,
            28.8576,
            42.425,
            62.485,
            90.41455000000002,
            134.54955,
            203.17075000000045,
            304.1609000000007,
            603.8710500000004,
            18589.9859
        ]
    },
    "card_reward_program": {
        "distribution": [
            0.6026981282357626,
            0.20385304659498207,
            0.19344882516925527
        ],
        "scale": [
            "cash_back",
            "travel",
            "dining_entertainment"
        ]
    },
    "merchant_state": {
        "distribution": [
            0.3077076378855064,
            0.1966020626774949,
            0.16371879826615515,
            0.15415275771012904,
            0.14070051317821733,
            0.014797468985102886,
            0.012804543869264112,
            0.00498231278959693,
            0.0029893876737581587,
            0.0015445169647750484
        ],
        "scale": [
            "New York",
            "Massachusetts",
            "New Hampshire",
            "Pennsylvania",
            "Connecticut",
            "__DKU_N/A__",
            "Maine",
            "Vermont",
            "Maryland",
            "New Jersey"
        ]
    }
}