{
  "trainedWithDSSVersion": "9.0.4",
  "backend": "PY_MEMORY",
  "isValid": true,
  "type": "BINARY_PROBABILISTIC",
  "algorithm_name": "FOREST_CLASSIFIER",
  "columns": [
    "card_fico_score",
    "signature_provided",
    "purchase_dow",
    "card_age",
    "merchant_cardholder_distance",
    "purchase_weekend",
    "days_active",
    "purchase_amount",
    "dummy:item_category:D",
    "dummy:item_category:A",
    "dummy:item_category:B",
    "dummy:item_category:C",
    "dummy:item_category:N/A",
    "dummy:item_category:__Others__",
    "dummy:card_state:New York",
    "dummy:card_state:Pennsylvania",
    "dummy:card_state:Connecticut",
    "dummy:card_state:New Hampshire",
    "dummy:card_state:Massachusetts",
    "dummy:card_state:Maine",
    "dummy:card_state:Vermont",
    "dummy:card_state:Maryland",
    "dummy:card_state:New Jersey",
    "dummy:card_state:Delaware",
    "dummy:card_state:Rhode Island",
    "dummy:card_state:N/A",
    "dummy:card_state:__Others__",
    "dummy:merchant_subsector_description:gas",
    "dummy:merchant_subsector_description:consumer electronics",
    "dummy:merchant_subsector_description:luxury goods",
    "dummy:merchant_subsector_description:internet",
    "dummy:merchant_subsector_description:insurance",
    "dummy:merchant_subsector_description:groceries",
    "dummy:merchant_subsector_description:restaurant/dining",
    "dummy:merchant_subsector_description:entertainment",
    "dummy:merchant_subsector_description:gym",
    "dummy:merchant_subsector_description:carpentry",
    "dummy:merchant_subsector_description:retail apparel",
    "dummy:merchant_subsector_description:beauty \u0026 personal care",
    "dummy:merchant_subsector_description:hotel",
    "dummy:merchant_subsector_description:biotechnology",
    "dummy:merchant_subsector_description:liquor",
    "dummy:merchant_subsector_description:health care services",
    "dummy:merchant_subsector_description:advertising services",
    "dummy:merchant_subsector_description:real estate investments",
    "dummy:merchant_subsector_description:semiconductors",
    "dummy:merchant_subsector_description:tobacco",
    "dummy:merchant_subsector_description:flights",
    "dummy:merchant_subsector_description:news \u0026 journalism",
    "dummy:merchant_subsector_description:pharmaceuticals",
    "dummy:merchant_subsector_description:real estate services",
    "dummy:merchant_subsector_description:misc entertainment",
    "dummy:merchant_subsector_description:dental",
    "dummy:merchant_subsector_description:magic cards",
    "dummy:merchant_subsector_description:financial services",
    "dummy:merchant_subsector_description:utilities",
    "dummy:merchant_subsector_description:office supplies",
    "dummy:merchant_subsector_description:phone bill",
    "dummy:merchant_subsector_description:health care technology",
    "dummy:merchant_subsector_description:adult industry",
    "dummy:merchant_subsector_description:professional photography",
    "dummy:merchant_subsector_description:astrological services",
    "dummy:merchant_subsector_description:automobiles",
    "dummy:merchant_subsector_description:education services",
    "dummy:merchant_subsector_description:software",
    "dummy:merchant_subsector_description:N/A",
    "dummy:merchant_subsector_description:__Others__",
    "dummy:card_reward_program:cash_back",
    "dummy:card_reward_program:travel",
    "dummy:card_reward_program:dining_entertainment",
    "dummy:card_reward_program:N/A",
    "dummy:card_reward_program:__Others__",
    "dummy:merchant_state:New York",
    "dummy:merchant_state:Massachusetts",
    "dummy:merchant_state:New Hampshire",
    "dummy:merchant_state:Pennsylvania",
    "dummy:merchant_state:Connecticut",
    "dummy:merchant_state:Maine",
    "dummy:merchant_state:Vermont",
    "dummy:merchant_state:Maryland",
    "dummy:merchant_state:New Jersey",
    "dummy:merchant_state:Delaware",
    "dummy:merchant_state:Rhode Island",
    "dummy:merchant_state:N/A",
    "dummy:merchant_state:__Others__"
  ],
  "classes": [
    "0",
    "1"
  ]
}