{
    "startedAt": 1673496112893,
    "gridSize": 9,
    "nThreads": 4,
    "nSplits": 5,
    "metric": "ROC_AUC",
    "timeout": null,
    "gridPoints": [
        {
            "finishedAt": 1673496128595,
            "score": 0.7264934019227504,
            "testScoreGibMean": 0.7264934019227504,
            "testScoreMean": 0.7264934019227504,
            "testScoreStd": 0.006831795762154264,
            "trainScoreMean": 0.7372148969045033,
            "trainScoreStd": 0.0015285873279833725,
            "time": 37152,
            "fitTimeMean": 5954.2,
            "fitTimeStd": 130.32942875651685,
            "scoreTimeMean": 1476.2,
            "scoreTimeStd": 724.7695909735728,
            "best_iteration": null,
            "parameters": {
                "max_depth": 6,
                "max_features": "auto",
                "min_samples_leaf": 1,
                "n_estimators": 100,
                "min_samples_split": 3
            }
        },
        {
            "finishedAt": 1673496144688,
            "score": 0.7330761187686962,
            "testScoreGibMean": 0.7330761187686962,
            "testScoreMean": 0.7330761187686962,
            "testScoreStd": 0.00526754357308984,
            "trainScoreMean": 0.8548848448426901,
            "trainScoreStd": 0.0032989679977596413,
            "time": 62345,
            "fitTimeMean": 9308.0,
            "fitTimeStd": 906.8186147185114,
            "scoreTimeMean": 3161.0,
            "scoreTimeStd": 176.63068816035337,
            "best_iteration": null,
            "parameters": {
                "max_depth": 15,
                "max_features": "auto",
                "min_samples_leaf": 1,
                "n_estimators": 100,
                "min_samples_split": 3
            }
        },
        {
            "finishedAt": 1673496164091,
            "score": 0.7261867729398211,
            "testScoreGibMean": 0.7261867729398211,
            "testScoreMean": 0.7261867729398211,
            "testScoreStd": 0.0032780947185667743,
            "trainScoreMean": 0.9574504883548006,
            "trainScoreStd": 0.001127926275255285,
            "time": 80207,
            "fitTimeMean": 11483.8,
            "fitTimeStd": 1797.9290753530852,
            "scoreTimeMean": 4557.6,
            "scoreTimeStd": 574.2983893412901,
            "best_iteration": null,
            "parameters": {
                "max_depth": 20,
                "max_features": "auto",
                "min_samples_leaf": 1,
                "n_estimators": 150,
                "min_samples_split": 3
            }
        },
        {
            "finishedAt": 1673496172240,
            "score": 0.7278838572010937,
            "testScoreGibMean": 0.7278838572010937,
            "testScoreMean": 0.7278838572010937,
            "testScoreStd": 0.006674572261672004,
            "trainScoreMean": 0.7382879283260546,
            "trainScoreStd": 0.0014101046121714647,
            "time": 42025,
            "fitTimeMean": 5003.4,
            "fitTimeStd": 612.69065604104,
            "scoreTimeMean": 3401.6,
            "scoreTimeStd": 194.75995481617878,
            "best_iteration": null,
            "parameters": {
                "max_depth": 6,
                "max_features": "auto",
                "min_samples_leaf": 1,
                "n_estimators": 200,
                "min_samples_split": 3
            }
        },
        {
            "finishedAt": 1673496178679,
            "score": 0.7275832269824941,
            "testScoreGibMean": 0.7275832269824941,
            "testScoreMean": 0.7275832269824941,
            "testScoreStd": 0.006334989174427492,
            "trainScoreMean": 0.7380403733919538,
            "trainScoreStd": 0.0017845370328461343,
            "time": 30748,
            "fitTimeMean": 3532.2,
            "fitTimeStd": 111.13667261529832,
            "scoreTimeMean": 2617.4,
            "scoreTimeStd": 227.22376636258804,
            "best_iteration": null,
            "parameters": {
                "max_depth": 6,
                "max_features": "auto",
                "min_samples_leaf": 1,
                "n_estimators": 150,
                "min_samples_split": 3
            }
        },
        {
            "finishedAt": 1673496192193,
            "score": 0.7256276214641039,
            "testScoreGibMean": 0.7256276214641039,
            "testScoreMean": 0.7256276214641039,
            "testScoreStd": 0.0029156143267273452,
            "trainScoreMean": 0.9562167544134754,
            "trainScoreStd": 0.001985837931840091,
            "time": 46478,
            "fitTimeMean": 6041.6,
            "fitTimeStd": 400.0297988900327,
            "scoreTimeMean": 3254.0,
            "scoreTimeStd": 402.3993041743487,
            "best_iteration": null,
            "parameters": {
                "max_depth": 20,
                "max_features": "auto",
                "min_samples_leaf": 1,
                "n_estimators": 100,
                "min_samples_split": 3
            }
        },
        {
            "finishedAt": 1673496207333,
            "score": 0.7336396866732093,
            "testScoreGibMean": 0.7336396866732093,
            "testScoreMean": 0.7336396866732093,
            "testScoreStd": 0.005251160691150908,
            "trainScoreMean": 0.8564388062203817,
            "trainScoreStd": 0.002326191390139134,
            "time": 59143,
            "fitTimeMean": 7799.2,
            "fitTimeStd": 566.2597990322109,
            "scoreTimeMean": 4029.4,
            "scoreTimeStd": 388.87252410012206,
            "best_iteration": null,
            "parameters": {
                "max_depth": 15,
                "max_features": "auto",
                "min_samples_leaf": 1,
                "n_estimators": 150,
                "min_samples_split": 3
            }
        },
        {
            "finishedAt": 1673496230188,
            "score": 0.7344351285370752,
            "testScoreGibMean": 0.7344351285370752,
            "testScoreMean": 0.7344351285370752,
            "testScoreStd": 0.005168341042634615,
            "trainScoreMean": 0.85640801956949,
            "trainScoreStd": 0.0022123909724814476,
            "time": 77773,
            "fitTimeMean": 10501.6,
            "fitTimeStd": 482.55594494317444,
            "scoreTimeMean": 5053.0,
            "scoreTimeStd": 403.13967802735567,
            "best_iteration": null,
            "parameters": {
                "max_depth": 15,
                "max_features": "auto",
                "min_samples_leaf": 1,
                "n_estimators": 200,
                "min_samples_split": 3
            }
        },
        {
            "finishedAt": 1673496244916,
            "score": 0.7264960856974887,
            "testScoreGibMean": 0.7264960856974887,
            "testScoreMean": 0.7264960856974887,
            "testScoreStd": 0.0035622763452842665,
            "trainScoreMean": 0.9581867037769415,
            "trainScoreStd": 0.0010827748793597344,
            "time": 78658,
            "fitTimeMean": 11262.0,
            "fitTimeStd": 1673.192397783351,
            "scoreTimeMean": 4469.6,
            "scoreTimeStd": 1594.5570670251975,
            "best_iteration": null,
            "parameters": {
                "max_depth": 20,
                "max_features": "auto",
                "min_samples_leaf": 1,
                "n_estimators": 200,
                "min_samples_split": 3
            }
        }
    ]
}