[
    {
        "test_score_gib": 0.7257768374329445,
        "train_score": 0.7367502676555415,
        "test_score": 0.7257768374329445,
        "num_samples": 15983,
        "fit_time": 6012,
        "score_time": 1161,
        "time": 7173,
        "parameters": {
            "max_depth": 6,
            "max_features": "auto",
            "min_samples_leaf": 1,
            "n_estimators": 100,
            "min_samples_split": 3
        },
        "best_iteration": null,
        "done_at": 1673496120070,
        "split_id": 0
    },
    {
        "test_score_gib": 0.7267850220430927,
        "train_score": 0.738670175038773,
        "test_score": 0.7267850220430927,
        "num_samples": 15983,
        "fit_time": 6042,
        "score_time": 1031,
        "time": 7073,
        "parameters": {
            "max_depth": 6,
            "max_features": "auto",
            "min_samples_leaf": 1,
            "n_estimators": 100,
            "min_samples_split": 3
        },
        "best_iteration": null,
        "done_at": 1673496119970,
        "split_id": 1
    },
    {
        "test_score_gib": 0.720900833990933,
        "train_score": 0.7384161536064641,
        "test_score": 0.720900833990933,
        "num_samples": 15982,
        "fit_time": 6000,
        "score_time": 1140,
        "time": 7140,
        "parameters": {
            "max_depth": 6,
            "max_features": "auto",
            "min_samples_leaf": 1,
            "n_estimators": 100,
            "min_samples_split": 3
        },
        "best_iteration": null,
        "done_at": 1673496120042,
        "split_id": 2
    },
    {
        "test_score_gib": 0.7390779809889265,
        "train_score": 0.7344600054798053,
        "test_score": 0.7390779809889265,
        "num_samples": 15982,
        "fit_time": 6022,
        "score_time": 1126,
        "time": 7148,
        "parameters": {
            "max_depth": 6,
            "max_features": "auto",
            "min_samples_leaf": 1,
            "n_estimators": 100,
            "min_samples_split": 3
        },
        "best_iteration": null,
        "done_at": 1673496120050,
        "split_id": 3
    },
    {
        "test_score_gib": 0.7199263617467906,
        "train_score": 0.737777820756643,
        "test_score": 0.7199263617467906,
        "num_samples": 15982,
        "fit_time": 5695,
        "score_time": 2923,
        "time": 8618,
        "parameters": {
            "max_depth": 6,
            "max_features": "auto",
            "min_samples_leaf": 1,
            "n_estimators": 100,
            "min_samples_split": 3
        },
        "best_iteration": null,
        "done_at": 1673496128595,
        "split_id": 4
    },
    {
        "test_score_gib": 0.7323326482740719,
        "train_score": 0.8527954813491043,
        "test_score": 0.7323326482740719,
        "num_samples": 15983,
        "fit_time": 10194,
        "score_time": 3198,
        "time": 13392,
        "parameters": {
            "max_depth": 15,
            "max_features": "auto",
            "min_samples_leaf": 1,
            "n_estimators": 100,
            "min_samples_split": 3
        },
        "best_iteration": null,
        "done_at": 1673496133441,
        "split_id": 0
    },
    {
        "test_score_gib": 0.7287623463236729,
        "train_score": 0.8556033797771034,
        "test_score": 0.7287623463236729,
        "num_samples": 15983,
        "fit_time": 9972,
        "score_time": 3044,
        "time": 13016,
        "parameters": {
            "max_depth": 15,
            "max_features": "auto",
            "min_samples_leaf": 1,
            "n_estimators": 100,
            "min_samples_split": 3
        },
        "best_iteration": null,
        "done_at": 1673496133084,
        "split_id": 1
    },
    {
        "test_score_gib": 0.7320857208924099,
        "train_score": 0.8610059552590015,
        "test_score": 0.7320857208924099,
        "num_samples": 15982,
        "fit_time": 9898,
        "score_time": 2980,
        "time": 12878,
        "parameters": {
            "max_depth": 15,
            "max_features": "auto",
            "min_samples_leaf": 1,
            "n_estimators": 100,
            "min_samples_split": 3
        },
        "best_iteration": null,
        "done_at": 1673496132970,
        "split_id": 2
    },
    {
        "test_score_gib": 0.7431819822886526,
        "train_score": 0.8518832089632423,
        "test_score": 0.7431819822886526,
        "num_samples": 15982,
        "fit_time": 7886,
        "score_time": 3484,
        "time": 11370,
        "parameters": {
            "max_depth": 15,
            "max_features": "auto",
            "min_samples_leaf": 1,
            "n_estimators": 100,
            "min_samples_split": 3
        },
        "best_iteration": null,
        "done_at": 1673496139983,
        "split_id": 3
    },
    {
        "test_score_gib": 0.7290182124983453,
        "train_score": 0.8531362846382791,
        "test_score": 0.7290182124983453,
        "num_samples": 15982,
        "fit_time": 8590,
        "score_time": 3099,
        "time": 11689,
        "parameters": {
            "max_depth": 15,
            "max_features": "auto",
            "min_samples_leaf": 1,
            "n_estimators": 100,
            "min_samples_split": 3
        },
        "best_iteration": null,
        "done_at": 1673496144688,
        "split_id": 4
    },
    {
        "test_score_gib": 0.7231370384982676,
        "train_score": 0.9564743347776632,
        "test_score": 0.7231370384982676,
        "num_samples": 15983,
        "fit_time": 13530,
        "score_time": 4386,
        "time": 17916,
        "parameters": {
            "max_depth": 20,
            "max_features": "auto",
            "min_samples_leaf": 1,
            "n_estimators": 150,
            "min_samples_split": 3
        },
        "best_iteration": null,
        "done_at": 1673496151041,
        "split_id": 0
    },
    {
        "test_score_gib": 0.7246561810481836,
        "train_score": 0.9592648224329513,
        "test_score": 0.7246561810481836,
        "num_samples": 15983,
        "fit_time": 13566,
        "score_time": 3767,
        "time": 17333,
        "parameters": {
            "max_depth": 20,
            "max_features": "auto",
            "min_samples_leaf": 1,
            "n_estimators": 150,
            "min_samples_split": 3
        },
        "best_iteration": null,
        "done_at": 1673496150812,
        "split_id": 1
    },
    {
        "test_score_gib": 0.7254673899401886,
        "train_score": 0.9573140667139436,
        "test_score": 0.7254673899401886,
        "num_samples": 15982,
        "fit_time": 10858,
        "score_time": 5456,
        "time": 16314,
        "parameters": {
            "max_depth": 20,
            "max_features": "auto",
            "min_samples_leaf": 1,
            "n_estimators": 150,
            "min_samples_split": 3
        },
        "best_iteration": null,
        "done_at": 1673496156309,
        "split_id": 2
    },
    {
        "test_score_gib": 0.7325464918569407,
        "train_score": 0.9580617203365245,
        "test_score": 0.7325464918569407,
        "num_samples": 15982,
        "fit_time": 10479,
        "score_time": 4894,
        "time": 15373,
        "parameters": {
            "max_depth": 20,
            "max_features": "auto",
            "min_samples_leaf": 1,
            "n_estimators": 150,
            "min_samples_split": 3
        },
        "best_iteration": null,
        "done_at": 1673496160081,
        "split_id": 3
    },
    {
        "test_score_gib": 0.7251270499483377,
        "train_score": 0.956137445067638,
        "test_score": 0.7251270499483377,
        "num_samples": 15982,
        "fit_time": 8986,
        "score_time": 4285,
        "time": 13271,
        "parameters": {
            "max_depth": 20,
            "max_features": "auto",
            "min_samples_leaf": 1,
            "n_estimators": 150,
            "min_samples_split": 3
        },
        "best_iteration": null,
        "done_at": 1673496164091,
        "split_id": 4
    },
    {
        "test_score_gib": 0.7282635080019563,
        "train_score": 0.7383999460928201,
        "test_score": 0.7282635080019563,
        "num_samples": 15983,
        "fit_time": 6223,
        "score_time": 3436,
        "time": 9659,
        "parameters": {
            "max_depth": 6,
            "max_features": "auto",
            "min_samples_leaf": 1,
            "n_estimators": 200,
            "min_samples_split": 3
        },
        "best_iteration": null,
        "done_at": 1673496160719,
        "split_id": 0
    },
    {
        "test_score_gib": 0.7287441668965956,
        "train_score": 0.7393956547933337,
        "test_score": 0.7287441668965956,
        "num_samples": 15983,
        "fit_time": 4811,
        "score_time": 3685,
        "time": 8496,
        "parameters": {
            "max_depth": 6,
            "max_features": "auto",
            "min_samples_leaf": 1,
            "n_estimators": 200,
            "min_samples_split": 3
        },
        "best_iteration": null,
        "done_at": 1673496164848,
        "split_id": 1
    },
    {
        "test_score_gib": 0.7217354911193977,
        "train_score": 0.7390229534001654,
        "test_score": 0.7217354911193977,
        "num_samples": 15982,
        "fit_time": 4649,
        "score_time": 3373,
        "time": 8022,
        "parameters": {
            "max_depth": 6,
            "max_features": "auto",
            "min_samples_leaf": 1,
            "n_estimators": 200,
            "min_samples_split": 3
        },
        "best_iteration": null,
        "done_at": 1673496168109,
        "split_id": 2
    },
    {
        "test_score_gib": 0.7396122483714741,
        "train_score": 0.7355425168423428,
        "test_score": 0.7396122483714741,
        "num_samples": 15982,
        "fit_time": 4650,
        "score_time": 3076,
        "time": 7726,
        "parameters": {
            "max_depth": 6,
            "max_features": "auto",
            "min_samples_leaf": 1,
            "n_estimators": 200,
            "min_samples_split": 3
        },
        "best_iteration": null,
        "done_at": 1673496168480,
        "split_id": 3
    },
    {
        "test_score_gib": 0.7210637940312313,
        "train_score": 0.7390784941817361,
        "test_score": 0.7210637940312313,
        "num_samples": 15982,
        "fit_time": 4684,
        "score_time": 3438,
        "time": 8122,
        "parameters": {
            "max_depth": 6,
            "max_features": "auto",
            "min_samples_leaf": 1,
            "n_estimators": 200,
            "min_samples_split": 3
        },
        "best_iteration": null,
        "done_at": 1673496172240,
        "split_id": 4
    },
    {
        "test_score_gib": 0.7275128222980343,
        "train_score": 0.7376884239676673,
        "test_score": 0.7275128222980343,
        "num_samples": 15983,
        "fit_time": 3529,
        "score_time": 2365,
        "time": 5894,
        "parameters": {
            "max_depth": 6,
            "max_features": "auto",
            "min_samples_leaf": 1,
            "n_estimators": 150,
            "min_samples_split": 3
        },
        "best_iteration": null,
        "done_at": 1673496170751,
        "split_id": 0
    },
    {
        "test_score_gib": 0.7285815405323866,
        "train_score": 0.7395417048916602,
        "test_score": 0.7285815405323866,
        "num_samples": 15983,
        "fit_time": 3583,
        "score_time": 2495,
        "time": 6078,
        "parameters": {
            "max_depth": 6,
            "max_features": "auto",
            "min_samples_leaf": 1,
            "n_estimators": 150,
            "min_samples_split": 3
        },
        "best_iteration": null,
        "done_at": 1673496174205,
        "split_id": 1
    },
    {
        "test_score_gib": 0.7218389878296808,
        "train_score": 0.739029252490088,
        "test_score": 0.7218389878296808,
        "num_samples": 15982,
        "fit_time": 3711,
        "score_time": 2622,
        "time": 6333,
        "parameters": {
            "max_depth": 6,
            "max_features": "auto",
            "min_samples_leaf": 1,
            "n_estimators": 150,
            "min_samples_split": 3
        },
        "best_iteration": null,
        "done_at": 1673496174833,
        "split_id": 2
    },
    {
        "test_score_gib": 0.7387967389940189,
        "train_score": 0.7347039253134772,
        "test_score": 0.7387967389940189,
        "num_samples": 15982,
        "fit_time": 3447,
        "score_time": 2567,
        "time": 6014,
        "parameters": {
            "max_depth": 6,
            "max_features": "auto",
            "min_samples_leaf": 1,
            "n_estimators": 150,
            "min_samples_split": 3
        },
        "best_iteration": null,
        "done_at": 1673496176773,
        "split_id": 3
    },
    {
        "test_score_gib": 0.7211859871987291,
        "train_score": 0.7392384883795894,
        "test_score": 0.7211859871987291,
        "num_samples": 15982,
        "fit_time": 3391,
        "score_time": 3038,
        "time": 6429,
        "parameters": {
            "max_depth": 6,
            "max_features": "auto",
            "min_samples_leaf": 1,
            "n_estimators": 150,
            "min_samples_split": 3
        },
        "best_iteration": null,
        "done_at": 1673496178679,
        "split_id": 4
    },
    {
        "test_score_gib": 0.7227921880895958,
        "train_score": 0.9570807811501731,
        "test_score": 0.7227921880895958,
        "num_samples": 15983,
        "fit_time": 5755,
        "score_time": 2805,
        "time": 8560,
        "parameters": {
            "max_depth": 20,
            "max_features": "auto",
            "min_samples_leaf": 1,
            "n_estimators": 100,
            "min_samples_split": 3
        },
        "best_iteration": null,
        "done_at": 1673496182775,
        "split_id": 0
    },
    {
        "test_score_gib": 0.7246923894815469,
        "train_score": 0.9576118211343223,
        "test_score": 0.7246923894815469,
        "num_samples": 15983,
        "fit_time": 6451,
        "score_time": 2964,
        "time": 9415,
        "parameters": {
            "max_depth": 20,
            "max_features": "auto",
            "min_samples_leaf": 1,
            "n_estimators": 100,
            "min_samples_split": 3
        },
        "best_iteration": null,
        "done_at": 1673496184280,
        "split_id": 1
    },
    {
        "test_score_gib": 0.7234718332499515,
        "train_score": 0.9545500905242348,
        "test_score": 0.7234718332499515,
        "num_samples": 15982,
        "fit_time": 6497,
        "score_time": 3112,
        "time": 9609,
        "parameters": {
            "max_depth": 20,
            "max_features": "auto",
            "min_samples_leaf": 1,
            "n_estimators": 100,
            "min_samples_split": 3
        },
        "best_iteration": null,
        "done_at": 1673496186412,
        "split_id": 2
    },
    {
        "test_score_gib": 0.7309763332937914,
        "train_score": 0.9585730143764306,
        "test_score": 0.7309763332937914,
        "num_samples": 15982,
        "fit_time": 6049,
        "score_time": 3454,
        "time": 9503,
        "parameters": {
            "max_depth": 20,
            "max_features": "auto",
            "min_samples_leaf": 1,
            "n_estimators": 100,
            "min_samples_split": 3
        },
        "best_iteration": null,
        "done_at": 1673496188192,
        "split_id": 3
    },
    {
        "test_score_gib": 0.7262055991376419,
        "train_score": 0.9532679235298542,
        "test_score": 0.7262055991376419,
        "num_samples": 15982,
        "fit_time": 5456,
        "score_time": 3935,
        "time": 9391,
        "parameters": {
            "max_depth": 20,
            "max_features": "auto",
            "min_samples_leaf": 1,
            "n_estimators": 100,
            "min_samples_split": 3
        },
        "best_iteration": null,
        "done_at": 1673496192193,
        "split_id": 4
    },
    {
        "test_score_gib": 0.7325211899917741,
        "train_score": 0.8537561697234842,
        "test_score": 0.7325211899917741,
        "num_samples": 15983,
        "fit_time": 7766,
        "score_time": 3984,
        "time": 11750,
        "parameters": {
            "max_depth": 15,
            "max_features": "auto",
            "min_samples_leaf": 1,
            "n_estimators": 150,
            "min_samples_split": 3
        },
        "best_iteration": null,
        "done_at": 1673496196073,
        "split_id": 0
    },
    {
        "test_score_gib": 0.7301872609921068,
        "train_score": 0.8574815781318867,
        "test_score": 0.7301872609921068,
        "num_samples": 15983,
        "fit_time": 8445,
        "score_time": 3591,
        "time": 12036,
        "parameters": {
            "max_depth": 15,
            "max_features": "auto",
            "min_samples_leaf": 1,
            "n_estimators": 150,
            "min_samples_split": 3
        },
        "best_iteration": null,
        "done_at": 1673496198461,
        "split_id": 1
    },
    {
        "test_score_gib": 0.7321332141917716,
        "train_score": 0.8603851456983529,
        "test_score": 0.7321332141917716,
        "num_samples": 15982,
        "fit_time": 8392,
        "score_time": 3661,
        "time": 12053,
        "parameters": {
            "max_depth": 15,
            "max_features": "auto",
            "min_samples_leaf": 1,
            "n_estimators": 150,
            "min_samples_split": 3
        },
        "best_iteration": null,
        "done_at": 1673496200272,
        "split_id": 2
    },
    {
        "test_score_gib": 0.7438884934695639,
        "train_score": 0.854766579097229,
        "test_score": 0.7438884934695639,
        "num_samples": 15982,
        "fit_time": 7428,
        "score_time": 4633,
        "time": 12061,
        "parameters": {
            "max_depth": 15,
            "max_features": "auto",
            "min_samples_leaf": 1,
            "n_estimators": 150,
            "min_samples_split": 3
        },
        "best_iteration": null,
        "done_at": 1673496204265,
        "split_id": 3
    },
    {
        "test_score_gib": 0.7294685607252334,
        "train_score": 0.8558046610579249,
        "test_score": 0.7294685607252334,
        "num_samples": 15982,
        "fit_time": 6965,
        "score_time": 4278,
        "time": 11243,
        "parameters": {
            "max_depth": 15,
            "max_features": "auto",
            "min_samples_leaf": 1,
            "n_estimators": 150,
            "min_samples_split": 3
        },
        "best_iteration": null,
        "done_at": 1673496207333,
        "split_id": 4
    },
    {
        "test_score_gib": 0.7329601823271902,
        "train_score": 0.8551009239220015,
        "test_score": 0.7329601823271902,
        "num_samples": 15983,
        "fit_time": 11079,
        "score_time": 5150,
        "time": 16229,
        "parameters": {
            "max_depth": 15,
            "max_features": "auto",
            "min_samples_leaf": 1,
            "n_estimators": 200,
            "min_samples_split": 3
        },
        "best_iteration": null,
        "done_at": 1673496214707,
        "split_id": 0
    },
    {
        "test_score_gib": 0.7308566764912932,
        "train_score": 0.8566711760339659,
        "test_score": 0.7308566764912932,
        "num_samples": 15983,
        "fit_time": 11061,
        "score_time": 4342,
        "time": 15403,
        "parameters": {
            "max_depth": 15,
            "max_features": "auto",
            "min_samples_leaf": 1,
            "n_estimators": 200,
            "min_samples_split": 3
        },
        "best_iteration": null,
        "done_at": 1673496215688,
        "split_id": 1
    },
    {
        "test_score_gib": 0.7328613015141121,
        "train_score": 0.8605472028817329,
        "test_score": 0.7328613015141121,
        "num_samples": 15982,
        "fit_time": 10320,
        "score_time": 5508,
        "time": 15828,
        "parameters": {
            "max_depth": 15,
            "max_features": "auto",
            "min_samples_leaf": 1,
            "n_estimators": 200,
            "min_samples_split": 3
        },
        "best_iteration": null,
        "done_at": 1673496220115,
        "split_id": 2
    },
    {
        "test_score_gib": 0.7446097039340784,
        "train_score": 0.8542386522365126,
        "test_score": 0.7446097039340784,
        "num_samples": 15982,
        "fit_time": 9904,
        "score_time": 4935,
        "time": 14839,
        "parameters": {
            "max_depth": 15,
            "max_features": "auto",
            "min_samples_leaf": 1,
            "n_estimators": 200,
            "min_samples_split": 3
        },
        "best_iteration": null,
        "done_at": 1673496222178,
        "split_id": 3
    },
    {
        "test_score_gib": 0.7308880946118099,
        "train_score": 0.8554822080929203,
        "test_score": 0.7308880946118099,
        "num_samples": 15982,
        "fit_time": 10144,
        "score_time": 5330,
        "time": 15474,
        "parameters": {
            "max_depth": 15,
            "max_features": "auto",
            "min_samples_leaf": 1,
            "n_estimators": 200,
            "min_samples_split": 3
        },
        "best_iteration": null,
        "done_at": 1673496230188,
        "split_id": 4
    },
    {
        "test_score_gib": 0.7229689110308294,
        "train_score": 0.9582539190960355,
        "test_score": 0.7229689110308294,
        "num_samples": 15983,
        "fit_time": 12429,
        "score_time": 6034,
        "time": 18463,
        "parameters": {
            "max_depth": 20,
            "max_features": "auto",
            "min_samples_leaf": 1,
            "n_estimators": 200,
            "min_samples_split": 3
        },
        "best_iteration": null,
        "done_at": 1673496234173,
        "split_id": 0
    },
    {
        "test_score_gib": 0.7252251584360707,
        "train_score": 0.9585083127407262,
        "test_score": 0.7252251584360707,
        "num_samples": 15983,
        "fit_time": 12807,
        "score_time": 5783,
        "time": 18590,
        "parameters": {
            "max_depth": 20,
            "max_features": "auto",
            "min_samples_leaf": 1,
            "n_estimators": 200,
            "min_samples_split": 3
        },
        "best_iteration": null,
        "done_at": 1673496238714,
        "split_id": 1
    },
    {
        "test_score_gib": 0.7259615781357182,
        "train_score": 0.9573734876811828,
        "test_score": 0.7259615781357182,
        "num_samples": 15982,
        "fit_time": 12333,
        "score_time": 5462,
        "time": 17795,
        "parameters": {
            "max_depth": 20,
            "max_features": "auto",
            "min_samples_leaf": 1,
            "n_estimators": 200,
            "min_samples_split": 3
        },
        "best_iteration": null,
        "done_at": 1673496240023,
        "split_id": 2
    },
    {
        "test_score_gib": 0.7333391356821242,
        "train_score": 0.9599804741643297,
        "test_score": 0.7333391356821242,
        "num_samples": 15982,
        "fit_time": 10357,
        "score_time": 2717,
        "time": 13074,
        "parameters": {
            "max_depth": 20,
            "max_features": "auto",
            "min_samples_leaf": 1,
            "n_estimators": 200,
            "min_samples_split": 3
        },
        "best_iteration": null,
        "done_at": 1673496243301,
        "split_id": 3
    },
    {
        "test_score_gib": 0.7249859454218179,
        "train_score": 0.9568173008735454,
        "test_score": 0.7249859454218179,
        "num_samples": 15982,
        "fit_time": 8384,
        "score_time": 2352,
        "time": 10736,
        "parameters": {
            "max_depth": 20,
            "max_features": "auto",
            "min_samples_leaf": 1,
            "n_estimators": 200,
            "min_samples_split": 3
        },
        "best_iteration": null,
        "done_at": 1673496244916,
        "split_id": 4
    }
]