{
    "modelInputNRows": 79912,
    "modelInputNCols": 85,
    "modelInputIsSparse": false,
    "modelInputMemory": 54340160,
    "usedGridSearch": true,
    "gridSize": 9,
    "gridBestScore": 0.7344351285370752,
    "gridCells": [
        {
            "params": {
                "max_depth": 6,
                "max_features": "auto",
                "min_samples_leaf": 1,
                "n_estimators": 100,
                "min_samples_split": 3
            },
            "score": 0.7264934019227504,
            "scoreStd": 0.006831795762154264,
            "fitTime": 5.9542,
            "fitTimeStd": 0.13032942875651685,
            "scoreTime": 1.4762,
            "scoreTimeStd": 0.7247695909735729
        },
        {
            "params": {
                "max_depth": 15,
                "max_features": "auto",
                "min_samples_leaf": 1,
                "n_estimators": 100,
                "min_samples_split": 3
            },
            "score": 0.7330761187686962,
            "scoreStd": 0.00526754357308984,
            "fitTime": 9.308,
            "fitTimeStd": 0.9068186147185114,
            "scoreTime": 3.161,
            "scoreTimeStd": 0.17663068816035338
        },
        {
            "params": {
                "max_depth": 20,
                "max_features": "auto",
                "min_samples_leaf": 1,
                "n_estimators": 150,
                "min_samples_split": 3
            },
            "score": 0.7261867729398211,
            "scoreStd": 0.0032780947185667743,
            "fitTime": 11.483799999999999,
            "fitTimeStd": 1.7979290753530852,
            "scoreTime": 4.557600000000001,
            "scoreTimeStd": 0.5742983893412901
        },
        {
            "params": {
                "max_depth": 6,
                "max_features": "auto",
                "min_samples_leaf": 1,
                "n_estimators": 200,
                "min_samples_split": 3
            },
            "score": 0.7278838572010937,
            "scoreStd": 0.006674572261672004,
            "fitTime": 5.0034,
            "fitTimeStd": 0.61269065604104,
            "scoreTime": 3.4015999999999997,
            "scoreTimeStd": 0.19475995481617878
        },
        {
            "params": {
                "max_depth": 6,
                "max_features": "auto",
                "min_samples_leaf": 1,
                "n_estimators": 150,
                "min_samples_split": 3
            },
            "score": 0.7275832269824941,
            "scoreStd": 0.006334989174427492,
            "fitTime": 3.5322,
            "fitTimeStd": 0.11113667261529832,
            "scoreTime": 2.6174,
            "scoreTimeStd": 0.22722376636258804
        },
        {
            "params": {
                "max_depth": 20,
                "max_features": "auto",
                "min_samples_leaf": 1,
                "n_estimators": 100,
                "min_samples_split": 3
            },
            "score": 0.7256276214641039,
            "scoreStd": 0.0029156143267273452,
            "fitTime": 6.041600000000001,
            "fitTimeStd": 0.4000297988900327,
            "scoreTime": 3.254,
            "scoreTimeStd": 0.40239930417434866
        },
        {
            "params": {
                "max_depth": 15,
                "max_features": "auto",
                "min_samples_leaf": 1,
                "n_estimators": 150,
                "min_samples_split": 3
            },
            "score": 0.7336396866732093,
            "scoreStd": 0.005251160691150908,
            "fitTime": 7.7992,
            "fitTimeStd": 0.5662597990322109,
            "scoreTime": 4.0294,
            "scoreTimeStd": 0.3888725241001221
        },
        {
            "params": {
                "max_depth": 15,
                "max_features": "auto",
                "min_samples_leaf": 1,
                "n_estimators": 200,
                "min_samples_split": 3
            },
            "score": 0.7344351285370752,
            "scoreStd": 0.005168341042634615,
            "fitTime": 10.5016,
            "fitTimeStd": 0.48255594494317444,
            "scoreTime": 5.053,
            "scoreTimeStd": 0.4031396780273557
        },
        {
            "params": {
                "max_depth": 20,
                "max_features": "auto",
                "min_samples_leaf": 1,
                "n_estimators": 200,
                "min_samples_split": 3
            },
            "score": 0.7264960856974887,
            "scoreStd": 0.0035622763452842665,
            "fitTime": 11.262,
            "fitTimeStd": 1.673192397783351,
            "scoreTime": 4.469600000000001,
            "scoreTimeStd": 1.5945570670251976
        }
    ],
    "rawImportance": {
        "variables": [
            "card_fico_score",
            "signature_provided",
            "purchase_dow",
            "card_age",
            "merchant_cardholder_distance",
            "purchase_weekend",
            "days_active",
            "purchase_amount",
            "dummy:item_category:D",
            "dummy:item_category:A",
            "dummy:item_category:B",
            "dummy:item_category:C",
            "dummy:card_state:New York",
            "dummy:card_state:Pennsylvania",
            "dummy:card_state:Connecticut",
            "dummy:card_state:New Hampshire",
            "dummy:card_state:Massachusetts",
            "dummy:card_state:Maine",
            "dummy:card_state:Vermont",
            "dummy:card_state:Maryland",
            "dummy:card_state:New Jersey",
            "dummy:card_state:Delaware",
            "dummy:card_state:Rhode Island",
            "dummy:merchant_subsector_description:gas",
            "dummy:merchant_subsector_description:consumer electronics",
            "dummy:merchant_subsector_description:luxury goods",
            "dummy:merchant_subsector_description:internet",
            "dummy:merchant_subsector_description:insurance",
            "dummy:merchant_subsector_description:groceries",
            "dummy:merchant_subsector_description:restaurant/dining",
            "dummy:merchant_subsector_description:entertainment",
            "dummy:merchant_subsector_description:gym",
            "dummy:merchant_subsector_description:carpentry",
            "dummy:merchant_subsector_description:retail apparel",
            "dummy:merchant_subsector_description:beauty & personal care",
            "dummy:merchant_subsector_description:hotel",
            "dummy:merchant_subsector_description:biotechnology",
            "dummy:merchant_subsector_description:liquor",
            "dummy:merchant_subsector_description:health care services",
            "dummy:merchant_subsector_description:advertising services",
            "dummy:merchant_subsector_description:real estate investments",
            "dummy:merchant_subsector_description:semiconductors",
            "dummy:merchant_subsector_description:tobacco",
            "dummy:merchant_subsector_description:flights",
            "dummy:merchant_subsector_description:news & journalism",
            "dummy:merchant_subsector_description:pharmaceuticals",
            "dummy:merchant_subsector_description:real estate services",
            "dummy:merchant_subsector_description:misc entertainment",
            "dummy:merchant_subsector_description:dental",
            "dummy:merchant_subsector_description:magic cards",
            "dummy:merchant_subsector_description:financial services",
            "dummy:merchant_subsector_description:utilities",
            "dummy:merchant_subsector_description:office supplies",
            "dummy:merchant_subsector_description:phone bill",
            "dummy:merchant_subsector_description:health care technology",
            "dummy:merchant_subsector_description:adult industry",
            "dummy:merchant_subsector_description:professional photography",
            "dummy:merchant_subsector_description:astrological services",
            "dummy:merchant_subsector_description:automobiles",
            "dummy:merchant_subsector_description:education services",
            "dummy:merchant_subsector_description:software",
            "dummy:merchant_subsector_description:N/A",
            "dummy:card_reward_program:cash_back",
            "dummy:card_reward_program:travel",
            "dummy:card_reward_program:dining_entertainment",
            "dummy:merchant_state:New York",
            "dummy:merchant_state:Massachusetts",
            "dummy:merchant_state:New Hampshire",
            "dummy:merchant_state:Pennsylvania",
            "dummy:merchant_state:Connecticut",
            "dummy:merchant_state:Maine",
            "dummy:merchant_state:Vermont",
            "dummy:merchant_state:Maryland",
            "dummy:merchant_state:New Jersey",
            "dummy:merchant_state:Delaware",
            "dummy:merchant_state:Rhode Island",
            "dummy:merchant_state:N/A"
        ],
        "importances": [
            0.06643167532340925,
            0.09256882911858419,
            0.024382723555173482,
            0.11233172357899424,
            0.05272956057500865,
            0.00728903447821289,
            0.06066817989792935,
            0.09146140891695022,
            0.01828778049962362,
            0.01171336792606372,
            0.019291833422443703,
            0.01733179517916888,
            0.007082498009115845,
            0.00574775140977675,
            0.005561208610697219,
            0.0060875209239201035,
            0.005484534417691615,
            0.002479156051846475,
            0.001180757410417037,
            0.0007602466084756188,
            0.0006813487188123735,
            0.0004505923071904363,
            0.00012657868732597084,
            0.007000638359614806,
            0.010444133279860851,
            0.021197320112913833,
            0.012432846586572639,
            0.014270445574359022,
            0.04238345216451668,
            0.0662022031443403,
            0.05102161098045656,
            0.002040099346119674,
            0.027043781984745423,
            0.012219517085300358,
            0.01507228281461875,
            0.002863161794748516,
            0.0029125302079861,
            0.001794777438502118,
            0.002995531708891654,
            0.002164242105956648,
            0.002827990011416827,
            0.0009284723820946444,
            0.001042648751658946,
            0.0007098031102380108,
            0.0006508768319529021,
            0.00039639173128914177,
            0.000287477007442889,
            0.00020823216306641934,
            0.0002673662201898785,
            0.0001490226752615077,
            5.053726997037879e-05,
            2.876793727553234e-05,
            1.452903341273316e-05,
            2.0560858413523484e-05,
            7.421841958322688e-06,
            3.307337225404567e-05,
            2.8456475312215327e-05,
            1.608558425390347e-05,
            1.4575420356722306e-05,
            3.9094942397590436e-06,
            7.944925322441617e-06,
            0.014265527345418812,
            0.0075039713046962985,
            0.0069931350517571005,
            0.006607583595044998,
            0.006872112802731509,
            0.008781505258998535,
            0.006624437095957699,
            0.005192003121016374,
            0.005799776690025765,
            0.0026538962749900253,
            0.0013616438937533789,
            0.0009115048117629582,
            0.0002026373255968899,
            3.712423387724364e-05,
            5.79289539432588e-05,
            0.014252388826712896
        ]
    },
    "probaAware": true
}