{
    "metrics": {},
    "processed_feature_names": [
        "card_fico_score",
        "signature_provided",
        "purchase_dow",
        "card_age",
        "merchant_cardholder_distance",
        "purchase_weekend",
        "days_active",
        "purchase_amount",
        "dummy:item_category:D",
        "dummy:item_category:A",
        "dummy:item_category:B",
        "dummy:item_category:C",
        "dummy:item_category:N/A",
        "dummy:item_category:__Others__",
        "dummy:card_state:New York",
        "dummy:card_state:Pennsylvania",
        "dummy:card_state:Connecticut",
        "dummy:card_state:New Hampshire",
        "dummy:card_state:Massachusetts",
        "dummy:card_state:Maine",
        "dummy:card_state:Vermont",
        "dummy:card_state:Maryland",
        "dummy:card_state:New Jersey",
        "dummy:card_state:Delaware",
        "dummy:card_state:Rhode Island",
        "dummy:card_state:N/A",
        "dummy:card_state:__Others__",
        "dummy:merchant_subsector_description:gas",
        "dummy:merchant_subsector_description:consumer electronics",
        "dummy:merchant_subsector_description:luxury goods",
        "dummy:merchant_subsector_description:internet",
        "dummy:merchant_subsector_description:insurance",
        "dummy:merchant_subsector_description:groceries",
        "dummy:merchant_subsector_description:restaurant/dining",
        "dummy:merchant_subsector_description:entertainment",
        "dummy:merchant_subsector_description:gym",
        "dummy:merchant_subsector_description:carpentry",
        "dummy:merchant_subsector_description:retail apparel",
        "dummy:merchant_subsector_description:beauty & personal care",
        "dummy:merchant_subsector_description:hotel",
        "dummy:merchant_subsector_description:biotechnology",
        "dummy:merchant_subsector_description:liquor",
        "dummy:merchant_subsector_description:health care services",
        "dummy:merchant_subsector_description:advertising services",
        "dummy:merchant_subsector_description:real estate investments",
        "dummy:merchant_subsector_description:semiconductors",
        "dummy:merchant_subsector_description:tobacco",
        "dummy:merchant_subsector_description:flights",
        "dummy:merchant_subsector_description:news & journalism",
        "dummy:merchant_subsector_description:pharmaceuticals",
        "dummy:merchant_subsector_description:real estate services",
        "dummy:merchant_subsector_description:misc entertainment",
        "dummy:merchant_subsector_description:dental",
        "dummy:merchant_subsector_description:magic cards",
        "dummy:merchant_subsector_description:financial services",
        "dummy:merchant_subsector_description:utilities",
        "dummy:merchant_subsector_description:office supplies",
        "dummy:merchant_subsector_description:phone bill",
        "dummy:merchant_subsector_description:health care technology",
        "dummy:merchant_subsector_description:adult industry",
        "dummy:merchant_subsector_description:professional photography",
        "dummy:merchant_subsector_description:astrological services",
        "dummy:merchant_subsector_description:automobiles",
        "dummy:merchant_subsector_description:education services",
        "dummy:merchant_subsector_description:software",
        "dummy:merchant_subsector_description:N/A",
        "dummy:merchant_subsector_description:__Others__",
        "dummy:card_reward_program:cash_back",
        "dummy:card_reward_program:travel",
        "dummy:card_reward_program:dining_entertainment",
        "dummy:card_reward_program:N/A",
        "dummy:card_reward_program:__Others__",
        "dummy:merchant_state:New York",
        "dummy:merchant_state:Massachusetts",
        "dummy:merchant_state:New Hampshire",
        "dummy:merchant_state:Pennsylvania",
        "dummy:merchant_state:Connecticut",
        "dummy:merchant_state:Maine",
        "dummy:merchant_state:Vermont",
        "dummy:merchant_state:Maryland",
        "dummy:merchant_state:New Jersey",
        "dummy:merchant_state:Delaware",
        "dummy:merchant_state:Rhode Island",
        "dummy:merchant_state:N/A",
        "dummy:merchant_state:__Others__"
    ],
    "tiMetrics": {
        "auc": 0.7285680718095003,
        "logLoss": 0.5528433112203461,
        "lift": 1.081821855892924,
        "calibrationLoss": 0.30092880818472073
    },
    "probaPercentiles": [
        0.34229353868399576,
        0.35775459792622966,
        0.3657186450606978,
        0.37176823774479106,
        0.3768026519209148,
        0.38113073938954545,
        0.3852999196231977,
        0.38910461725414197,
        0.3927232004454882,
        0.3959651165512217,
        0.3990802257141586,
        0.4019579737914758,
        0.4045655702538167,
        0.4073798026007283,
        0.41046071779058135,
        0.4131603685423954,
        0.41625109614710354,
        0.4194852111859071,
        0.42336742289936435,
        0.42784984544357785,
        0.4328523389095599,
        0.4387852324525721,
        0.4447745975499723,
        0.4506776129778566,
        0.45572529764153946,
        0.46084231744350457,
        0.46516650930534964,
        0.46944344545526906,
        0.4728620874767129,
        0.47623966909820514,
        0.4792409954706687,
        0.48211186420229124,
        0.4850321363253144,
        0.4875214594603023,
        0.4900061428191108,
        0.49264228640009133,
        0.4950900134993804,
        0.4973970463583867,
        0.499681940710569,
        0.5018674411328177,
        0.5039879643211802,
        0.5059363937076093,
        0.508093660893492,
        0.5100028487028133,
        0.5121750941226989,
        0.5144373229661815,
        0.5165376263690415,
        0.5188949094432913,
        0.5215018187762251,
        0.5246073513531888,
        0.5279579441084828,
        0.5323451772442312,
        0.5381898608221671,
        0.5448603966033275,
        0.5543584065515982,
        0.5662260312109029,
        0.5780946141544988,
        0.5951072318106788,
        0.6101716220106747,
        0.6243192734868105,
        0.6375204868956981,
        0.6489102765885465,
        0.6586148831887692,
        0.6665040628929284,
        0.6746934321215181,
        0.6826022884878471,
        0.6899604632787226,
        0.6972908373317621,
        0.7037990057267768,
        0.7112838591976403,
        0.7175463538622823,
        0.7240203891967827,
        0.7305215496213853,
        0.7374205882943301,
        0.7439673508101247,
        0.7514965211220188,
        0.7600099748686647,
        0.7683388823083265,
        0.775761401036978,
        0.7831358553414638,
        0.789639168901251,
        0.7977210891602369,
        0.806653034154847,
        0.8179499934839184,
        0.8286334342747916,
        0.8371885393661294,
        0.8444914941055134,
        0.85082522227352,
        0.8560177761701052,
        0.861463298771202,
        0.8664924756593962,
        0.8729141985793432,
        0.8814160470398469,
        0.8897580958958968,
        0.8976936603050543,
        0.9079065097825714,
        0.9219062878338413,
        0.9343878291793083,
        0.9453743238995723
    ],
    "perCutData": {
        "cut": [
            0,
            0.025,
            0.05,
            0.075,
            0.1,
            0.125,
            0.15,
            0.175,
            0.2,
            0.225,
            0.25,
            0.275,
            0.3,
            0.325,
            0.35,
            0.375,
            0.4,
            0.425,
            0.45,
            0.475,
            0.5,
            0.525,
            0.55,
            0.575,
            0.6,
            0.625,
            0.65,
            0.675,
            0.7,
            0.725,
            0.75,
            0.775,
            0.8,
            0.825,
            0.85,
            0.875,
            0.9,
            0.925,
            0.95,
            0.975
        ],
        "tp": [
            17984,
            17984,
            17984,
            17984,
            17984,
            17984,
            17984,
            17984,
            17983,
            17983,
            17983,
            17981,
            17974,
            17942,
            17811,
            17334,
            16272,
            14940,
            14208,
            13222,
            11581,
            9607,
            8786,
            8388,
            8104,
            7775,
            7384,
            6836,
            6196,
            5472,
            4772,
            4183,
            3522,
            3056,
            2416,
            1546,
            952,
            557,
            136,
            1
        ],
        "tn": [
            0,
            0,
            0,
            0,
            0,
            0,
            0,
            6,
            6,
            8,
            13,
            21,
            40,
            68,
            110,
            276,
            564,
            858,
            1021,
            1199,
            1459,
            1692,
            1767,
            1803,
            1827,
            1851,
            1872,
            1915,
            1944,
            1979,
            2016,
            2047,
            2063,
            2076,
            2085,
            2096,
            2101,
            2104,
            2104,
            2104
        ],
        "fp": [
            2104,
            2104,
            2104,
            2104,
            2104,
            2104,
            2104,
            2098,
            2098,
            2096,
            2091,
            2083,
            2064,
            2036,
            1994,
            1828,
            1540,
            1246,
            1083,
            905,
            645,
            412,
            337,
            301,
            277,
            253,
            232,
            189,
            160,
            125,
            88,
            57,
            41,
            28,
            19,
            8,
            3,
            0,
            0,
            0
        ],
        "fn": [
            0,
            0,
            0,
            0,
            0,
            0,
            0,
            0,
            1,
            1,
            1,
            3,
            10,
            42,
            173,
            650,
            1712,
            3044,
            3776,
            4762,
            6403,
            8377,
            9198,
            9596,
            9880,
            10209,
            10600,
            11148,
            11788,
            12512,
            13212,
            13801,
            14462,
            14928,
            15568,
            16438,
            17032,
            17427,
            17848,
            17983
        ],
        "precision": [
            0.8952608522500995,
            0.8952608522500995,
            0.8952608522500995,
            0.8952608522500995,
            0.8952608522500995,
            0.8952608522500995,
            0.8952608522500995,
            0.8955283338312917,
            0.8955231313181614,
            0.8956123312913989,
            0.8958354089867491,
            0.8961822169059012,
            0.8969957081545065,
            0.898087896686355,
            0.8993183539510224,
            0.9046028598267404,
            0.9135414327419717,
            0.9230198937353268,
            0.9291740239356484,
            0.9359382742266582,
            0.9472435792573205,
            0.9588781315500549,
            0.9630603967992984,
            0.9653584992519277,
            0.9669490514258442,
            0.9684853014449427,
            0.9695378151260504,
            0.9730960854092526,
            0.974826935179358,
            0.9776666071109523,
            0.9818930041152263,
            0.9865566037735849,
            0.988492843109739,
            0.9909208819714657,
            0.9921971252566735,
            0.9948519948519948,
            0.9968586387434555,
            1.0,
            1.0,
            1.0
        ],
        "recall": [
            1.0,
            1.0,
            1.0,
            1.0,
            1.0,
            1.0,
            1.0,
            1.0,
            0.9999443950177936,
            0.9999443950177936,
            0.9999443950177936,
            0.9998331850533808,
            0.999443950177936,
            0.9976645907473309,
            0.9903803380782918,
            0.9638567615658363,
            0.9048042704626335,
            0.8307384341637011,
            0.7900355871886121,
            0.735209074733096,
            0.6439612989323843,
            0.5341970640569395,
            0.48854537366548045,
            0.46641459074733094,
            0.45062277580071175,
            0.43232873665480426,
            0.41058718861209964,
            0.38011565836298933,
            0.3445284697508897,
            0.304270462633452,
            0.265346975088968,
            0.23259564056939502,
            0.19584074733096085,
            0.1699288256227758,
            0.13434163701067617,
            0.08596530249110321,
            0.052935943060498224,
            0.03097197508896797,
            0.007562277580071174,
            5.560498220640569e-05
        ],
        "accuracy": [
            0.8952608522500995,
            0.8952608522500995,
            0.8952608522500995,
            0.8952608522500995,
            0.8952608522500995,
            0.8952608522500995,
            0.8952608522500995,
            0.8955595380326563,
            0.8955097570688969,
            0.8956093189964157,
            0.8958582238152131,
            0.8961569095977698,
            0.8967542811628834,
            0.8965551573078455,
            0.8921246515332537,
            0.8766427718040621,
            0.8381123058542413,
            0.7864396654719236,
            0.7581142970927918,
            0.7178912783751493,
            0.6491437674233373,
            0.5624751095181203,
            0.5253385105535643,
            0.5073178016726404,
            0.4943747510951812,
            0.4791915571485464,
            0.4607726005575468,
            0.4356332138590203,
            0.40521704500199124,
            0.3709179609717244,
            0.3379131819992035,
            0.3101354042214257,
            0.2780266825965751,
            0.2554759060135404,
            0.2240641178813222,
            0.18130227001194743,
            0.15198128235762645,
            0.13246714456391875,
            0.11150935882118677,
            0.1047889287136599
        ],
        "f1": [
            0.9447362891363732,
            0.9447362891363732,
            0.9447362891363732,
            0.9447362891363732,
            0.9447362891363732,
            0.9447362891363732,
            0.9447362891363732,
            0.9448851993905323,
            0.9448574806252463,
            0.9449071276567795,
            0.9450312680645331,
            0.9451745164003363,
            0.9454526326863395,
            0.9452610505242084,
            0.9426552700521316,
            0.9332902600549184,
            0.9091518605430775,
            0.874451273046532,
            0.8539744552967693,
            0.8235184204789635,
            0.766699768288646,
            0.686140770631718,
            0.6482458405577896,
            0.6289506242267461,
            0.6147544092546938,
            0.5978010149161925,
            0.576875,
            0.5466831940501419,
            0.5091207888249794,
            0.46410245536660877,
            0.4177902293818947,
            0.37643988480921525,
            0.32691325938645754,
            0.290108220998671,
            0.23664234291591169,
            0.15825570682772033,
            0.10053329109245472,
            0.06008305916617227,
            0.015011037527593819,
            0.00011120378092855156
        ],
        "mcc": [
            0.0,
            0.0,
            0.0,
            0.0,
            0.0,
            0.0,
            0.0,
            0.0505350178018542,
            0.04587519939746696,
            0.0542150550762429,
            0.07104876744517312,
            0.08699721943737987,
            0.11341650954258242,
            0.12441793293222854,
            0.11084691257310421,
            0.13877966179109105,
            0.16700554145880378,
            0.18462958199868687,
            0.19772982338781522,
            0.2044982130573953,
            0.21169247466158292,
            0.20723580609322867,
            0.20195842768254776,
            0.19985989129596293,
            0.19808129521424356,
            0.19509980106527167,
            0.18954845073979393,
            0.1864011625260159,
            0.1767761658003459,
            0.16724637071392798,
            0.15982565303363552,
            0.1542115669334973,
            0.14137506587093107,
            0.13304018282762678,
            0.11757019139590938,
            0.09417428420778763,
            0.07412506396739878,
            0.057762379877983126,
            0.02823943198204049,
            0.002413360393027123
        ],
        "hammingLoss": [
            0.10473914774990044,
            0.10473914774990044,
            0.10473914774990044,
            0.10473914774990044,
            0.10473914774990044,
            0.10473914774990044,
            0.10473914774990044,
            0.10444046196734369,
            0.10449024293110315,
            0.10439068100358423,
            0.10414177618478694,
            0.10384309040223019,
            0.10324571883711668,
            0.10344484269215452,
            0.10787534846674632,
            0.12335722819593788,
            0.16188769414575865,
            0.21356033452807646,
            0.2418857029072083,
            0.2821087216248507,
            0.3508562325766627,
            0.4375248904818797,
            0.47466148944643566,
            0.4926821983273596,
            0.5056252489048187,
            0.5208084428514536,
            0.5392273994424532,
            0.5643667861409797,
            0.5947829549980087,
            0.6290820390282756,
            0.6620868180007965,
            0.6898645957785743,
            0.721973317403425,
            0.7445240939864596,
            0.7759358821186778,
            0.8186977299880526,
            0.8480187176423736,
            0.8675328554360813,
            0.8884906411788133,
            0.8952110712863401
        ],
        "assertionsMetrics": [
            {
                "passingAssertionsRatio": 1.0,
                "perAssertion": [
                    {
                        "result": true,
                        "validRatio": 1.0,
                        "nbMatchingRows": 6176,
                        "nbDroppedRows": 0,
                        "name": "Assertion 1"
                    }
                ]
            },
            {
                "passingAssertionsRatio": 1.0,
                "perAssertion": [
                    {
                        "result": true,
                        "validRatio": 1.0,
                        "nbMatchingRows": 6176,
                        "nbDroppedRows": 0,
                        "name": "Assertion 1"
                    }
                ]
            },
            {
                "passingAssertionsRatio": 1.0,
                "perAssertion": [
                    {
                        "result": true,
                        "validRatio": 1.0,
                        "nbMatchingRows": 6176,
                        "nbDroppedRows": 0,
                        "name": "Assertion 1"
                    }
                ]
            },
            {
                "passingAssertionsRatio": 1.0,
                "perAssertion": [
                    {
                        "result": true,
                        "validRatio": 1.0,
                        "nbMatchingRows": 6176,
                        "nbDroppedRows": 0,
                        "name": "Assertion 1"
                    }
                ]
            },
            {
                "passingAssertionsRatio": 1.0,
                "perAssertion": [
                    {
                        "result": true,
                        "validRatio": 1.0,
                        "nbMatchingRows": 6176,
                        "nbDroppedRows": 0,
                        "name": "Assertion 1"
                    }
                ]
            },
            {
                "passingAssertionsRatio": 1.0,
                "perAssertion": [
                    {
                        "result": true,
                        "validRatio": 1.0,
                        "nbMatchingRows": 6176,
                        "nbDroppedRows": 0,
                        "name": "Assertion 1"
                    }
                ]
            },
            {
                "passingAssertionsRatio": 1.0,
                "perAssertion": [
                    {
                        "result": true,
                        "validRatio": 1.0,
                        "nbMatchingRows": 6176,
                        "nbDroppedRows": 0,
                        "name": "Assertion 1"
                    }
                ]
            },
            {
                "passingAssertionsRatio": 1.0,
                "perAssertion": [
                    {
                        "result": true,
                        "validRatio": 1.0,
                        "nbMatchingRows": 6176,
                        "nbDroppedRows": 0,
                        "name": "Assertion 1"
                    }
                ]
            },
            {
                "passingAssertionsRatio": 1.0,
                "perAssertion": [
                    {
                        "result": true,
                        "validRatio": 1.0,
                        "nbMatchingRows": 6176,
                        "nbDroppedRows": 0,
                        "name": "Assertion 1"
                    }
                ]
            },
            {
                "passingAssertionsRatio": 1.0,
                "perAssertion": [
                    {
                        "result": true,
                        "validRatio": 1.0,
                        "nbMatchingRows": 6176,
                        "nbDroppedRows": 0,
                        "name": "Assertion 1"
                    }
                ]
            },
            {
                "passingAssertionsRatio": 1.0,
                "perAssertion": [
                    {
                        "result": true,
                        "validRatio": 1.0,
                        "nbMatchingRows": 6176,
                        "nbDroppedRows": 0,
                        "name": "Assertion 1"
                    }
                ]
            },
            {
                "passingAssertionsRatio": 1.0,
                "perAssertion": [
                    {
                        "result": true,
                        "validRatio": 1.0,
                        "nbMatchingRows": 6176,
                        "nbDroppedRows": 0,
                        "name": "Assertion 1"
                    }
                ]
            },
            {
                "passingAssertionsRatio": 1.0,
                "perAssertion": [
                    {
                        "result": true,
                        "validRatio": 0.9995142487046632,
                        "nbMatchingRows": 6176,
                        "nbDroppedRows": 0,
                        "name": "Assertion 1"
                    }
                ]
            },
            {
                "passingAssertionsRatio": 1.0,
                "perAssertion": [
                    {
                        "result": true,
                        "validRatio": 0.9972474093264249,
                        "nbMatchingRows": 6176,
                        "nbDroppedRows": 0,
                        "name": "Assertion 1"
                    }
                ]
            },
            {
                "passingAssertionsRatio": 1.0,
                "perAssertion": [
                    {
                        "result": true,
                        "validRatio": 0.9893134715025906,
                        "nbMatchingRows": 6176,
                        "nbDroppedRows": 0,
                        "name": "Assertion 1"
                    }
                ]
            },
            {
                "passingAssertionsRatio": 1.0,
                "perAssertion": [
                    {
                        "result": true,
                        "validRatio": 0.9548251295336787,
                        "nbMatchingRows": 6176,
                        "nbDroppedRows": 0,
                        "name": "Assertion 1"
                    }
                ]
            },
            {
                "passingAssertionsRatio": 1.0,
                "perAssertion": [
                    {
                        "result": true,
                        "validRatio": 0.8805051813471503,
                        "nbMatchingRows": 6176,
                        "nbDroppedRows": 0,
                        "name": "Assertion 1"
                    }
                ]
            },
            {
                "passingAssertionsRatio": 0.0,
                "perAssertion": [
                    {
                        "result": false,
                        "validRatio": 0.8022992227979274,
                        "nbMatchingRows": 6176,
                        "nbDroppedRows": 0,
                        "name": "Assertion 1"
                    }
                ]
            },
            {
                "passingAssertionsRatio": 0.0,
                "perAssertion": [
                    {
                        "result": false,
                        "validRatio": 0.7645725388601037,
                        "nbMatchingRows": 6176,
                        "nbDroppedRows": 0,
                        "name": "Assertion 1"
                    }
                ]
            },
            {
                "passingAssertionsRatio": 0.0,
                "perAssertion": [
                    {
                        "result": false,
                        "validRatio": 0.7053108808290155,
                        "nbMatchingRows": 6176,
                        "nbDroppedRows": 0,
                        "name": "Assertion 1"
                    }
                ]
            },
            {
                "passingAssertionsRatio": 0.0,
                "perAssertion": [
                    {
                        "result": false,
                        "validRatio": 0.6067033678756477,
                        "nbMatchingRows": 6176,
                        "nbDroppedRows": 0,
                        "name": "Assertion 1"
                    }
                ]
            },
            {
                "passingAssertionsRatio": 0.0,
                "perAssertion": [
                    {
                        "result": false,
                        "validRatio": 0.4996761658031088,
                        "nbMatchingRows": 6176,
                        "nbDroppedRows": 0,
                        "name": "Assertion 1"
                    }
                ]
            },
            {
                "passingAssertionsRatio": 0.0,
                "perAssertion": [
                    {
                        "result": false,
                        "validRatio": 0.4630829015544041,
                        "nbMatchingRows": 6176,
                        "nbDroppedRows": 0,
                        "name": "Assertion 1"
                    }
                ]
            },
            {
                "passingAssertionsRatio": 0.0,
                "perAssertion": [
                    {
                        "result": false,
                        "validRatio": 0.44365284974093266,
                        "nbMatchingRows": 6176,
                        "nbDroppedRows": 0,
                        "name": "Assertion 1"
                    }
                ]
            },
            {
                "passingAssertionsRatio": 0.0,
                "perAssertion": [
                    {
                        "result": false,
                        "validRatio": 0.43037564766839376,
                        "nbMatchingRows": 6176,
                        "nbDroppedRows": 0,
                        "name": "Assertion 1"
                    }
                ]
            },
            {
                "passingAssertionsRatio": 0.0,
                "perAssertion": [
                    {
                        "result": false,
                        "validRatio": 0.4119170984455959,
                        "nbMatchingRows": 6176,
                        "nbDroppedRows": 0,
                        "name": "Assertion 1"
                    }
                ]
            },
            {
                "passingAssertionsRatio": 0.0,
                "perAssertion": [
                    {
                        "result": false,
                        "validRatio": 0.39281088082901555,
                        "nbMatchingRows": 6176,
                        "nbDroppedRows": 0,
                        "name": "Assertion 1"
                    }
                ]
            },
            {
                "passingAssertionsRatio": 0.0,
                "perAssertion": [
                    {
                        "result": false,
                        "validRatio": 0.36107512953367876,
                        "nbMatchingRows": 6176,
                        "nbDroppedRows": 0,
                        "name": "Assertion 1"
                    }
                ]
            },
            {
                "passingAssertionsRatio": 0.0,
                "perAssertion": [
                    {
                        "result": false,
                        "validRatio": 0.3273963730569948,
                        "nbMatchingRows": 6176,
                        "nbDroppedRows": 0,
                        "name": "Assertion 1"
                    }
                ]
            },
            {
                "passingAssertionsRatio": 0.0,
                "perAssertion": [
                    {
                        "result": false,
                        "validRatio": 0.2822215025906736,
                        "nbMatchingRows": 6176,
                        "nbDroppedRows": 0,
                        "name": "Assertion 1"
                    }
                ]
            },
            {
                "passingAssertionsRatio": 0.0,
                "perAssertion": [
                    {
                        "result": false,
                        "validRatio": 0.24125647668393782,
                        "nbMatchingRows": 6176,
                        "nbDroppedRows": 0,
                        "name": "Assertion 1"
                    }
                ]
            },
            {
                "passingAssertionsRatio": 0.0,
                "perAssertion": [
                    {
                        "result": false,
                        "validRatio": 0.20790155440414507,
                        "nbMatchingRows": 6176,
                        "nbDroppedRows": 0,
                        "name": "Assertion 1"
                    }
                ]
            },
            {
                "passingAssertionsRatio": 0.0,
                "perAssertion": [
                    {
                        "result": false,
                        "validRatio": 0.1719559585492228,
                        "nbMatchingRows": 6176,
                        "nbDroppedRows": 0,
                        "name": "Assertion 1"
                    }
                ]
            },
            {
                "passingAssertionsRatio": 0.0,
                "perAssertion": [
                    {
                        "result": false,
                        "validRatio": 0.1479922279792746,
                        "nbMatchingRows": 6176,
                        "nbDroppedRows": 0,
                        "name": "Assertion 1"
                    }
                ]
            },
            {
                "passingAssertionsRatio": 0.0,
                "perAssertion": [
                    {
                        "result": false,
                        "validRatio": 0.10783678756476683,
                        "nbMatchingRows": 6176,
                        "nbDroppedRows": 0,
                        "name": "Assertion 1"
                    }
                ]
            },
            {
                "passingAssertionsRatio": 0.0,
                "perAssertion": [
                    {
                        "result": false,
                        "validRatio": 0.06460492227979274,
                        "nbMatchingRows": 6176,
                        "nbDroppedRows": 0,
                        "name": "Assertion 1"
                    }
                ]
            },
            {
                "passingAssertionsRatio": 0.0,
                "perAssertion": [
                    {
                        "result": false,
                        "validRatio": 0.03562176165803109,
                        "nbMatchingRows": 6176,
                        "nbDroppedRows": 0,
                        "name": "Assertion 1"
                    }
                ]
            },
            {
                "passingAssertionsRatio": 0.0,
                "perAssertion": [
                    {
                        "result": false,
                        "validRatio": 0.015058290155440414,
                        "nbMatchingRows": 6176,
                        "nbDroppedRows": 0,
                        "name": "Assertion 1"
                    }
                ]
            },
            {
                "passingAssertionsRatio": 0.0,
                "perAssertion": [
                    {
                        "result": false,
                        "validRatio": 0.00469559585492228,
                        "nbMatchingRows": 6176,
                        "nbDroppedRows": 0,
                        "name": "Assertion 1"
                    }
                ]
            },
            {
                "passingAssertionsRatio": 0.0,
                "perAssertion": [
                    {
                        "result": false,
                        "validRatio": 0.0,
                        "nbMatchingRows": 6176,
                        "nbDroppedRows": 0,
                        "name": "Assertion 1"
                    }
                ]
            }
        ]
    },
    "optimalThreshold": 0.3,
    "usedThreshold": 0.3,
    "rocVizData": [
        [
            {
                "x": 0.0,
                "y": 0.0,
                "p": 1.9752147919733893
            },
            {
                "x": 0.0009505703422053232,
                "y": 0.05165702846975089,
                "p": 0.9013527178581922
            },
            {
                "x": 0.004752851711026616,
                "y": 0.10314724199288257,
                "p": 0.8647113757730304
            },
            {
                "x": 0.011406844106463879,
                "y": 0.14685275800711745,
                "p": 0.8425356476581443
            },
            {
                "x": 0.0185361216730038,
                "y": 0.19511788256227758,
                "p": 0.8007383158743138
            },
            {
                "x": 0.028517110266159697,
                "y": 0.23554270462633453,
                "p": 0.7731810096684717
            },
            {
                "x": 0.043726235741444866,
                "y": 0.2722419928825623,
                "p": 0.7454037000232019
            },
            {
                "x": 0.060836501901140684,
                "y": 0.30516014234875444,
                "p": 0.7243964036506135
            },
            {
                "x": 0.07509505703422054,
                "y": 0.34119217081850534,
                "p": 0.7018011519894958
            },
            {
                "x": 0.08887832699619772,
                "y": 0.3776690391459075,
                "p": 0.6768846290909195
            },
            {
                "x": 0.10836501901140684,
                "y": 0.40964190391459077,
                "p": 0.6509528516544059
            },
            {
                "x": 0.12642585551330798,
                "y": 0.44167037366548045,
                "p": 0.6116746516602438
            },
            {
                "x": 0.1473384030418251,
                "y": 0.47119661921708184,
                "p": 0.5699365991726134
            },
            {
                "x": 0.16872623574144488,
                "y": 0.49988879003558717,
                "p": 0.5411425744455961
            },
            {
                "x": 0.19011406844106463,
                "y": 0.5292482206405694,
                "p": 0.5266982609050832
            },
            {
                "x": 0.21577946768060838,
                "y": 0.5537144128113879,
                "p": 0.5191973764226784
            },
            {
                "x": 0.24049429657794677,
                "y": 0.5790702846975089,
                "p": 0.5136759181702344
            },
            {
                "x": 0.2661596958174905,
                "y": 0.603480871886121,
                "p": 0.5084178013187565
            },
            {
                "x": 0.29372623574144485,
                "y": 0.626779359430605,
                "p": 0.5036036164975601
            },
            {
                "x": 0.3179657794676806,
                "y": 0.6525800711743772,
                "p": 0.4979102441943374
            },
            {
                "x": 0.3450570342205323,
                "y": 0.6757673487544484,
                "p": 0.4922581901747114
            },
            {
                "x": 0.3745247148288973,
                "y": 0.696674822064057,
                "p": 0.4868610350008939
            },
            {
                "x": 0.40399239543726234,
                "y": 0.7175266903914591,
                "p": 0.480802340149247
            },
            {
                "x": 0.43488593155893535,
                "y": 0.7369328291814946,
                "p": 0.4743924690539618
            },
            {
                "x": 0.46720532319391633,
                "y": 0.755060053380783,
                "p": 0.467325313664426
            },
            {
                "x": 0.49714828897338403,
                "y": 0.7754670818505338,
                "p": 0.45751385200896016
            },
            {
                "x": 0.5270912547528517,
                "y": 0.7957629003558719,
                "p": 0.4461377590465496
            },
            {
                "x": 0.55893536121673,
                "y": 0.8143905693950177,
                "p": 0.43413311327083226
            },
            {
                "x": 0.592680608365019,
                "y": 0.8309608540925267,
                "p": 0.42497413208704865
            },
            {
                "x": 0.6273764258555133,
                "y": 0.8468082740213523,
                "p": 0.4183426048416063
            },
            {
                "x": 0.6592205323193916,
                "y": 0.8657139679715302,
                "p": 0.4119511956648986
            },
            {
                "x": 0.6934410646387833,
                "y": 0.8823398576512456,
                "p": 0.40654313982862456
            },
            {
                "x": 0.7248098859315589,
                "y": 0.9013567615658363,
                "p": 0.4011314206223625
            },
            {
                "x": 0.7595057034220533,
                "y": 0.9172597864768683,
                "p": 0.3957962638681809
            },
            {
                "x": 0.7937262357414449,
                "y": 0.933107206405694,
                "p": 0.389631823946598
            },
            {
                "x": 0.8293726235741445,
                "y": 0.9481205516014235,
                "p": 0.3830365079898468
            },
            {
                "x": 0.8659695817490495,
                "y": 0.9618549822064056,
                "p": 0.3760399960695649
            },
            {
                "x": 0.901615969581749,
                "y": 0.9765346975088968,
                "p": 0.3667938695954654
            },
            {
                "x": 0.9401140684410646,
                "y": 0.9881005338078291,
                "p": 0.35372126649410185
            },
            {
                "x": 0.9795627376425855,
                "y": 0.9992771352313167,
                "p": 0.3059867396865128
            },
            {
                "x": 1.0,
                "y": 1.0,
                "p": 0.15099051106261685
            }
        ]
    ],
    "liftVizData": {
        "bins": [
            {
                "bin_pos_prop": 0.9945246391,
                "bin_lift": 1.1108769434,
                "cum_lift": 0.1110987544,
                "cum_size": 0.1000099562,
                "bin_min": 0.8614632988,
                "bin_max": 0.975214792,
                "percentile_idx": 0
            },
            {
                "bin_pos_prop": 0.9800895968,
                "bin_lift": 1.0947531039,
                "cum_lift": 0.2205849644,
                "cum_size": 0.2000199124,
                "bin_min": 0.7831358553,
                "bin_max": 0.8614632988,
                "percentile_idx": 1
            },
            {
                "bin_pos_prop": 0.9532105525,
                "bin_lift": 1.0647294027,
                "cum_lift": 0.3270685053,
                "cum_size": 0.3000298686,
                "bin_min": 0.7112838592,
                "bin_max": 0.7831358553,
                "percentile_idx": 2
            },
            {
                "bin_pos_prop": 0.9462151394,
                "bin_lift": 1.0569155761,
                "cum_lift": 0.4327179715,
                "cum_size": 0.3999900438,
                "bin_min": 0.6243192735,
                "bin_max": 0.7112838592,
                "percentile_idx": 3
            },
            {
                "bin_pos_prop": 0.9203583873,
                "bin_lift": 1.028033768,
                "cum_lift": 0.5355315836,
                "cum_size": 0.5,
                "bin_min": 0.5246073514,
                "bin_max": 0.6243192735,
                "percentile_idx": 4
            },
            {
                "bin_pos_prop": 0.8919860627,
                "bin_lift": 0.9963420834,
                "cum_lift": 0.6351757117,
                "cum_size": 0.6000099562,
                "bin_min": 0.5018674411,
                "bin_max": 0.5246073514,
                "percentile_idx": 5
            },
            {
                "bin_pos_prop": 0.8660358566,
                "bin_lift": 0.9673558878,
                "cum_lift": 0.7318727758,
                "cum_size": 0.6999701314,
                "bin_min": 0.4762396691,
                "bin_max": 0.5018674411,
                "percentile_idx": 6
            },
            {
                "bin_pos_prop": 0.8392234943,
                "bin_lift": 0.93740667,
                "cum_lift": 0.8256227758,
                "cum_size": 0.7999800876,
                "bin_min": 0.4278498454,
                "bin_max": 0.4762396691,
                "percentile_idx": 7
            },
            {
                "bin_pos_prop": 0.8143354903,
                "bin_lift": 0.9096069467,
                "cum_lift": 0.9165925267,
                "cum_size": 0.8999900438,
                "bin_min": 0.3959651166,
                "bin_max": 0.4278498454,
                "percentile_idx": 8
            },
            {
                "bin_pos_prop": 0.7466401195,
                "bin_lift": 0.8339916993,
                "cum_lift": 1.0,
                "cum_size": 1.0,
                "bin_min": 0.1509905111,
                "bin_max": 0.3959651166,
                "percentile_idx": 9
            }
        ],
        "wizard": {
            "positives": 17984,
            "total": 20088
        }
    },
    "densityData": {
        "0": {
            "correct": [
                0.0001625430946934746,
                0.0004736563957724315,
                0.0012263775012735197,
                0.0028385436094601484,
                0.005912903519368509,
                0.011165401696953558,
                0.01926092267782797,
                0.03061575381570355,
                0.04528925650514746,
                0.06305402857880069,
                0.08355391549128699,
                0.10628436185698237,
                0.1302721918823873,
                0.15382140573896136,
                0.17495863114729687,
                0.19267651595683563,
                0.20812565983383388,
                0.22468782261151304,
                0.24676380888411711,
                0.27811176100903123,
                0.32060437201637154,
                0.3736122857974959,
                0.4338689735644634,
                0.49585251178473566,
                0.552834592499344,
                0.5985285400319152,
                0.6290012717836915,
                0.6442514095498523,
                0.6484807595416079,
                0.6481612181598211,
                0.648293029909853,
                0.649117834661196,
                0.6459657173290886,
                0.6328124607717155,
                0.6070785431402573,
                0.5721052610149983,
                0.5357683969920921,
                0.5069288896078147,
                0.4928485158019718,
                0.4993764279703098,
                0.5334937836645838,
                0.6067260021036147,
                0.7377483293457889,
                0.9518051205523896,
                1.2739258115057732,
                1.7151547964951874,
                2.256917267965236,
                2.8437521978701965,
                3.3927441354331322,
                3.8186554420802357,
                4.064192588457659,
                4.122301941293305,
                4.041695040218159,
                3.9127973274180117,
                3.8367324349411795,
                3.886359175029894,
                4.074732212925486,
                4.346702996906749,
                4.5995356861940495,
                4.722987370351732,
                4.6392953226342435,
                4.32614079679026,
                3.817340050459646,
                3.1866369292387438,
                2.5235341174107746,
                1.9089419717900258,
                1.3970271172763105,
                1.00809733064187,
                0.7334220880602413,
                0.5476228671902813,
                0.4217216407995729,
                0.3318509271881266,
                0.26250058806796905,
                0.20577456651264045,
                0.1587335128511195,
                0.12056235306787495,
                0.09072266822473476,
                0.06842988631014388,
                0.05293158717057953,
                0.043704910929700434,
                0.04008407215773017,
                0.040587288915601906,
                0.04266961317949612,
                0.043379659842302035,
                0.04062570373944883,
                0.03414344089162054,
                0.025419229096683715,
                0.016653958537346504,
                0.009567881841978378,
                0.004809522629963153,
                0.002112107668409612,
                0.0008093908625789934,
                0.00027041321959838,
                7.870343277249129e-05,
                1.9942429840525142e-05,
                4.39690925550756e-06,
                8.431504807320807e-07,
                1.4056751837852554e-07,
                2.036795763125423e-08,
                2.5643363339638555e-09
            ],
            "incorrect": [
                0.05524870643149061,
                0.10945386328508659,
                0.1935374640285317,
                0.3072480783641532,
                0.4417709441591101,
                0.5825530908398789,
                0.7165470052088988,
                0.8390531217002294,
                0.9548612396152508,
                1.0727470522051732,
                1.1973450207721033,
                1.3234999627321284,
                1.4358521189050806,
                1.51396142526795,
                1.5415544942176382,
                1.5160951976414032,
                1.4528785285900734,
                1.379683252683827,
                1.3241077370825902,
                1.301300555784972,
                1.3097515872427317,
                1.3369389522988293,
                1.3696598606851698,
                1.401258569748807,
                1.4315189288625778,
                1.4613831762452572,
                1.4882428151661211,
                1.5056451214827966,
                1.5065785862046885,
                1.486804821635355,
                1.4457842249875708,
                1.3854792958906688,
                1.308864703347774,
                1.2195075285345838,
                1.1221648691251058,
                1.0233582049494623,
                0.9310128825376509,
                0.8532579021168157,
                0.7974299678058184,
                0.7703491326054738,
                0.7800593616407511,
                0.8381985777688676,
                0.9613628949687768,
                1.1690924007558103,
                1.4760826119828587,
                1.8788328791212612,
                2.3426099004987235,
                2.7991839280276842,
                3.162880965782515,
                3.3610589698455775,
                3.3635481191963055,
                3.19466920130266,
                2.9225093555807753,
                2.6331883046810014,
                2.402662946740277,
                2.2750185860532315,
                2.2513924929228812,
                2.291946829664381,
                2.3317869941130285,
                2.306538628457073,
                2.1768716721312726,
                1.9404736186678253,
                1.6272937933853289,
                1.2835031182153929,
                0.9539430865345839,
                0.6703435028162039,
                0.4474361394155307,
                0.2853138051158149,
                0.17492812466459087,
                0.10377752691353696,
                0.05992199596571432,
                0.033860731826277767,
                0.018830549494667642,
                0.010362510973707842,
                0.005676549362682051,
                0.0031418081595822873,
                0.0018423316787530505,
                0.0012529587199355428,
                0.0010366873669842797,
                0.0009574911676207453,
                0.0008680865021223787,
                0.0007143700129603857,
                0.0005161265560810683,
                0.0003233397551705281,
                0.00017485527192231078,
                8.149088542326488e-05,
                3.271089930401558e-05,
                1.130665574838414e-05,
                3.3651063821788055e-06,
                8.623293010446022e-07,
                1.9026206918079722e-07,
                3.614382608291022e-08,
                5.911778418396436e-09,
                8.325378976101182e-10,
                1.0094658024526053e-10,
                1.0538551064391067e-11,
                9.472658397392424e-13,
                7.331021960884827e-14,
                4.884935515684972e-15,
                2.8025593541466714e-16
            ],
            "correctMedian": 0.5435370884968229,
            "incorrectMedian": 0.459001469950121
        },
        "1": {
            "correct": [
                2.802559354146432e-16,
                4.8849355156846596e-15,
                7.331021960884409e-14,
                9.472658397391818e-13,
                1.0538551064390618e-11,
                1.0094658024525695e-10,
                8.32537897610071e-10,
                5.911778418396206e-09,
                3.614382608290829e-08,
                1.9026206918079013e-07,
                8.623293010445777e-07,
                3.365106382178668e-06,
                1.1306655748383878e-05,
                3.271089930401453e-05,
                8.149088542326328e-05,
                0.0001748552719223049,
                0.0003233397551705247,
                0.000516126556081067,
                0.0007143700129603521,
                0.0008680865021223772,
                0.000957491167620747,
                0.0010366873669842916,
                0.0012529587199355562,
                0.0018423316787532697,
                0.0031418081595823485,
                0.0056765493626821225,
                0.010362510973707906,
                0.018830549494668225,
                0.03386073182627756,
                0.05992199596571145,
                0.10377752691353255,
                0.17492812466458996,
                0.28531380511582305,
                0.44743613941551474,
                0.6703435028162135,
                0.9539430865345805,
                1.2835031182153838,
                1.6272937933853173,
                1.9404736186677185,
                2.1768716721313073,
                2.306538628457081,
                2.3317869941130036,
                2.2919468296642345,
                2.2513924929227773,
                2.2750185860532075,
                2.402662946740213,
                2.6331883046809543,
                2.922509355580843,
                3.194669201302796,
                3.3635481191963295,
                3.3610589698454163,
                3.162880965782813,
                2.7991839280274156,
                2.34260990049864,
                1.8788328791213613,
                1.476082611982843,
                1.169092400755802,
                0.9613628949687443,
                0.83819857776889,
                0.7800593616407205,
                0.7703491326054382,
                0.7974299678058184,
                0.853257902116831,
                0.9310128825377088,
                1.0233582049494623,
                1.1221648691251136,
                1.2195075285346098,
                1.3088647033477694,
                1.3854792958906517,
                1.445784224987599,
                1.48680482163531,
                1.5065785862047554,
                1.5056451214828126,
                1.4882428151661342,
                1.4613831762452703,
                1.431518928862527,
                1.4012585697487971,
                1.3696598606851575,
                1.3369389522987936,
                1.3097515872426455,
                1.3013005557850068,
                1.3241077370826397,
                1.3796832526838172,
                1.45287852859005,
                1.51609519764139,
                1.5415544942176356,
                1.513961425267958,
                1.4358521189050524,
                1.3234999627321167,
                1.1973450207721181,
                1.0727470522051827,
                0.9548612396152203,
                0.8390531217002218,
                0.7165470052088835,
                0.5825530908398873,
                0.44177094415910073,
                0.30724807836416523,
                0.19353746402853547,
                0.10945386328508562,
                0.055248706431491
            ],
            "incorrect": [
                2.5643363339639374e-09,
                2.0367957631255027e-08,
                1.4056751837853155e-07,
                8.431504807321062e-07,
                4.396909255507701e-06,
                1.9942429840525783e-05,
                7.87034327724927e-05,
                0.00027041321959838575,
                0.000809390862579002,
                0.0021121076684096443,
                0.004809522629963226,
                0.009567881841978446,
                0.016653958537346608,
                0.02541922909668374,
                0.03414344089162057,
                0.04062570373944879,
                0.043379659842302,
                0.042669613179496045,
                0.040587288915601906,
                0.04008407215773013,
                0.0437049109297002,
                0.05293158717057972,
                0.06842988631014454,
                0.0907226682247354,
                0.1205623530678757,
                0.15873351285112147,
                0.2057745665126399,
                0.2625005880679663,
                0.3318509271881272,
                0.42172164079957625,
                0.5476228671902905,
                0.7334220880602563,
                1.0080973306418652,
                1.3970271172762991,
                1.908941971790036,
                2.5235341174107475,
                3.1866369292387264,
                3.817340050459612,
                4.326140796790368,
                4.6392953226342435,
                4.722987370351682,
                4.5995356861940575,
                4.346702996906787,
                4.074732212925529,
                3.886359175029804,
                3.8367324349411795,
                3.912797327418081,
                4.041695040218159,
                4.122301941293202,
                4.0641925884576375,
                3.818655442080283,
                3.392744135433096,
                2.8437521978702116,
                2.256917267965236,
                1.7151547964951903,
                1.2739258115057586,
                0.9518051205523896,
                0.7377483293457857,
                0.6067260021036175,
                0.5334937836645748,
                0.499376427970316,
                0.4928485158019762,
                0.5069288896078165,
                0.5357683969920998,
                0.5721052610149927,
                0.6070785431402606,
                0.6328124607717177,
                0.6459657173290857,
                0.6491178346612007,
                0.6482930299098566,
                0.6481612181598211,
                0.6484807595416039,
                0.6442514095498483,
                0.6290012717836886,
                0.5985285400319136,
                0.5528345924993499,
                0.49585251178473305,
                0.43386897356446263,
                0.3736122857974965,
                0.320604372016371,
                0.27811176100903023,
                0.24676380888411756,
                0.22468782261151282,
                0.20812565983383427,
                0.19267651595683546,
                0.1749586311472967,
                0.15382140573896136,
                0.13027219188238717,
                0.10628436185698219,
                0.0835539154912867,
                0.06305402857880052,
                0.045289256505147375,
                0.03061575381570333,
                0.019260922677827873,
                0.011165401696953408,
                0.005912903519368435,
                0.0028385436094601132,
                0.0012263775012734924,
                0.0004736563957724235,
                0.0001625430946934723
            ],
            "correctMedian": 0.5409985300498792,
            "incorrectMedian": 0.45646291150317697
        }
    },
    "calibrationData": [
        {
            "y": 0,
            "x": 0,
            "n": 0
        },
        {
            "y": 0.14285714285714285,
            "x": 0.16439905549302095,
            "n": 7.0
        },
        {
            "y": 0.20930232558139536,
            "x": 0.27443505062848417,
            "n": 43.0
        },
        {
            "y": 0.7646001796945193,
            "x": 0.37601567090908367,
            "n": 2226.0
        },
        {
            "y": 0.8397780164697458,
            "x": 0.45263292621683193,
            "n": 5586.0
        },
        {
            "y": 0.9042912873862159,
            "x": 0.5289460943318536,
            "n": 3845.0
        },
        {
            "y": 0.9422222222222222,
            "x": 0.6571920274311799,
            "n": 2025.0
        },
        {
            "y": 0.9573934837092731,
            "x": 0.7483589887129198,
            "n": 2793.0
        },
        {
            "y": 0.9854294478527608,
            "x": 0.8528346662844194,
            "n": 2608.0
        },
        {
            "y": 0.9968586387434555,
            "x": 0.9293237058229279,
            "n": 955.0
        },
        {
            "y": 1,
            "x": 1,
            "n": 0
        }
    ],
    "probaDistribData": {
        "bins": [
            0.0,
            0.1,
            0.2,
            0.3,
            0.4,
            0.5,
            0.6,
            0.7,
            0.8,
            0.9,
            1.0
        ],
        "probaDistribs": [
            [
                0.0,
                6.0,
                34.0,
                524.0,
                895.0,
                368.0,
                117.0,
                119.0,
                38.0,
                3.0
            ],
            [
                0.0,
                1.0,
                9.0,
                1702.0,
                4691.0,
                3477.0,
                1908.0,
                2674.0,
                2570.0,
                952.0
            ]
        ]
    },
    "globalMetrics": {
        "testWeight": 20088,
        "targetAvg": [
            0.8952608522500995
        ],
        "targetStd": [
            0.3062246345659368
        ],
        "predictionAvg": [
            0.9975109518120271
        ],
        "predictionStd": [
            0.04982947352772934
        ]
    }
}