{
  "state": "DONE",
  "preSearchDescription": {
    "gridLength": 9,
    "searchStrategy": "GRID",
    "importantParams": [
      {
        "name": "trees",
        "vals": [
          "100",
          "150",
          "200"
        ]
      },
      {
        "name": "depth",
        "vals": [
          "6",
          "15",
          "20"
        ]
      },
      {
        "name": "min_samples",
        "vals": [
          "1"
        ]
      }
    ]
  },
  "postSearchDescription": {
    "importantParams": [
      {
        "name": "trees",
        "val": "200"
      },
      {
        "name": "depth",
        "val": "15"
      },
      {
        "name": "min_samples",
        "val": "1"
      }
    ]
  },
  "resumed": false,
  "timeOrderingEnabled": false,
  "sampleWeightsEnabled": false,
  "modelId": "m1",
  "progress": {
    "top_level_todo": [],
    "stack": [],
    "top_level_done": [
      {
        "name": "Loading train set",
        "time": 953
      },
      {
        "name": "Loading test set",
        "time": 277
      },
      {
        "name": "Collecting statistics",
        "time": 127
      },
      {
        "name": "Preprocessing train set",
        "time": 284
      },
      {
        "name": "Preprocessing test set",
        "time": 87
      },
      {
        "name": "Hyperparameter searching",
        "time": 132960
      },
      {
        "name": "Fitting model",
        "time": 6089
      },
      {
        "name": "Saving model",
        "time": 207
      },
      {
        "name": "Scoring model",
        "time": 9866
      }
    ]
  },
  "startTime": 1673496111045,
  "endTime": 1673496262279,
  "preprocessingTime": 1730,
  "trainingTime": 149504,
  "hyperparamsSearchTime": 132960
}