{
  "description": "",
  "name": "Random forest (First try)",
  "starred": false,
  "clusterMetas": {},
  "customMeta": {
    "kv": {}
  },
  "tags": [],
  "activeClassifierThreshold": 0.3,
  "labels": [
    {
      "key": "trainDataset:dataset-name",
      "value": "transactions_known"
    },
    {
      "key": "testDataset:dataset-name",
      "value": "transactions_known"
    },
    {
      "key": "model:algorithm",
      "value": "RANDOM_FOREST_CLASSIFICATION"
    },
    {
      "key": "model:date",
      "value": "2023-01-12 04:04:22"
    }
  ]
}