{
  "checklists": {
    "checklists": []
  },
  "checks": [],
  "creationTag": {
    "lastModifiedBy": {
      "login": "admin"
    },
    "lastModifiedOn": 1738928527441,
    "versionNumber": 0
  },
  "customFields": {},
  "customMeta": {
    "kv": {}
  },
  "dkuProperties": [],
  "featureGroup": false,
  "flowOptions": {
    "crossProjectBuildBehavior": "DEFAULT",
    "rebuildBehavior": "NORMAL",
    "virtualizable": false
  },
  "formatParams": {
    "arrayMapFormat": "json",
    "charset": "utf-8",
    "compress": "",
    "dateSerializationFormat": "ISO",
    "escapeChar": "\\",
    "fileReadFailureBehavior": "FAIL",
    "hiveSeparators": [
      "\u0002",
      "\u0003",
      "\u0004",
      "\u0005",
      "\u0006",
      "\u0007",
      "\b"
    ],
    "maxRowChars": 100000000,
    "normalizeBooleans": false,
    "normalizeDoubles": true,
    "parseHeaderRow": true,
    "probableNumberOfRecords": 9,
    "quoteChar": "\"",
    "readAdditionalColumnsBehavior": "INSERT_IN_DATA_WARNING",
    "readDataTypeMismatchBehavior": "DISCARD_WARNING",
    "readMissingColumnsBehavior": "DISCARD_SILENT",
    "separator": ",",
    "skipRowsAfterHeader": 0,
    "skipRowsBeforeHeader": 0,
    "style": "excel",
    "writeDataTypeMismatchBehavior": "DISCARD_WARNING"
  },
  "formatType": "csv",
  "managed": false,
  "metrics": {
    "displayedState": {
      "columns": [],
      "metrics": [
        "basic:COUNT_COLUMNS",
        "basic:COUNT_FILES",
        "basic:SIZE",
        "records:COUNT_RECORDS"
      ]
    },
    "engineConfig": {
      "basic": {},
      "dss": {
        "active": true,
        "selection": {
          "ascending": true,
          "filter": {
            "distinct": false,
            "enabled": false
          },
          "latestPartitionsN": 1,
          "maxReadUncompressedBytes": -1,
          "maxRecords": -1,
          "ordering": {
            "enabled": false,
            "rules": []
          },
          "partitionSelectionMethod": "ALL",
          "samplingMethod": "FULL",
          "targetRatio": 0.02,
          "useMemTable": false,
          "withinFirstN": -1
        }
      },
      "hive": {
        "active": true,
        "extraConf": []
      },
      "impala": {
        "active": true
      },
      "padRunsWithMetrics": false,
      "python": {},
      "spark": {
        "active": true,
        "extraConf": []
      },
      "sql": {
        "active": true
      }
    },
    "probes": [
      {
        "computeOnBuildMode": "PARTITION",
        "configuration": {},
        "enabled": true,
        "meta": {
          "level": 0,
          "name": "Basic data"
        },
        "type": "basic"
      },
      {
        "computeOnBuildMode": "NO",
        "configuration": {},
        "enabled": true,
        "meta": {
          "level": 0,
          "name": "Record count"
        },
        "type": "records"
      }
    ]
  },
  "metricsChecks": {
    "checks": [],
    "displayedState": {
      "checks": []
    },
    "monitor": false
  },
  "params": {
    "filesSelectionRules": {
      "excludeRules": [],
      "explicitFiles": [],
      "includeRules": [],
      "mode": "ALL"
    },
    "notReadyIfEmpty": false,
    "uploadConnection": "Default (in DSS data dir.)",
    "variablesExpansionLoopConfig": {
      "enabled": false,
      "mode": "CREATE_VARIABLE_FOR_EACH_COLUMN",
      "replacements": []
    }
  },
  "partitioning": {
    "considerMissingRequestedPartitionsAsEmpty": false,
    "dimensions": [],
    "ignoreNonMatchingFile": false
  },
  "readWriteOptions": {
    "defaultReadOrdering": {
      "enabled": false,
      "rules": []
    },
    "forceSingleOutputFile": false,
    "preserveOrder": false,
    "writeBuckets": 1
  },
  "schema": {
    "columns": [
      {
        "name": "YEAR",
        "type": "string"
      },
      {
        "name": "BY YEAR NO",
        "type": "string"
      },
      {
        "name": "BY ROUND NO",
        "type": "string"
      },
      {
        "name": "TEAM NO",
        "type": "string"
      },
      {
        "name": "TEAM",
        "type": "string"
      },
      {
        "name": "SEED",
        "type": "string"
      },
      {
        "name": "ROUND",
        "type": "string"
      },
      {
        "name": "CURRENT ROUND",
        "type": "string"
      },
      {
        "name": "SCORE",
        "type": "string"
      }
    ],
    "userModified": true
  },
  "tags": [],
  "type": "UploadedFiles",
  "typeSystemVersion": "V1"
}