{
  "starred": false,
  "clusterMetas": {},
  "sessionName": "Analysis_Test1",
  "customMeta": {
    "kv": {}
  },
  "tags": [],
  "activeClassifierThreshold": 0.5,
  "description": "",
  "name": "Random forest (Analysis_Test1) - v1",
  "labels": [
    {
      "key": "trainDataset:dataset-name",
      "value": "training"
    },
    {
      "key": "testDataset:dataset-name",
      "value": "training"
    },
    {
      "key": "evaluationDataset:dataset-name",
      "value": "training"
    },
    {
      "key": "model:algorithm",
      "value": "RANDOM_FOREST_CLASSIFICATION"
    },
    {
      "key": "model:session-name",
      "value": "Analysis_Test1"
    },
    {
      "key": "model:date",
      "value": "2022-12-12T15:00:29.926+0000"
    },
    {
      "key": "evaluation:date",
      "value": "2022-12-12T15:00:29.926+0000"
    },
    {
      "key": "model:name",
      "value": "Random forest (Analysis_Test1) - v1"
    }
  ]
}