{
    "startedAt": 1697809339439,
    "gridSize": 3,
    "nThreads": 1,
    "nSplits": 3,
    "metric": "MAPE",
    "timeout": null,
    "gridPoints": [
        {
            "finishedAt": 1697809339476,
            "score": 0.38331298331298336,
            "testScoreGibMean": -0.38331298331298336,
            "testScoreMean": 0.38331298331298336,
            "testScoreStd": 0.1032139029382373,
            "trainScoreMean": null,
            "trainScoreStd": null,
            "time": 32,
            "fitTimeMean": 0.3333333333333333,
            "fitTimeStd": 0.4714045207910317,
            "scoreTimeMean": 10.333333333333334,
            "scoreTimeStd": 0.4714045207910317,
            "parameters": {
                "season_length": 52
            }
        },
        {
            "finishedAt": 1697809339512,
            "score": 2.9130240130240135,
            "testScoreGibMean": -2.9130240130240135,
            "testScoreMean": 2.9130240130240135,
            "testScoreStd": 3.6022268672972793,
            "trainScoreMean": null,
            "trainScoreStd": null,
            "time": 31,
            "fitTimeMean": 0.0,
            "fitTimeStd": 0.0,
            "scoreTimeMean": 10.333333333333334,
            "scoreTimeStd": 0.4714045207910317,
            "parameters": {
                "season_length": 3
            }
        },
        {
            "finishedAt": 1697809339549,
            "score": 1.0759768009768012,
            "testScoreGibMean": -1.0759768009768012,
            "testScoreMean": 1.0759768009768012,
            "testScoreStd": 1.2395307222511107,
            "trainScoreMean": null,
            "trainScoreStd": null,
            "time": 32,
            "fitTimeMean": 0.0,
            "fitTimeStd": 0.0,
            "scoreTimeMean": 10.666666666666666,
            "scoreTimeStd": 0.4714045207910317,
            "parameters": {
                "season_length": 13
            }
        }
    ]
}