[
    {
        "test_score_gib": -0.2561660561660562,
        "train_score": null,
        "test_score": 0.2561660561660562,
        "num_samples": 1,
        "fit_time": 0,
        "score_time": 11,
        "time": 11,
        "parameters": {
            "season_length": 52
        },
        "done_at": 1697809339452,
        "split_id": 0
    },
    {
        "test_score_gib": -0.3847985347985348,
        "train_score": null,
        "test_score": 0.3847985347985348,
        "num_samples": 1,
        "fit_time": 0,
        "score_time": 10,
        "time": 10,
        "parameters": {
            "season_length": 52
        },
        "done_at": 1697809339464,
        "split_id": 1
    },
    {
        "test_score_gib": -0.508974358974359,
        "train_score": null,
        "test_score": 0.508974358974359,
        "num_samples": 1,
        "fit_time": 1,
        "score_time": 10,
        "time": 11,
        "parameters": {
            "season_length": 52
        },
        "done_at": 1697809339476,
        "split_id": 2
    },
    {
        "test_score_gib": -8.006837606837607,
        "train_score": null,
        "test_score": 8.006837606837607,
        "num_samples": 1,
        "fit_time": 0,
        "score_time": 11,
        "time": 11,
        "parameters": {
            "season_length": 3
        },
        "done_at": 1697809339489,
        "split_id": 0
    },
    {
        "test_score_gib": -0.304029304029304,
        "train_score": null,
        "test_score": 0.304029304029304,
        "num_samples": 1,
        "fit_time": 0,
        "score_time": 10,
        "time": 10,
        "parameters": {
            "season_length": 3
        },
        "done_at": 1697809339500,
        "split_id": 1
    },
    {
        "test_score_gib": -0.4282051282051282,
        "train_score": null,
        "test_score": 0.4282051282051282,
        "num_samples": 1,
        "fit_time": 0,
        "score_time": 10,
        "time": 10,
        "parameters": {
            "season_length": 3
        },
        "done_at": 1697809339512,
        "split_id": 2
    },
    {
        "test_score_gib": -2.828937728937729,
        "train_score": null,
        "test_score": 2.828937728937729,
        "num_samples": 1,
        "fit_time": 0,
        "score_time": 10,
        "time": 10,
        "parameters": {
            "season_length": 13
        },
        "done_at": 1697809339525,
        "split_id": 0
    },
    {
        "test_score_gib": -0.20027472527472528,
        "train_score": null,
        "test_score": 0.20027472527472528,
        "num_samples": 1,
        "fit_time": 0,
        "score_time": 11,
        "time": 11,
        "parameters": {
            "season_length": 13
        },
        "done_at": 1697809339537,
        "split_id": 1
    },
    {
        "test_score_gib": -0.19871794871794873,
        "train_score": null,
        "test_score": 0.19871794871794873,
        "num_samples": 1,
        "fit_time": 0,
        "score_time": 11,
        "time": 11,
        "parameters": {
            "season_length": 13
        },
        "done_at": 1697809339549,
        "split_id": 2
    }
]