{
    "usedGridSearch": true,
    "gridSize": 3,
    "gridBestScore": 0.38331298331298336,
    "gridCells": [
        {
            "params": {
                "season_length": 52
            },
            "score": 0.38331298331298336,
            "scoreStd": 0.1032139029382373,
            "fitTime": 0.0003333333333333333,
            "fitTimeStd": 0.0004714045207910317,
            "scoreTime": 0.010333333333333333,
            "scoreTimeStd": 0.0004714045207910317
        },
        {
            "params": {
                "season_length": 3
            },
            "score": 2.9130240130240135,
            "scoreStd": 3.6022268672972793,
            "fitTime": 0.0,
            "fitTimeStd": 0.0,
            "scoreTime": 0.010333333333333333,
            "scoreTimeStd": 0.0004714045207910317
        },
        {
            "params": {
                "season_length": 13
            },
            "score": 1.0759768009768012,
            "scoreStd": 1.2395307222511107,
            "fitTime": 0.0,
            "fitTimeStd": 0.0,
            "scoreTime": 0.010666666666666666,
            "scoreTimeStd": 0.0004714045207910317
        }
    ],
    "modelInputNRows": 219,
    "modelInputNCols": 8,
    "modelInputIsSparse": false,
    "modelInputMemory": 14016,
    "totalNbOfTimeseries": 1,
    "minTimeseriesSizeForScoring": 52,
    "maxUsedTimestepsForScoring": 52
}