{
  "state": "DONE",
  "preSearchDescription": {
    "gridLength": 3,
    "searchStrategy": "GRID",
    "importantParams": [
      {
        "name": "Season length",
        "vals": [
          "52",
          "3",
          "13"
        ]
      }
    ]
  },
  "postSearchDescription": {
    "importantParams": [
      {
        "name": "Season length",
        "val": "52"
      }
    ]
  },
  "resumed": false,
  "timeOrderingEnabled": false,
  "sampleWeightsEnabled": false,
  "modelId": "m1",
  "progress": {
    "top_level_todo": [],
    "stack": [],
    "top_level_done": [
      {
        "name": "Loading source dataset",
        "time": 15
      },
      {
        "name": "Time series resampling",
        "time": 20
      },
      {
        "name": "Preparing splits",
        "time": 0
      },
      {
        "name": "Hyperparameter searching",
        "time": 1004
      },
      {
        "name": "Fitting folds",
        "time": 85
      },
      {
        "name": "Fitting model on full data",
        "time": 1
      },
      {
        "name": "Saving model",
        "time": 2
      },
      {
        "name": "Saving data",
        "time": 57
      }
    ]
  },
  "startTime": 1697809338305,
  "endTime": 1697809340598,
  "preprocessingTime": 1132,
  "trainingTime": 1161,
  "hyperparamsSearchTime": 1004,
  "pythonVersion": "3.7.17"
}