{
    "startedAt": 1697809338538,
    "gridSize": 9,
    "nThreads": 1,
    "nSplits": 3,
    "metric": "MAPE",
    "timeout": null,
    "gridPoints": [
        {
            "finishedAt": 1697809338760,
            "score": 3.0791583235059323,
            "testScoreGibMean": -3.0791583235059323,
            "testScoreMean": 3.0791583235059323,
            "testScoreStd": 3.8553180910093108,
            "trainScoreMean": null,
            "trainScoreStd": null,
            "time": 214,
            "fitTimeMean": 27.333333333333332,
            "fitTimeStd": 4.988876515698588,
            "scoreTimeMean": 44.0,
            "scoreTimeStd": 3.7416573867739413,
            "parameters": {
                "low_pass_deg": "1",
                "low_pass_jump": 1,
                "period": 4,
                "seasonal": 7,
                "seasonal_deg": "1",
                "seasonal_jump": 1,
                "trend_deg": "1",
                "trend_jump": 1
            }
        },
        {
            "finishedAt": 1697809338975,
            "score": 3.6134678528946735,
            "testScoreGibMean": -3.6134678528946735,
            "testScoreMean": 3.6134678528946735,
            "testScoreStd": 1.9780098959962182,
            "trainScoreMean": null,
            "trainScoreStd": null,
            "time": 209,
            "fitTimeMean": 26.0,
            "fitTimeStd": 0.0,
            "scoreTimeMean": 43.666666666666664,
            "scoreTimeStd": 1.247219128924647,
            "parameters": {
                "low_pass_deg": "1",
                "low_pass_jump": 1,
                "period": 13,
                "seasonal": 7,
                "seasonal_deg": "1",
                "seasonal_jump": 1,
                "trend_deg": "1",
                "trend_jump": 1
            }
        },
        {
            "finishedAt": 1697809339237,
            "score": 0.34579508326904235,
            "testScoreGibMean": -0.34579508326904235,
            "testScoreMean": 0.34579508326904235,
            "testScoreStd": 0.06881086518814987,
            "trainScoreMean": null,
            "trainScoreStd": null,
            "time": 255,
            "fitTimeMean": 33.333333333333336,
            "fitTimeStd": 2.8674417556808756,
            "scoreTimeMean": 51.666666666666664,
            "scoreTimeStd": 2.357022603955158,
            "parameters": {
                "low_pass_deg": "1",
                "low_pass_jump": 1,
                "period": 52,
                "seasonal": 25,
                "seasonal_deg": "1",
                "seasonal_jump": 1,
                "trend_deg": "1",
                "trend_jump": 1
            }
        },
        {
            "finishedAt": 1697809339474,
            "score": 2.796272784416208,
            "testScoreGibMean": -2.796272784416208,
            "testScoreMean": 2.796272784416208,
            "testScoreStd": 3.226286405594118,
            "trainScoreMean": null,
            "trainScoreStd": null,
            "time": 230,
            "fitTimeMean": 29.0,
            "fitTimeStd": 1.4142135623730951,
            "scoreTimeMean": 47.666666666666664,
            "scoreTimeStd": 2.0548046676563256,
            "parameters": {
                "low_pass_deg": "1",
                "low_pass_jump": 1,
                "period": 4,
                "seasonal": 105,
                "seasonal_deg": "1",
                "seasonal_jump": 1,
                "trend_deg": "1",
                "trend_jump": 1
            }
        },
        {
            "finishedAt": 1697809339701,
            "score": 2.846107723340865,
            "testScoreGibMean": -2.846107723340865,
            "testScoreMean": 2.846107723340865,
            "testScoreStd": 3.2952700361486382,
            "trainScoreMean": null,
            "trainScoreStd": null,
            "time": 220,
            "fitTimeMean": 28.0,
            "fitTimeStd": 2.943920288775949,
            "scoreTimeMean": 45.333333333333336,
            "scoreTimeStd": 1.699673171197595,
            "parameters": {
                "low_pass_deg": "1",
                "low_pass_jump": 1,
                "period": 4,
                "seasonal": 25,
                "seasonal_deg": "1",
                "seasonal_jump": 1,
                "trend_deg": "1",
                "trend_jump": 1
            }
        },
        {
            "finishedAt": 1697809339977,
            "score": 0.3502165383841051,
            "testScoreGibMean": -0.3502165383841051,
            "testScoreMean": 0.3502165383841051,
            "testScoreStd": 0.07217007002203238,
            "trainScoreMean": null,
            "trainScoreStd": null,
            "time": 270,
            "fitTimeMean": 35.666666666666664,
            "fitTimeStd": 1.247219128924647,
            "scoreTimeMean": 54.333333333333336,
            "scoreTimeStd": 1.8856180831641267,
            "parameters": {
                "low_pass_deg": "1",
                "low_pass_jump": 1,
                "period": 52,
                "seasonal": 7,
                "seasonal_deg": "1",
                "seasonal_jump": 1,
                "trend_deg": "1",
                "trend_jump": 1
            }
        },
        {
            "finishedAt": 1697809340222,
            "score": 3.2555807824588654,
            "testScoreGibMean": -3.2555807824588654,
            "testScoreMean": 3.2555807824588654,
            "testScoreStd": 2.318895956828198,
            "trainScoreMean": null,
            "trainScoreStd": null,
            "time": 240,
            "fitTimeMean": 30.333333333333332,
            "fitTimeStd": 2.0548046676563256,
            "scoreTimeMean": 49.666666666666664,
            "scoreTimeStd": 2.494438257849294,
            "parameters": {
                "low_pass_deg": "1",
                "low_pass_jump": 1,
                "period": 13,
                "seasonal": 25,
                "seasonal_deg": "1",
                "seasonal_jump": 1,
                "trend_deg": "1",
                "trend_jump": 1
            }
        },
        {
            "finishedAt": 1697809340461,
            "score": 3.1199033916498107,
            "testScoreGibMean": -3.1199033916498107,
            "testScoreMean": 3.1199033916498107,
            "testScoreStd": 2.4878049392312143,
            "trainScoreMean": null,
            "trainScoreStd": null,
            "time": 234,
            "fitTimeMean": 29.666666666666668,
            "fitTimeStd": 1.247219128924647,
            "scoreTimeMean": 48.333333333333336,
            "scoreTimeStd": 0.4714045207910317,
            "parameters": {
                "low_pass_deg": "1",
                "low_pass_jump": 1,
                "period": 13,
                "seasonal": 105,
                "seasonal_deg": "1",
                "seasonal_jump": 1,
                "trend_deg": "1",
                "trend_jump": 1
            }
        },
        {
            "finishedAt": 1697809340730,
            "score": 0.34606199486527417,
            "testScoreGibMean": -0.34606199486527417,
            "testScoreMean": 0.34606199486527417,
            "testScoreStd": 0.06877492474354724,
            "trainScoreMean": null,
            "trainScoreStd": null,
            "time": 263,
            "fitTimeMean": 34.666666666666664,
            "fitTimeStd": 3.0912061651652345,
            "scoreTimeMean": 53.0,
            "scoreTimeStd": 3.265986323710904,
            "parameters": {
                "low_pass_deg": "1",
                "low_pass_jump": 1,
                "period": 52,
                "seasonal": 105,
                "seasonal_deg": "1",
                "seasonal_jump": 1,
                "trend_deg": "1",
                "trend_jump": 1
            }
        }
    ]
}