[
    {
        "test_score_gib": -8.531301162117106,
        "train_score": null,
        "test_score": 8.531301162117106,
        "num_samples": 1,
        "fit_time": 22,
        "score_time": 39,
        "time": 61,
        "parameters": {
            "low_pass_deg": "1",
            "low_pass_jump": 1,
            "period": 4,
            "seasonal": 7,
            "seasonal_deg": "1",
            "seasonal_jump": 1,
            "trend_deg": "1",
            "trend_jump": 1
        },
        "done_at": 1697809338602,
        "split_id": 0
    },
    {
        "test_score_gib": -0.38172647178062236,
        "train_score": null,
        "test_score": 0.38172647178062236,
        "num_samples": 1,
        "fit_time": 26,
        "score_time": 48,
        "time": 74,
        "parameters": {
            "low_pass_deg": "1",
            "low_pass_jump": 1,
            "period": 4,
            "seasonal": 7,
            "seasonal_deg": "1",
            "seasonal_jump": 1,
            "trend_deg": "1",
            "trend_jump": 1
        },
        "done_at": 1697809338678,
        "split_id": 1
    },
    {
        "test_score_gib": -0.3244473366200681,
        "train_score": null,
        "test_score": 0.3244473366200681,
        "num_samples": 1,
        "fit_time": 34,
        "score_time": 45,
        "time": 79,
        "parameters": {
            "low_pass_deg": "1",
            "low_pass_jump": 1,
            "period": 4,
            "seasonal": 7,
            "seasonal_deg": "1",
            "seasonal_jump": 1,
            "trend_deg": "1",
            "trend_jump": 1
        },
        "done_at": 1697809338760,
        "split_id": 2
    },
    {
        "test_score_gib": -6.266686428914695,
        "train_score": null,
        "test_score": 6.266686428914695,
        "num_samples": 1,
        "fit_time": 26,
        "score_time": 42,
        "time": 68,
        "parameters": {
            "low_pass_deg": "1",
            "low_pass_jump": 1,
            "period": 13,
            "seasonal": 7,
            "seasonal_deg": "1",
            "seasonal_jump": 1,
            "trend_deg": "1",
            "trend_jump": 1
        },
        "done_at": 1697809338831,
        "split_id": 0
    },
    {
        "test_score_gib": -3.0543923516883265,
        "train_score": null,
        "test_score": 3.0543923516883265,
        "num_samples": 1,
        "fit_time": 26,
        "score_time": 44,
        "time": 70,
        "parameters": {
            "low_pass_deg": "1",
            "low_pass_jump": 1,
            "period": 13,
            "seasonal": 7,
            "seasonal_deg": "1",
            "seasonal_jump": 1,
            "trend_deg": "1",
            "trend_jump": 1
        },
        "done_at": 1697809338902,
        "split_id": 1
    },
    {
        "test_score_gib": -1.5193247780809989,
        "train_score": null,
        "test_score": 1.5193247780809989,
        "num_samples": 1,
        "fit_time": 26,
        "score_time": 45,
        "time": 71,
        "parameters": {
            "low_pass_deg": "1",
            "low_pass_jump": 1,
            "period": 13,
            "seasonal": 7,
            "seasonal_deg": "1",
            "seasonal_jump": 1,
            "trend_deg": "1",
            "trend_jump": 1
        },
        "done_at": 1697809338975,
        "split_id": 2
    },
    {
        "test_score_gib": -0.2514760166835067,
        "train_score": null,
        "test_score": 0.2514760166835067,
        "num_samples": 1,
        "fit_time": 30,
        "score_time": 50,
        "time": 80,
        "parameters": {
            "low_pass_deg": "1",
            "low_pass_jump": 1,
            "period": 52,
            "seasonal": 25,
            "seasonal_deg": "1",
            "seasonal_jump": 1,
            "trend_deg": "1",
            "trend_jump": 1
        },
        "done_at": 1697809339058,
        "split_id": 0
    },
    {
        "test_score_gib": -0.4136992064767152,
        "train_score": null,
        "test_score": 0.4136992064767152,
        "num_samples": 1,
        "fit_time": 33,
        "score_time": 50,
        "time": 83,
        "parameters": {
            "low_pass_deg": "1",
            "low_pass_jump": 1,
            "period": 52,
            "seasonal": 25,
            "seasonal_deg": "1",
            "seasonal_jump": 1,
            "trend_deg": "1",
            "trend_jump": 1
        },
        "done_at": 1697809339143,
        "split_id": 1
    },
    {
        "test_score_gib": -0.37221002664690495,
        "train_score": null,
        "test_score": 0.37221002664690495,
        "num_samples": 1,
        "fit_time": 37,
        "score_time": 55,
        "time": 92,
        "parameters": {
            "low_pass_deg": "1",
            "low_pass_jump": 1,
            "period": 52,
            "seasonal": 25,
            "seasonal_deg": "1",
            "seasonal_jump": 1,
            "trend_deg": "1",
            "trend_jump": 1
        },
        "done_at": 1697809339237,
        "split_id": 2
    },
    {
        "test_score_gib": -7.358912103539625,
        "train_score": null,
        "test_score": 7.358912103539625,
        "num_samples": 1,
        "fit_time": 27,
        "score_time": 45,
        "time": 72,
        "parameters": {
            "low_pass_deg": "1",
            "low_pass_jump": 1,
            "period": 4,
            "seasonal": 105,
            "seasonal_deg": "1",
            "seasonal_jump": 1,
            "trend_deg": "1",
            "trend_jump": 1
        },
        "done_at": 1697809339312,
        "split_id": 0
    },
    {
        "test_score_gib": -0.5036487419048012,
        "train_score": null,
        "test_score": 0.5036487419048012,
        "num_samples": 1,
        "fit_time": 30,
        "score_time": 50,
        "time": 80,
        "parameters": {
            "low_pass_deg": "1",
            "low_pass_jump": 1,
            "period": 4,
            "seasonal": 105,
            "seasonal_deg": "1",
            "seasonal_jump": 1,
            "trend_deg": "1",
            "trend_jump": 1
        },
        "done_at": 1697809339393,
        "split_id": 1
    },
    {
        "test_score_gib": -0.5262575078041979,
        "train_score": null,
        "test_score": 0.5262575078041979,
        "num_samples": 1,
        "fit_time": 30,
        "score_time": 48,
        "time": 78,
        "parameters": {
            "low_pass_deg": "1",
            "low_pass_jump": 1,
            "period": 4,
            "seasonal": 105,
            "seasonal_deg": "1",
            "seasonal_jump": 1,
            "trend_deg": "1",
            "trend_jump": 1
        },
        "done_at": 1697809339474,
        "split_id": 2
    },
    {
        "test_score_gib": -7.506292568700473,
        "train_score": null,
        "test_score": 7.506292568700473,
        "num_samples": 1,
        "fit_time": 25,
        "score_time": 43,
        "time": 68,
        "parameters": {
            "low_pass_deg": "1",
            "low_pass_jump": 1,
            "period": 4,
            "seasonal": 25,
            "seasonal_deg": "1",
            "seasonal_jump": 1,
            "trend_deg": "1",
            "trend_jump": 1
        },
        "done_at": 1697809339545,
        "split_id": 0
    },
    {
        "test_score_gib": -0.5306721086033894,
        "train_score": null,
        "test_score": 0.5306721086033894,
        "num_samples": 1,
        "fit_time": 27,
        "score_time": 46,
        "time": 73,
        "parameters": {
            "low_pass_deg": "1",
            "low_pass_jump": 1,
            "period": 4,
            "seasonal": 25,
            "seasonal_deg": "1",
            "seasonal_jump": 1,
            "trend_deg": "1",
            "trend_jump": 1
        },
        "done_at": 1697809339619,
        "split_id": 1
    },
    {
        "test_score_gib": -0.5013584927187325,
        "train_score": null,
        "test_score": 0.5013584927187325,
        "num_samples": 1,
        "fit_time": 32,
        "score_time": 47,
        "time": 79,
        "parameters": {
            "low_pass_deg": "1",
            "low_pass_jump": 1,
            "period": 4,
            "seasonal": 25,
            "seasonal_deg": "1",
            "seasonal_jump": 1,
            "trend_deg": "1",
            "trend_jump": 1
        },
        "done_at": 1697809339701,
        "split_id": 2
    },
    {
        "test_score_gib": -0.2493043716221626,
        "train_score": null,
        "test_score": 0.2493043716221626,
        "num_samples": 1,
        "fit_time": 34,
        "score_time": 53,
        "time": 87,
        "parameters": {
            "low_pass_deg": "1",
            "low_pass_jump": 1,
            "period": 52,
            "seasonal": 7,
            "seasonal_deg": "1",
            "seasonal_jump": 1,
            "trend_deg": "1",
            "trend_jump": 1
        },
        "done_at": 1697809339790,
        "split_id": 0
    },
    {
        "test_score_gib": -0.4139138248839403,
        "train_score": null,
        "test_score": 0.4139138248839403,
        "num_samples": 1,
        "fit_time": 36,
        "score_time": 53,
        "time": 89,
        "parameters": {
            "low_pass_deg": "1",
            "low_pass_jump": 1,
            "period": 52,
            "seasonal": 7,
            "seasonal_deg": "1",
            "seasonal_jump": 1,
            "trend_deg": "1",
            "trend_jump": 1
        },
        "done_at": 1697809339881,
        "split_id": 1
    },
    {
        "test_score_gib": -0.38743141864621244,
        "train_score": null,
        "test_score": 0.38743141864621244,
        "num_samples": 1,
        "fit_time": 37,
        "score_time": 57,
        "time": 94,
        "parameters": {
            "low_pass_deg": "1",
            "low_pass_jump": 1,
            "period": 52,
            "seasonal": 7,
            "seasonal_deg": "1",
            "seasonal_jump": 1,
            "trend_deg": "1",
            "trend_jump": 1
        },
        "done_at": 1697809339977,
        "split_id": 2
    },
    {
        "test_score_gib": -6.525785724094442,
        "train_score": null,
        "test_score": 6.525785724094442,
        "num_samples": 1,
        "fit_time": 28,
        "score_time": 47,
        "time": 75,
        "parameters": {
            "low_pass_deg": "1",
            "low_pass_jump": 1,
            "period": 13,
            "seasonal": 25,
            "seasonal_deg": "1",
            "seasonal_jump": 1,
            "trend_deg": "1",
            "trend_jump": 1
        },
        "done_at": 1697809340055,
        "split_id": 0
    },
    {
        "test_score_gib": -1.8331692086440579,
        "train_score": null,
        "test_score": 1.8331692086440579,
        "num_samples": 1,
        "fit_time": 30,
        "score_time": 49,
        "time": 79,
        "parameters": {
            "low_pass_deg": "1",
            "low_pass_jump": 1,
            "period": 13,
            "seasonal": 25,
            "seasonal_deg": "1",
            "seasonal_jump": 1,
            "trend_deg": "1",
            "trend_jump": 1
        },
        "done_at": 1697809340135,
        "split_id": 1
    },
    {
        "test_score_gib": -1.4077874146380946,
        "train_score": null,
        "test_score": 1.4077874146380946,
        "num_samples": 1,
        "fit_time": 33,
        "score_time": 53,
        "time": 86,
        "parameters": {
            "low_pass_deg": "1",
            "low_pass_jump": 1,
            "period": 13,
            "seasonal": 25,
            "seasonal_deg": "1",
            "seasonal_jump": 1,
            "trend_deg": "1",
            "trend_jump": 1
        },
        "done_at": 1697809340222,
        "split_id": 2
    },
    {
        "test_score_gib": -6.631715206898952,
        "train_score": null,
        "test_score": 6.631715206898952,
        "num_samples": 1,
        "fit_time": 30,
        "score_time": 48,
        "time": 78,
        "parameters": {
            "low_pass_deg": "1",
            "low_pass_jump": 1,
            "period": 13,
            "seasonal": 105,
            "seasonal_deg": "1",
            "seasonal_jump": 1,
            "trend_deg": "1",
            "trend_jump": 1
        },
        "done_at": 1697809340302,
        "split_id": 0
    },
    {
        "test_score_gib": -1.5487769585407878,
        "train_score": null,
        "test_score": 1.5487769585407878,
        "num_samples": 1,
        "fit_time": 31,
        "score_time": 48,
        "time": 79,
        "parameters": {
            "low_pass_deg": "1",
            "low_pass_jump": 1,
            "period": 13,
            "seasonal": 105,
            "seasonal_deg": "1",
            "seasonal_jump": 1,
            "trend_deg": "1",
            "trend_jump": 1
        },
        "done_at": 1697809340382,
        "split_id": 1
    },
    {
        "test_score_gib": -1.1792180095096938,
        "train_score": null,
        "test_score": 1.1792180095096938,
        "num_samples": 1,
        "fit_time": 28,
        "score_time": 49,
        "time": 77,
        "parameters": {
            "low_pass_deg": "1",
            "low_pass_jump": 1,
            "period": 13,
            "seasonal": 105,
            "seasonal_deg": "1",
            "seasonal_jump": 1,
            "trend_deg": "1",
            "trend_jump": 1
        },
        "done_at": 1697809340461,
        "split_id": 2
    },
    {
        "test_score_gib": -0.25255429342300784,
        "train_score": null,
        "test_score": 0.25255429342300784,
        "num_samples": 1,
        "fit_time": 32,
        "score_time": 49,
        "time": 81,
        "parameters": {
            "low_pass_deg": "1",
            "low_pass_jump": 1,
            "period": 52,
            "seasonal": 105,
            "seasonal_deg": "1",
            "seasonal_jump": 1,
            "trend_deg": "1",
            "trend_jump": 1
        },
        "done_at": 1697809340545,
        "split_id": 0
    },
    {
        "test_score_gib": -0.4159938036168048,
        "train_score": null,
        "test_score": 0.4159938036168048,
        "num_samples": 1,
        "fit_time": 33,
        "score_time": 53,
        "time": 86,
        "parameters": {
            "low_pass_deg": "1",
            "low_pass_jump": 1,
            "period": 52,
            "seasonal": 105,
            "seasonal_deg": "1",
            "seasonal_jump": 1,
            "trend_deg": "1",
            "trend_jump": 1
        },
        "done_at": 1697809340632,
        "split_id": 1
    },
    {
        "test_score_gib": -0.3696378875560098,
        "train_score": null,
        "test_score": 0.3696378875560098,
        "num_samples": 1,
        "fit_time": 39,
        "score_time": 57,
        "time": 96,
        "parameters": {
            "low_pass_deg": "1",
            "low_pass_jump": 1,
            "period": 52,
            "seasonal": 105,
            "seasonal_deg": "1",
            "seasonal_jump": 1,
            "trend_deg": "1",
            "trend_jump": 1
        },
        "done_at": 1697809340730,
        "split_id": 2
    }
]