{
    "usedGridSearch": true,
    "gridSize": 9,
    "gridBestScore": 0.34579508326904235,
    "gridCells": [
        {
            "params": {
                "low_pass_deg": "1",
                "low_pass_jump": 1,
                "period": 4,
                "seasonal": 7,
                "seasonal_deg": "1",
                "seasonal_jump": 1,
                "trend_deg": "1",
                "trend_jump": 1
            },
            "score": 3.0791583235059323,
            "scoreStd": 3.8553180910093108,
            "fitTime": 0.02733333333333333,
            "fitTimeStd": 0.004988876515698588,
            "scoreTime": 0.044,
            "scoreTimeStd": 0.0037416573867739412
        },
        {
            "params": {
                "low_pass_deg": "1",
                "low_pass_jump": 1,
                "period": 13,
                "seasonal": 7,
                "seasonal_deg": "1",
                "seasonal_jump": 1,
                "trend_deg": "1",
                "trend_jump": 1
            },
            "score": 3.6134678528946735,
            "scoreStd": 1.9780098959962182,
            "fitTime": 0.026,
            "fitTimeStd": 0.0,
            "scoreTime": 0.043666666666666666,
            "scoreTimeStd": 0.001247219128924647
        },
        {
            "params": {
                "low_pass_deg": "1",
                "low_pass_jump": 1,
                "period": 52,
                "seasonal": 25,
                "seasonal_deg": "1",
                "seasonal_jump": 1,
                "trend_deg": "1",
                "trend_jump": 1
            },
            "score": 0.34579508326904235,
            "scoreStd": 0.06881086518814987,
            "fitTime": 0.03333333333333333,
            "fitTimeStd": 0.0028674417556808756,
            "scoreTime": 0.051666666666666666,
            "scoreTimeStd": 0.002357022603955158
        },
        {
            "params": {
                "low_pass_deg": "1",
                "low_pass_jump": 1,
                "period": 4,
                "seasonal": 105,
                "seasonal_deg": "1",
                "seasonal_jump": 1,
                "trend_deg": "1",
                "trend_jump": 1
            },
            "score": 2.796272784416208,
            "scoreStd": 3.226286405594118,
            "fitTime": 0.029,
            "fitTimeStd": 0.0014142135623730952,
            "scoreTime": 0.04766666666666666,
            "scoreTimeStd": 0.0020548046676563255
        },
        {
            "params": {
                "low_pass_deg": "1",
                "low_pass_jump": 1,
                "period": 4,
                "seasonal": 25,
                "seasonal_deg": "1",
                "seasonal_jump": 1,
                "trend_deg": "1",
                "trend_jump": 1
            },
            "score": 2.846107723340865,
            "scoreStd": 3.2952700361486382,
            "fitTime": 0.028,
            "fitTimeStd": 0.002943920288775949,
            "scoreTime": 0.04533333333333334,
            "scoreTimeStd": 0.001699673171197595
        },
        {
            "params": {
                "low_pass_deg": "1",
                "low_pass_jump": 1,
                "period": 52,
                "seasonal": 7,
                "seasonal_deg": "1",
                "seasonal_jump": 1,
                "trend_deg": "1",
                "trend_jump": 1
            },
            "score": 0.3502165383841051,
            "scoreStd": 0.07217007002203238,
            "fitTime": 0.035666666666666666,
            "fitTimeStd": 0.001247219128924647,
            "scoreTime": 0.05433333333333334,
            "scoreTimeStd": 0.0018856180831641268
        },
        {
            "params": {
                "low_pass_deg": "1",
                "low_pass_jump": 1,
                "period": 13,
                "seasonal": 25,
                "seasonal_deg": "1",
                "seasonal_jump": 1,
                "trend_deg": "1",
                "trend_jump": 1
            },
            "score": 3.2555807824588654,
            "scoreStd": 2.318895956828198,
            "fitTime": 0.030333333333333334,
            "fitTimeStd": 0.0020548046676563255,
            "scoreTime": 0.049666666666666665,
            "scoreTimeStd": 0.002494438257849294
        },
        {
            "params": {
                "low_pass_deg": "1",
                "low_pass_jump": 1,
                "period": 13,
                "seasonal": 105,
                "seasonal_deg": "1",
                "seasonal_jump": 1,
                "trend_deg": "1",
                "trend_jump": 1
            },
            "score": 3.1199033916498107,
            "scoreStd": 2.4878049392312143,
            "fitTime": 0.029666666666666668,
            "fitTimeStd": 0.001247219128924647,
            "scoreTime": 0.04833333333333333,
            "scoreTimeStd": 0.0004714045207910317
        },
        {
            "params": {
                "low_pass_deg": "1",
                "low_pass_jump": 1,
                "period": 52,
                "seasonal": 105,
                "seasonal_deg": "1",
                "seasonal_jump": 1,
                "trend_deg": "1",
                "trend_jump": 1
            },
            "score": 0.34606199486527417,
            "scoreStd": 0.06877492474354724,
            "fitTime": 0.034666666666666665,
            "fitTimeStd": 0.0030912061651652343,
            "scoreTime": 0.053,
            "scoreTimeStd": 0.0032659863237109042
        }
    ],
    "modelInputNRows": 219,
    "modelInputNCols": 8,
    "modelInputIsSparse": false,
    "modelInputMemory": 14016,
    "totalNbOfTimeseries": 1,
    "minTimeseriesSizeForScoring": 52,
    "maxUsedTimestepsForScoring": 52
}