{
  "state": "DONE",
  "preSearchDescription": {
    "gridLength": 9,
    "searchStrategy": "GRID",
    "importantParams": [
      {
        "name": "Season length",
        "vals": [
          "4",
          "13",
          "52"
        ]
      },
      {
        "name": "Seasonal smoother length",
        "vals": [
          "7",
          "25",
          "105"
        ]
      },
      {
        "name": "Degree of seasonal LOESS",
        "vals": [
          "1"
        ]
      },
      {
        "name": "Degree of trend LOESS",
        "vals": [
          "1"
        ]
      },
      {
        "name": "Degree of low pass LOESS",
        "vals": [
          "1"
        ]
      },
      {
        "name": "Seasonal jump",
        "vals": [
          "1"
        ]
      },
      {
        "name": "Trend jump",
        "vals": [
          "1"
        ]
      },
      {
        "name": "Low pass jump",
        "vals": [
          "1"
        ]
      }
    ]
  },
  "postSearchDescription": {
    "importantParams": [
      {
        "name": "Season length",
        "val": "52"
      },
      {
        "name": "Seasonal smoother length",
        "val": "25"
      },
      {
        "name": "Degree of seasonal LOESS",
        "val": "1"
      },
      {
        "name": "Degree of trend LOESS",
        "val": "1"
      },
      {
        "name": "Degree of low pass LOESS",
        "val": "1"
      },
      {
        "name": "Seasonal jump",
        "val": "1"
      },
      {
        "name": "Trend jump",
        "val": "1"
      },
      {
        "name": "Low pass jump",
        "val": "1"
      }
    ]
  },
  "resumed": false,
  "timeOrderingEnabled": false,
  "sampleWeightsEnabled": false,
  "modelId": "m1",
  "progress": {
    "top_level_todo": [],
    "stack": [],
    "top_level_done": [
      {
        "name": "Loading source dataset",
        "time": 15
      },
      {
        "name": "Time series resampling",
        "time": 20
      },
      {
        "name": "Preparing splits",
        "time": 1
      },
      {
        "name": "Hyperparameter searching",
        "time": 3013
      },
      {
        "name": "Fitting folds",
        "time": 537
      },
      {
        "name": "Fitting model on full data",
        "time": 37
      },
      {
        "name": "Saving model",
        "time": 10
      },
      {
        "name": "Saving data",
        "time": 59
      }
    ]
  },
  "startTime": 1697809338305,
  "endTime": 1697809342207,
  "preprocessingTime": 231,
  "trainingTime": 3671,
  "hyperparamsSearchTime": 3013,
  "pythonVersion": "3.7.17"
}